timestamp,hour,day,month,day_of_week,is_weekend,temperature,humidity,occupancy,appliance_usage,consumption_kwh,previous_consumption,consumption_level
2025-01-01 00:00:00,0,1,1,2,0,5.7,72.8,2,2,4.95,3.0,LOW
2025-01-01 01:00:00,1,1,1,2,0,3.3,55.4,2,0,3.5,4.95,LOW
2025-01-01 02:00:00,2,1,1,2,0,4.8,64.1,3,1,2.94,3.5,LOW
2025-01-01 03:00:00,3,1,1,2,0,6.8,65.0,2,1,2.98,2.94,LOW
2025-01-01 04:00:00,4,1,1,2,0,2.6,67.1,2,1,2.59,2.98,LOW
2025-01-01 05:00:00,5,1,1,2,0,3.1,67.8,3,3,3.38,2.59,LOW
2025-01-01 06:00:00,6,1,1,2,0,8.4,68.3,2,5,6.87,3.38,MEDIUM
2025-01-01 07:00:00,7,1,1,2,0,7.4,64.8,4,0,6.19,6.87,LOW
2025-01-01 08:00:00,8,1,1,2,0,5.5,63.6,6,0,8.91,6.19,MEDIUM
2025-01-01 09:00:00,9,1,1,2,0,9.4,61.8,1,2,7.75,8.91,MEDIUM
2025-01-01 10:00:00,10,1,1,2,0,8.1,61.1,4,2,9.07,7.75,MEDIUM
2025-01-01 11:00:00,11,1,1,2,0,9.3,69.0,2,3,9.77,9.07,MEDIUM
2025-01-01 12:00:00,12,1,1,2,0,12.1,59.3,1,1,6.9,9.77,MEDIUM
2025-01-01 13:00:00,13,1,1,2,0,7.5,70.1,3,4,10.15,6.9,MEDIUM
2025-01-01 14:00:00,14,1,1,2,0,8.5,64.7,4,2,10.22,10.15,MEDIUM
2025-01-01 15:00:00,15,1,1,2,0,11.6,60.2,1,0,6.58,10.22,MEDIUM
2025-01-01 16:00:00,16,1,1,2,0,10.3,67.6,2,4,8.78,6.58,MEDIUM
2025-01-01 17:00:00,17,1,1,2,0,13.1,58.4,1,8,14.71,8.78,HIGH
2025-01-01 18:00:00,18,1,1,2,0,9.3,68.1,6,10,23.73,14.71,HIGH
2025-01-01 19:00:00,19,1,1,2,0,7.0,66.5,5,4,21.17,23.73,HIGH
2025-01-01 20:00:00,20,1,1,2,0,13.0,59.2,4,6,20.27,21.17,HIGH
2025-01-01 21:00:00,21,1,1,2,0,7.4,68.2,6,5,20.92,20.27,HIGH
2025-01-01 22:00:00,22,1,1,2,0,6.9,68.5,4,5,15.89,20.92,HIGH
2025-01-01 23:00:00,23,1,1,2,0,1.9,74.2,2,2,10.82,15.89,MEDIUM
2025-01-02 00:00:00,0,2,1,3,0,3.1,72.6,4,0,8.36,10.82,MEDIUM
2025-01-02 01:00:00,1,2,1,3,0,3.9,69.4,2,3,5.97,8.36,LOW
2025-01-02 02:00:00,2,2,1,3,0,0.3,61.1,4,5,6.37,5.97,MEDIUM
2025-01-02 03:00:00,3,2,1,3,0,3.9,81.1,2,1,5.26,6.37,LOW
2025-01-02 04:00:00,4,2,1,3,0,1.7,58.9,4,4,5.94,5.26,LOW
2025-01-02 05:00:00,5,2,1,3,0,2.9,72.5,2,2,4.3,5.94,LOW
2025-01-02 06:00:00,6,2,1,3,0,3.0,69.4,4,1,5.9,4.3,LOW
2025-01-02 07:00:00,7,2,1,3,0,10.1,56.9,5,2,6.57,5.9,MEDIUM
2025-01-02 08:00:00,8,2,1,3,0,6.7,64.6,4,4,10.07,6.57,MEDIUM
2025-01-02 09:00:00,9,2,1,3,0,5.4,65.4,2,1,8.6,10.07,MEDIUM
2025-01-02 10:00:00,10,2,1,3,0,11.4,71.3,2,4,10.1,8.6,MEDIUM
2025-01-02 11:00:00,11,2,1,3,0,7.4,60.8,1,2,8.63,10.1,MEDIUM
2025-01-02 12:00:00,12,2,1,3,0,12.1,61.6,2,1,7.06,8.63,MEDIUM
2025-01-02 13:00:00,13,2,1,3,0,7.4,51.0,2,2,8.0,7.06,MEDIUM
2025-01-02 14:00:00,14,2,1,3,0,9.5,74.6,1,1,6.46,8.0,MEDIUM
2025-01-02 15:00:00,15,2,1,3,0,13.5,56.2,1,4,7.67,6.46,MEDIUM
2025-01-02 16:00:00,16,2,1,3,0,14.7,64.1,3,1,6.92,7.67,MEDIUM
2025-01-02 17:00:00,17,2,1,3,0,12.8,62.3,2,5,12.15,6.92,HIGH
2025-01-02 18:00:00,18,2,1,3,0,11.2,62.9,6,3,15.23,12.15,HIGH
2025-01-02 19:00:00,19,2,1,3,0,9.7,69.0,6,6,20.34,15.23,HIGH
2025-01-02 20:00:00,20,2,1,3,0,5.6,75.8,6,7,24.07,20.34,HIGH
2025-01-02 21:00:00,21,2,1,3,0,6.2,67.0,4,4,21.05,24.07,HIGH
2025-01-02 22:00:00,22,2,1,3,0,5.6,69.7,4,5,15.85,21.05,HIGH
2025-01-02 23:00:00,23,2,1,3,0,8.1,66.7,2,2,9.91,15.85,MEDIUM
2025-01-03 00:00:00,0,3,1,4,0,5.3,72.0,3,1,7.22,9.91,MEDIUM
2025-01-03 01:00:00,1,3,1,4,0,-0.7,65.5,4,1,5.31,7.22,LOW
2025-01-03 02:00:00,2,3,1,4,0,4.0,72.9,3,3,5.42,5.31,LOW
2025-01-03 03:00:00,3,3,1,4,0,2.0,73.9,3,0,4.12,5.42,LOW
2025-01-03 04:00:00,4,3,1,4,0,1.5,73.9,4,5,5.7,4.12,LOW
2025-01-03 05:00:00,5,3,1,4,0,5.2,62.0,4,0,4.81,5.7,LOW
2025-01-03 06:00:00,6,3,1,4,0,7.0,64.2,2,1,4.65,4.81,LOW
2025-01-03 07:00:00,7,3,1,4,0,7.8,66.3,4,3,7.45,4.65,MEDIUM
2025-01-03 08:00:00,8,3,1,4,0,4.6,57.9,6,0,8.84,7.45,MEDIUM
2025-01-03 09:00:00,9,3,1,4,0,7.2,74.7,2,1,8.03,8.84,MEDIUM
2025-01-03 10:00:00,10,3,1,4,0,10.1,63.9,1,1,6.19,8.03,LOW
2025-01-03 11:00:00,11,3,1,4,0,12.9,64.5,2,0,5.17,6.19,LOW
2025-01-03 12:00:00,12,3,1,4,0,10.3,60.4,3,5,9.49,5.17,MEDIUM
2025-01-03 13:00:00,13,3,1,4,0,11.9,55.3,1,3,8.8,9.49,MEDIUM
2025-01-03 14:00:00,14,3,1,4,0,10.1,60.3,1,2,8.06,8.8,MEDIUM
2025-01-03 15:00:00,15,3,1,4,0,10.0,65.3,2,1,7.73,8.06,MEDIUM
2025-01-03 16:00:00,16,3,1,4,0,14.9,66.1,2,4,8.89,7.73,MEDIUM
2025-01-03 17:00:00,17,3,1,4,0,15.7,62.7,1,1,7.0,8.89,MEDIUM
2025-01-03 18:00:00,18,3,1,4,0,11.4,65.5,4,4,11.93,7.0,HIGH
2025-01-03 19:00:00,19,3,1,4,0,13.0,60.8,5,2,12.6,11.93,HIGH
2025-01-03 20:00:00,20,3,1,4,0,10.2,66.9,4,4,14.99,12.6,HIGH
2025-01-03 21:00:00,21,3,1,4,0,6.4,74.3,6,3,16.91,14.99,HIGH
2025-01-03 22:00:00,22,3,1,4,0,7.6,69.2,6,4,14.31,16.91,HIGH
2025-01-03 23:00:00,23,3,1,4,0,9.3,69.1,2,2,9.68,14.31,MEDIUM
2025-01-04 00:00:00,0,4,1,5,1,4.4,68.0,3,1,8.66,9.68,MEDIUM
2025-01-04 01:00:00,1,4,1,5,1,7.6,55.9,2,3,5.8,8.66,LOW
2025-01-04 02:00:00,2,4,1,5,1,-3.4,63.1,5,6,7.48,5.8,MEDIUM
2025-01-04 03:00:00,3,4,1,5,1,5.1,68.7,3,2,6.2,7.48,LOW
2025-01-04 04:00:00,4,4,1,5,1,3.4,66.6,2,5,6.37,6.2,MEDIUM
2025-01-04 05:00:00,5,4,1,5,1,2.9,69.5,3,3,6.2,6.37,LOW
2025-01-04 06:00:00,6,4,1,5,1,4.7,76.2,5,3,9.25,6.2,MEDIUM
2025-01-04 07:00:00,7,4,1,5,1,0.5,72.2,5,4,11.96,9.25,HIGH
2025-01-04 08:00:00,8,4,1,5,1,6.2,73.1,5,3,14.03,11.96,HIGH
2025-01-04 09:00:00,9,4,1,5,1,8.9,65.0,5,4,15.51,14.03,HIGH
2025-01-04 10:00:00,10,4,1,5,1,13.0,58.0,5,1,12.58,15.51,HIGH
2025-01-04 11:00:00,11,4,1,5,1,9.2,64.0,4,3,12.87,12.58,HIGH
2025-01-04 12:00:00,12,4,1,5,1,9.5,59.4,5,4,13.75,12.87,HIGH
2025-01-04 13:00:00,13,4,1,5,1,11.1,72.9,4,5,15.19,13.75,HIGH
2025-01-04 14:00:00,14,4,1,5,1,15.1,66.7,6,3,13.87,15.19,HIGH
2025-01-04 15:00:00,15,4,1,5,1,13.8,65.6,6,2,13.42,13.87,HIGH
2025-01-04 16:00:00,16,4,1,5,1,11.5,70.8,6,4,15.58,13.42,HIGH
2025-01-04 17:00:00,17,4,1,5,1,13.6,50.4,6,2,15.32,15.58,HIGH
2025-01-04 18:00:00,18,4,1,5,1,11.8,66.8,4,7,20.76,15.32,HIGH
2025-01-04 19:00:00,19,4,1,5,1,12.9,55.0,6,4,21.07,20.76,HIGH
2025-01-04 20:00:00,20,4,1,5,1,7.5,65.0,8,6,26.61,21.07,HIGH
2025-01-04 21:00:00,21,4,1,5,1,7.2,63.2,7,5,26.57,26.61,HIGH
2025-01-04 22:00:00,22,4,1,5,1,5.7,69.7,4,2,17.35,26.57,HIGH
2025-01-04 23:00:00,23,4,1,5,1,1.8,68.6,2,4,13.46,17.35,HIGH
2025-01-05 00:00:00,0,5,1,6,1,5.2,74.0,2,1,10.02,13.46,MEDIUM
2025-01-05 01:00:00,1,5,1,6,1,4.3,62.7,4,3,7.83,10.02,MEDIUM
2025-01-05 02:00:00,2,5,1,6,1,3.2,71.0,4,4,7.04,7.83,MEDIUM
2025-01-05 03:00:00,3,5,1,6,1,2.4,68.0,2,3,6.13,7.04,LOW
2025-01-05 04:00:00,4,5,1,6,1,-0.4,58.3,4,5,6.62,6.13,MEDIUM
2025-01-05 05:00:00,5,5,1,6,1,2.6,61.4,2,4,5.91,6.62,LOW
2025-01-05 06:00:00,6,5,1,6,1,3.6,65.7,2,4,8.88,5.91,MEDIUM
2025-01-05 07:00:00,7,5,1,6,1,3.5,73.3,6,2,10.91,8.88,MEDIUM
2025-01-05 08:00:00,8,5,1,6,1,6.3,68.3,5,2,12.21,10.91,HIGH
2025-01-05 09:00:00,9,5,1,6,1,9.0,57.4,5,1,11.51,12.21,HIGH
2025-01-05 10:00:00,10,5,1,6,1,14.0,61.6,4,1,9.66,11.51,MEDIUM
2025-01-05 11:00:00,11,5,1,6,1,10.9,75.7,7,3,13.56,9.66,HIGH
2025-01-05 12:00:00,12,5,1,6,1,12.2,63.8,4,1,11.05,13.56,HIGH
2025-01-05 13:00:00,13,5,1,6,1,12.1,61.2,4,4,13.15,11.05,HIGH
2025-01-05 14:00:00,14,5,1,6,1,8.0,67.8,4,6,16.78,13.15,HIGH
2025-01-05 15:00:00,15,5,1,6,1,12.9,67.4,5,3,15.56,16.78,HIGH
2025-01-05 16:00:00,16,5,1,6,1,13.0,60.1,5,4,15.98,15.56,HIGH
2025-01-05 17:00:00,17,5,1,6,1,18.5,63.6,5,3,15.03,15.98,HIGH
2025-01-05 18:00:00,18,5,1,6,1,11.1,61.6,5,6,20.26,15.03,HIGH
2025-01-05 19:00:00,19,5,1,6,1,11.3,67.8,6,5,22.13,20.26,HIGH
2025-01-05 20:00:00,20,5,1,6,1,9.2,65.3,5,5,22.48,22.13,HIGH
2025-01-05 21:00:00,21,5,1,6,1,5.1,68.9,5,2,20.95,22.48,HIGH
2025-01-05 22:00:00,22,5,1,6,1,9.6,59.6,6,8,19.16,20.95,HIGH
2025-01-05 23:00:00,23,5,1,6,1,7.4,60.1,2,0,10.73,19.16,MEDIUM
2025-01-06 00:00:00,0,6,1,0,0,6.4,71.1,2,0,8.23,10.73,MEDIUM
2025-01-06 01:00:00,1,6,1,0,0,1.4,67.0,3,4,6.09,8.23,LOW
2025-01-06 02:00:00,2,6,1,0,0,6.7,67.0,4,3,5.24,6.09,LOW
2025-01-06 03:00:00,3,6,1,0,0,-0.5,66.4,2,0,4.09,5.24,LOW
2025-01-06 04:00:00,4,6,1,0,0,4.6,71.6,2,0,2.87,4.09,LOW
2025-01-06 05:00:00,5,6,1,0,0,9.1,60.7,3,2,3.42,2.87,LOW
2025-01-06 06:00:00,6,6,1,0,0,2.0,66.4,2,2,5.42,3.42,LOW
2025-01-06 07:00:00,7,6,1,0,0,4.1,71.1,4,4,8.62,5.42,MEDIUM
2025-01-06 08:00:00,8,6,1,0,0,7.0,72.2,5,1,9.86,8.62,MEDIUM
2025-01-06 09:00:00,9,6,1,0,0,6.7,62.2,1,0,6.27,9.86,MEDIUM
2025-01-06 10:00:00,10,6,1,0,0,5.4,77.6,1,0,5.37,6.27,LOW
2025-01-06 11:00:00,11,6,1,0,0,10.7,65.6,1,3,7.16,5.37,MEDIUM
2025-01-06 12:00:00,12,6,1,0,0,8.9,58.2,2,0,6.3,7.16,MEDIUM
2025-01-06 13:00:00,13,6,1,0,0,13.5,64.8,2,2,6.26,6.3,MEDIUM
2025-01-06 14:00:00,14,6,1,0,0,10.5,61.5,2,3,7.62,6.26,MEDIUM
2025-01-06 15:00:00,15,6,1,0,0,16.9,63.8,5,0,6.79,7.62,MEDIUM
2025-01-06 16:00:00,16,6,1,0,0,10.9,63.4,1,3,6.75,6.79,MEDIUM
2025-01-06 17:00:00,17,6,1,0,0,11.5,63.8,1,5,11.53,6.75,HIGH
2025-01-06 18:00:00,18,6,1,0,0,13.6,57.1,4,2,11.27,11.53,HIGH
2025-01-06 19:00:00,19,6,1,0,0,7.4,71.0,4,5,15.98,11.27,HIGH
2025-01-06 20:00:00,20,6,1,0,0,9.9,57.1,5,3,16.73,15.98,HIGH
2025-01-06 21:00:00,21,6,1,0,0,11.3,56.8,5,0,13.05,16.73,HIGH
2025-01-06 22:00:00,22,6,1,0,0,2.7,69.1,6,5,13.43,13.05,HIGH
2025-01-06 23:00:00,23,6,1,0,0,6.0,75.2,3,2,9.86,13.43,MEDIUM
2025-01-07 00:00:00,0,7,1,1,0,5.1,63.8,3,0,7.24,9.86,MEDIUM
2025-01-07 01:00:00,1,7,1,1,0,5.6,70.0,4,4,5.94,7.24,LOW
2025-01-07 02:00:00,2,7,1,1,0,0.1,74.4,5,4,6.7,5.94,MEDIUM
2025-01-07 03:00:00,3,7,1,1,0,-0.3,73.0,3,2,5.34,6.7,LOW
2025-01-07 04:00:00,4,7,1,1,0,4.5,64.3,3,2,4.36,5.34,LOW
2025-01-07 05:00:00,5,7,1,1,0,4.4,59.7,4,2,4.11,4.36,LOW
2025-01-07 06:00:00,6,7,1,1,0,5.1,52.7,3,3,6.71,4.11,MEDIUM
2025-01-07 07:00:00,7,7,1,1,0,6.4,63.9,4,1,7.06,6.71,MEDIUM
2025-01-07 08:00:00,8,7,1,1,0,5.0,73.1,8,0,9.57,7.06,MEDIUM
2025-01-07 09:00:00,9,7,1,1,0,8.6,57.8,3,4,11.03,9.57,HIGH
2025-01-07 10:00:00,10,7,1,1,0,10.0,68.2,2,1,8.66,11.03,MEDIUM
2025-01-07 11:00:00,11,7,1,1,0,8.7,58.8,3,2,9.5,8.66,MEDIUM
2025-01-07 12:00:00,12,7,1,1,0,16.2,62.2,2,2,7.2,9.5,MEDIUM
2025-01-07 13:00:00,13,7,1,1,0,13.5,66.8,3,1,6.44,7.2,MEDIUM
2025-01-07 14:00:00,14,7,1,1,0,9.9,60.1,3,2,8.04,6.44,MEDIUM
2025-01-07 15:00:00,15,7,1,1,0,14.6,63.2,2,1,6.42,8.04,MEDIUM
2025-01-07 16:00:00,16,7,1,1,0,10.4,61.3,2,2,7.64,6.42,MEDIUM
2025-01-07 17:00:00,17,7,1,1,0,14.3,66.5,2,6,12.75,7.64,HIGH
2025-01-07 18:00:00,18,7,1,1,0,14.4,63.7,5,8,19.01,12.75,HIGH
2025-01-07 19:00:00,19,7,1,1,0,8.4,65.0,4,5,19.11,19.01,HIGH
2025-01-07 20:00:00,20,7,1,1,0,11.7,72.7,5,6,20.36,19.11,HIGH
2025-01-07 21:00:00,21,7,1,1,0,9.0,68.4,4,6,20.7,20.36,HIGH
2025-01-07 22:00:00,22,7,1,1,0,8.8,60.3,5,3,14.47,20.7,HIGH
2025-01-07 23:00:00,23,7,1,1,0,10.2,63.4,5,5,13.13,14.47,HIGH
2025-01-08 00:00:00,0,8,1,2,0,3.9,66.0,2,1,8.5,13.13,MEDIUM
2025-01-08 01:00:00,1,8,1,2,0,1.8,67.8,3,1,5.77,8.5,LOW
2025-01-08 02:00:00,2,8,1,2,0,0.9,82.8,4,0,4.82,5.77,LOW
2025-01-08 03:00:00,3,8,1,2,0,1.0,69.8,4,2,4.64,4.82,LOW
2025-01-08 04:00:00,4,8,1,2,0,3.0,54.6,2,3,4.38,4.64,LOW
2025-01-08 05:00:00,5,8,1,2,0,4.5,62.9,3,1,3.73,4.38,LOW
2025-01-08 06:00:00,6,8,1,2,0,5.2,54.3,2,2,5.85,3.73,LOW
2025-01-08 07:00:00,7,8,1,2,0,7.6,63.0,4,1,6.19,5.85,LOW
2025-01-08 08:00:00,8,8,1,2,0,6.7,53.4,5,1,8.31,6.19,MEDIUM
2025-01-08 09:00:00,9,8,1,2,0,11.6,58.1,3,3,9.45,8.31,MEDIUM
2025-01-08 10:00:00,10,8,1,2,0,8.6,55.4,3,4,10.76,9.45,MEDIUM
2025-01-08 11:00:00,11,8,1,2,0,17.3,63.4,2,0,6.39,10.76,MEDIUM
2025-01-08 12:00:00,12,8,1,2,0,13.1,62.8,2,0,4.76,6.39,LOW
2025-01-08 13:00:00,13,8,1,2,0,10.2,65.7,3,3,7.67,4.76,MEDIUM
2025-01-08 14:00:00,14,8,1,2,0,10.2,63.3,1,4,8.74,7.67,MEDIUM
2025-01-08 15:00:00,15,8,1,2,0,14.2,54.0,1,3,7.38,8.74,MEDIUM
2025-01-08 16:00:00,16,8,1,2,0,12.3,66.2,2,5,9.63,7.38,MEDIUM
2025-01-08 17:00:00,17,8,1,2,0,14.1,73.9,2,3,10.53,9.63,MEDIUM
2025-01-08 18:00:00,18,8,1,2,0,12.7,65.4,4,5,13.74,10.53,HIGH
2025-01-08 19:00:00,19,8,1,2,0,10.3,61.3,5,6,17.92,13.74,HIGH
2025-01-08 20:00:00,20,8,1,2,0,7.2,56.6,4,4,18.75,17.92,HIGH
2025-01-08 21:00:00,21,8,1,2,0,4.2,60.9,6,5,21.3,18.75,HIGH
2025-01-08 22:00:00,22,8,1,2,0,5.6,68.5,4,6,16.83,21.3,HIGH
2025-01-08 23:00:00,23,8,1,2,0,7.6,71.4,3,3,12.07,16.83,HIGH
2025-01-09 00:00:00,0,9,1,3,0,5.0,67.6,2,0,7.93,12.07,MEDIUM
2025-01-09 01:00:00,1,9,1,3,0,0.6,72.6,3,1,6.09,7.93,LOW
2025-01-09 02:00:00,2,9,1,3,0,3.6,70.8,2,2,5.25,6.09,LOW
2025-01-09 03:00:00,3,9,1,3,0,4.0,69.4,3,5,5.23,5.25,LOW
2025-01-09 04:00:00,4,9,1,3,0,1.0,63.6,3,1,4.1,5.23,LOW
2025-01-09 05:00:00,5,9,1,3,0,4.1,67.4,4,2,3.84,4.1,LOW
2025-01-09 06:00:00,6,9,1,3,0,4.6,61.1,4,1,5.47,3.84,LOW
2025-01-09 07:00:00,7,9,1,3,0,2.6,67.1,5,3,8.73,5.47,MEDIUM
2025-01-09 08:00:00,8,9,1,3,0,7.6,66.9,6,1,10.18,8.73,MEDIUM
2025-01-09 09:00:00,9,9,1,3,0,9.4,74.3,1,3,9.77,10.18,MEDIUM
2025-01-09 10:00:00,10,9,1,3,0,12.0,55.3,3,3,9.41,9.77,MEDIUM
2025-01-09 11:00:00,11,9,1,3,0,13.1,65.6,2,3,8.52,9.41,MEDIUM
2025-01-09 12:00:00,12,9,1,3,0,8.1,73.6,3,3,9.81,8.52,MEDIUM
2025-01-09 13:00:00,13,9,1,3,0,10.0,68.6,2,4,10.48,9.81,MEDIUM
2025-01-09 14:00:00,14,9,1,3,0,14.1,67.4,1,1,7.03,10.48,MEDIUM
2025-01-09 15:00:00,15,9,1,3,0,14.3,65.8,2,1,6.29,7.03,MEDIUM
2025-01-09 16:00:00,16,9,1,3,0,14.1,70.2,3,2,7.31,6.29,MEDIUM
2025-01-09 17:00:00,17,9,1,3,0,22.0,52.7,1,3,7.76,7.31,MEDIUM
2025-01-09 18:00:00,18,9,1,3,0,13.0,54.5,4,5,13.36,7.76,HIGH
2025-01-09 19:00:00,19,9,1,3,0,13.3,62.6,5,3,14.66,13.36,HIGH
2025-01-09 20:00:00,20,9,1,3,0,11.7,50.4,5,1,12.27,14.66,HIGH
2025-01-09 21:00:00,21,9,1,3,0,9.6,71.5,5,4,15.69,12.27,HIGH
2025-01-09 22:00:00,22,9,1,3,0,5.9,73.0,6,3,13.32,15.69,HIGH
2025-01-09 23:00:00,23,9,1,3,0,7.4,62.4,5,3,12.17,13.32,HIGH
2025-01-10 00:00:00,0,10,1,4,0,2.5,64.8,3,1,9.31,12.17,MEDIUM
2025-01-10 01:00:00,1,10,1,4,0,3.1,66.3,4,4,6.56,9.31,MEDIUM
2025-01-10 02:00:00,2,10,1,4,0,2.0,67.5,3,1,5.53,6.56,LOW
2025-01-10 03:00:00,3,10,1,4,0,3.2,67.5,2,2,4.15,5.53,LOW
2025-01-10 04:00:00,4,10,1,4,0,9.0,67.7,3,2,3.99,4.15,LOW
2025-01-10 05:00:00,5,10,1,4,0,-1.0,67.4,3,4,5.15,3.99,LOW
2025-01-10 06:00:00,6,10,1,4,0,6.2,71.2,3,0,5.3,5.15,LOW
2025-01-10 07:00:00,7,10,1,4,0,1.5,70.1,4,0,5.52,5.3,LOW
2025-01-10 08:00:00,8,10,1,4,0,5.5,62.2,5,4,10.69,5.52,MEDIUM
2025-01-10 09:00:00,9,10,1,4,0,10.7,71.7,1,3,8.79,10.69,MEDIUM
2025-01-10 10:00:00,10,10,1,4,0,9.5,56.1,2,5,10.89,8.79,MEDIUM
2025-01-10 11:00:00,11,10,1,4,0,7.8,64.3,2,2,9.27,10.89,MEDIUM
2025-01-10 12:00:00,12,10,1,4,0,9.7,69.9,2,3,8.66,9.27,MEDIUM
2025-01-10 13:00:00,13,10,1,4,0,14.0,58.1,2,2,7.85,8.66,MEDIUM
2025-01-10 14:00:00,14,10,1,4,0,11.0,65.5,1,2,6.7,7.85,MEDIUM
2025-01-10 15:00:00,15,10,1,4,0,13.5,65.9,1,1,5.5,6.7,LOW
2025-01-10 16:00:00,16,10,1,4,0,12.9,57.7,1,2,5.52,5.5,LOW
2025-01-10 17:00:00,17,10,1,4,0,10.7,63.3,1,2,7.56,5.52,MEDIUM
2025-01-10 18:00:00,18,10,1,4,0,16.9,60.3,4,5,12.52,7.56,HIGH
2025-01-10 19:00:00,19,10,1,4,0,12.1,59.8,4,2,12.45,12.52,HIGH
2025-01-10 20:00:00,20,10,1,4,0,4.2,80.1,5,7,20.09,12.45,HIGH
2025-01-10 21:00:00,21,10,1,4,0,8.5,60.0,4,3,17.39,20.09,HIGH
2025-01-10 22:00:00,22,10,1,4,0,5.1,72.0,4,5,13.77,17.39,HIGH
2025-01-10 23:00:00,23,10,1,4,0,7.6,62.6,3,0,8.7,13.77,MEDIUM
2025-01-11 00:00:00,0,11,1,5,1,2.5,60.5,4,1,9.02,8.7,MEDIUM
2025-01-11 01:00:00,1,11,1,5,1,3.4,67.3,2,3,7.48,9.02,MEDIUM
2025-01-11 02:00:00,2,11,1,5,1,4.4,70.1,3,6,7.55,7.48,MEDIUM
2025-01-11 03:00:00,3,11,1,5,1,5.2,71.4,4,2,6.44,7.55,MEDIUM
2025-01-11 04:00:00,4,11,1,5,1,0.2,77.3,4,3,6.39,6.44,MEDIUM
2025-01-11 05:00:00,5,11,1,5,1,2.8,84.6,2,0,4.91,6.39,LOW
2025-01-11 06:00:00,6,11,1,5,1,3.3,68.2,5,5,9.45,4.91,MEDIUM
2025-01-11 07:00:00,7,11,1,5,1,3.9,62.5,5,6,12.53,9.45,HIGH
2025-01-11 08:00:00,8,11,1,5,1,11.1,66.3,5,4,14.47,12.53,HIGH
2025-01-11 09:00:00,9,11,1,5,1,9.0,62.8,5,3,14.81,14.47,HIGH
2025-01-11 10:00:00,10,11,1,5,1,6.1,71.1,6,3,15.8,14.81,HIGH
2025-01-11 11:00:00,11,11,1,5,1,12.8,55.1,4,4,14.25,15.8,HIGH
2025-01-11 12:00:00,12,11,1,5,1,16.8,75.5,6,2,12.94,14.25,HIGH
2025-01-11 13:00:00,13,11,1,5,1,14.9,67.2,8,3,14.65,12.94,HIGH
2025-01-11 14:00:00,14,11,1,5,1,9.0,54.3,5,1,13.15,14.65,HIGH
2025-01-11 15:00:00,15,11,1,5,1,11.8,59.0,5,3,13.7,13.15,HIGH
2025-01-11 16:00:00,16,11,1,5,1,16.0,66.5,6,8,18.69,13.7,HIGH
2025-01-11 17:00:00,17,11,1,5,1,10.6,70.8,5,4,20.24,18.69,HIGH
2025-01-11 18:00:00,18,11,1,5,1,12.6,55.3,5,7,23.41,20.24,HIGH
2025-01-11 19:00:00,19,11,1,5,1,12.4,67.3,4,4,20.74,23.41,HIGH
2025-01-11 20:00:00,20,11,1,5,1,7.0,53.5,7,4,23.94,20.74,HIGH
2025-01-11 21:00:00,21,11,1,5,1,7.9,64.3,8,6,27.54,23.94,HIGH
2025-01-11 22:00:00,22,11,1,5,1,-1.4,75.2,6,3,20.31,27.54,HIGH
2025-01-11 23:00:00,23,11,1,5,1,2.9,63.5,4,2,14.68,20.31,HIGH
2025-01-12 00:00:00,0,12,1,6,1,3.8,57.4,2,1,10.41,14.68,MEDIUM
2025-01-12 01:00:00,1,12,1,6,1,0.6,68.6,3,5,8.27,10.41,MEDIUM
2025-01-12 02:00:00,2,12,1,6,1,7.3,61.5,3,5,7.58,8.27,MEDIUM
2025-01-12 03:00:00,3,12,1,6,1,-0.6,72.0,2,3,6.14,7.58,LOW
2025-01-12 04:00:00,4,12,1,6,1,2.1,61.8,3,2,6.13,6.14,LOW
2025-01-12 05:00:00,5,12,1,6,1,4.0,61.8,5,5,7.47,6.13,MEDIUM
2025-01-12 06:00:00,6,12,1,6,1,8.1,52.6,2,4,8.66,7.47,MEDIUM
2025-01-12 07:00:00,7,12,1,6,1,1.9,68.3,4,3,10.27,8.66,MEDIUM
2025-01-12 08:00:00,8,12,1,6,1,9.6,63.2,4,7,15.24,10.27,HIGH
2025-01-12 09:00:00,9,12,1,6,1,8.0,57.7,4,6,17.16,15.24,HIGH
2025-01-12 10:00:00,10,12,1,6,1,6.8,66.4,5,5,18.37,17.16,HIGH
2025-01-12 11:00:00,11,12,1,6,1,11.7,69.5,5,3,15.65,18.37,HIGH
2025-01-12 12:00:00,12,12,1,6,1,12.0,61.9,5,0,12.34,15.65,HIGH
2025-01-12 13:00:00,13,12,1,6,1,10.8,65.3,4,2,12.07,12.34,HIGH
2025-01-12 14:00:00,14,12,1,6,1,13.0,64.4,6,5,15.18,12.07,HIGH
2025-01-12 15:00:00,15,12,1,6,1,12.0,56.0,7,1,14.12,15.18,HIGH
2025-01-12 16:00:00,16,12,1,6,1,13.1,75.1,4,1,11.03,14.12,HIGH
2025-01-12 17:00:00,17,12,1,6,1,14.0,59.6,5,7,18.99,11.03,HIGH
2025-01-12 18:00:00,18,12,1,6,1,15.5,65.7,4,7,22.19,18.99,HIGH
2025-01-12 19:00:00,19,12,1,6,1,7.4,69.7,4,5,22.9,22.19,HIGH
2025-01-12 20:00:00,20,12,1,6,1,14.6,61.3,4,7,23.54,22.9,HIGH
2025-01-12 21:00:00,21,12,1,6,1,3.1,70.4,5,2,21.46,23.54,HIGH
2025-01-12 22:00:00,22,12,1,6,1,6.3,67.0,5,4,16.55,21.46,HIGH
2025-01-12 23:00:00,23,12,1,6,1,7.0,56.7,4,6,15.08,16.55,HIGH
2025-01-13 00:00:00,0,13,1,0,0,5.2,63.9,3,3,11.23,15.08,HIGH
2025-01-13 01:00:00,1,13,1,0,0,2.1,63.5,5,2,8.09,11.23,MEDIUM
2025-01-13 02:00:00,2,13,1,0,0,2.7,64.1,2,2,6.11,8.09,LOW
2025-01-13 03:00:00,3,13,1,0,0,1.8,59.5,2,3,5.13,6.11,LOW
2025-01-13 04:00:00,4,13,1,0,0,1.7,74.1,2,2,4.69,5.13,LOW
2025-01-13 05:00:00,5,13,1,0,0,5.8,75.3,2,0,3.23,4.69,LOW
2025-01-13 06:00:00,6,13,1,0,0,5.4,71.7,2,3,5.77,3.23,LOW
2025-01-13 07:00:00,7,13,1,0,0,3.8,74.1,6,1,7.37,5.77,MEDIUM
2025-01-13 08:00:00,8,13,1,0,0,9.0,62.3,10,2,12.3,7.37,HIGH
2025-01-13 09:00:00,9,13,1,0,0,8.8,60.7,3,3,11.46,12.3,HIGH
2025-01-13 10:00:00,10,13,1,0,0,11.3,58.8,1,0,7.35,11.46,MEDIUM
2025-01-13 11:00:00,11,13,1,0,0,12.1,67.0,3,4,9.27,7.35,MEDIUM
2025-01-13 12:00:00,12,13,1,0,0,9.5,65.6,1,2,8.19,9.27,MEDIUM
2025-01-13 13:00:00,13,13,1,0,0,10.9,63.2,2,2,7.54,8.19,MEDIUM
2025-01-13 14:00:00,14,13,1,0,0,14.7,69.9,2,2,7.17,7.54,MEDIUM
2025-01-13 15:00:00,15,13,1,0,0,14.5,64.6,2,1,6.84,7.17,MEDIUM
2025-01-13 16:00:00,16,13,1,0,0,12.8,57.8,1,2,6.27,6.84,MEDIUM
2025-01-13 17:00:00,17,13,1,0,0,12.6,58.9,1,5,9.82,6.27,MEDIUM
2025-01-13 18:00:00,18,13,1,0,0,14.7,66.2,4,8,17.12,9.82,HIGH
2025-01-13 19:00:00,19,13,1,0,0,9.0,70.7,5,5,19.11,17.12,HIGH
2025-01-13 20:00:00,20,13,1,0,0,10.7,67.0,5,4,18.62,19.11,HIGH
2025-01-13 21:00:00,21,13,1,0,0,7.5,76.4,5,2,17.46,18.62,HIGH
2025-01-13 22:00:00,22,13,1,0,0,6.2,75.3,4,4,13.3,17.46,HIGH
2025-01-13 23:00:00,23,13,1,0,0,8.2,67.4,6,1,10.24,13.3,MEDIUM
2025-01-14 00:00:00,0,14,1,1,0,6.5,60.4,5,1,9.05,10.24,MEDIUM
2025-01-14 01:00:00,1,14,1,1,0,5.7,57.9,3,2,6.58,9.05,MEDIUM
2025-01-14 02:00:00,2,14,1,1,0,6.4,63.1,3,2,5.15,6.58,LOW
2025-01-14 03:00:00,3,14,1,1,0,3.1,71.3,3,4,5.24,5.15,LOW
2025-01-14 04:00:00,4,14,1,1,0,4.9,77.0,2,3,4.81,5.24,LOW
2025-01-14 05:00:00,5,14,1,1,0,2.9,69.3,4,0,4.38,4.81,LOW
2025-01-14 06:00:00,6,14,1,1,0,5.3,72.9,2,2,5.25,4.38,LOW
2025-01-14 07:00:00,7,14,1,1,0,5.2,64.4,6,3,7.98,5.25,MEDIUM
2025-01-14 08:00:00,8,14,1,1,0,6.9,69.0,5,2,10.15,7.98,MEDIUM
2025-01-14 09:00:00,9,14,1,1,0,9.5,69.1,1,6,11.85,10.15,HIGH
2025-01-14 10:00:00,10,14,1,1,0,7.2,53.2,2,5,13.23,11.85,HIGH
2025-01-14 11:00:00,11,14,1,1,0,15.7,59.2,1,0,7.21,13.23,MEDIUM
2025-01-14 12:00:00,12,14,1,1,0,9.0,70.1,1,0,5.75,7.21,LOW
2025-01-14 13:00:00,13,14,1,1,0,9.3,65.9,2,0,5.24,5.75,LOW
2025-01-14 14:00:00,14,14,1,1,0,15.7,54.5,1,0,3.88,5.24,LOW
2025-01-14 15:00:00,15,14,1,1,0,15.0,47.4,2,0,3.34,3.88,LOW
2025-01-14 16:00:00,16,14,1,1,0,14.4,60.0,2,2,5.14,3.34,LOW
2025-01-14 17:00:00,17,14,1,1,0,13.9,62.0,2,3,7.87,5.14,MEDIUM
2025-01-14 18:00:00,18,14,1,1,0,11.5,58.1,6,5,14.24,7.87,HIGH
2025-01-14 19:00:00,19,14,1,1,0,8.3,65.5,6,6,20.48,14.24,HIGH
2025-01-14 20:00:00,20,14,1,1,0,9.5,67.2,5,4,19.61,20.48,HIGH
2025-01-14 21:00:00,21,14,1,1,0,6.3,69.5,5,5,20.95,19.61,HIGH
2025-01-14 22:00:00,22,14,1,1,0,9.1,50.2,5,0,13.12,20.95,HIGH
2025-01-14 23:00:00,23,14,1,1,0,5.1,58.1,3,0,9.4,13.12,MEDIUM
2025-01-15 00:00:00,0,15,1,2,0,2.4,65.2,2,2,8.33,9.4,MEDIUM
2025-01-15 01:00:00,1,15,1,2,0,2.9,70.3,5,0,6.23,8.33,MEDIUM
2025-01-15 02:00:00,2,15,1,2,0,4.2,69.3,4,3,5.41,6.23,LOW
2025-01-15 03:00:00,3,15,1,2,0,1.6,70.2,3,3,5.1,5.41,LOW
2025-01-15 04:00:00,4,15,1,2,0,1.1,65.3,4,1,4.1,5.1,LOW
2025-01-15 05:00:00,5,15,1,2,0,4.3,64.3,3,3,4.45,4.1,LOW
2025-01-15 06:00:00,6,15,1,2,0,5.1,61.6,2,1,4.97,4.45,LOW
2025-01-15 07:00:00,7,15,1,2,0,4.2,70.9,6,4,8.91,4.97,MEDIUM
2025-01-15 08:00:00,8,15,1,2,0,5.5,60.3,5,1,10.27,8.91,MEDIUM
2025-01-15 09:00:00,9,15,1,2,0,8.6,69.7,3,2,9.92,10.27,MEDIUM
2025-01-15 10:00:00,10,15,1,2,0,5.7,67.0,1,1,8.5,9.92,MEDIUM
2025-01-15 11:00:00,11,15,1,2,0,7.0,64.9,1,2,7.85,8.5,MEDIUM
2025-01-15 12:00:00,12,15,1,2,0,9.7,60.2,3,2,8.62,7.85,MEDIUM
2025-01-15 13:00:00,13,15,1,2,0,11.8,55.1,4,1,8.06,8.62,MEDIUM
2025-01-15 14:00:00,14,15,1,2,0,13.6,58.7,3,3,8.69,8.06,MEDIUM
2025-01-15 15:00:00,15,15,1,2,0,16.7,59.3,4,0,6.65,8.69,MEDIUM
2025-01-15 16:00:00,16,15,1,2,0,15.0,47.8,2,4,7.76,6.65,MEDIUM
2025-01-15 17:00:00,17,15,1,2,0,11.9,62.1,3,3,10.4,7.76,MEDIUM
2025-01-15 18:00:00,18,15,1,2,0,11.5,68.9,7,5,17.14,10.4,HIGH
2025-01-15 19:00:00,19,15,1,2,0,8.0,68.2,6,7,21.66,17.14,HIGH
2025-01-15 20:00:00,20,15,1,2,0,9.2,61.3,4,4,18.9,21.66,HIGH
2025-01-15 21:00:00,21,15,1,2,0,7.3,65.4,4,2,16.67,18.9,HIGH
2025-01-15 22:00:00,22,15,1,2,0,7.5,61.7,7,3,14.12,16.67,HIGH
2025-01-15 23:00:00,23,15,1,2,0,3.4,67.5,5,3,12.43,14.12,HIGH
2025-01-16 00:00:00,0,16,1,3,0,5.8,74.9,4,2,10.78,12.43,MEDIUM
2025-01-16 01:00:00,1,16,1,3,0,7.5,70.8,2,2,7.18,10.78,MEDIUM
2025-01-16 02:00:00,2,16,1,3,0,2.9,70.0,4,2,5.76,7.18,LOW
2025-01-16 03:00:00,3,16,1,3,0,4.0,63.4,3,5,6.45,5.76,MEDIUM
2025-01-16 04:00:00,4,16,1,3,0,4.9,70.5,4,4,6.5,6.45,MEDIUM
2025-01-16 05:00:00,5,16,1,3,0,2.7,56.8,2,1,4.71,6.5,LOW
2025-01-16 06:00:00,6,16,1,3,0,5.0,64.5,3,1,5.79,4.71,LOW
2025-01-16 07:00:00,7,16,1,3,0,5.5,69.3,5,2,7.36,5.79,MEDIUM
2025-01-16 08:00:00,8,16,1,3,0,7.0,69.6,5,2,9.87,7.36,MEDIUM
2025-01-16 09:00:00,9,16,1,3,0,6.1,69.6,1,1,7.55,9.87,MEDIUM
2025-01-16 10:00:00,10,16,1,3,0,9.4,66.0,1,3,7.85,7.55,MEDIUM
2025-01-16 11:00:00,11,16,1,3,0,11.7,62.1,2,4,9.45,7.85,MEDIUM
2025-01-16 12:00:00,12,16,1,3,0,15.2,65.1,1,1,6.05,9.45,LOW
2025-01-16 13:00:00,13,16,1,3,0,14.7,56.4,3,2,6.78,6.05,MEDIUM
2025-01-16 14:00:00,14,16,1,3,0,18.2,55.7,3,2,6.89,6.78,MEDIUM
2025-01-16 15:00:00,15,16,1,3,0,11.1,63.9,2,1,6.37,6.89,MEDIUM
2025-01-16 16:00:00,16,16,1,3,0,15.0,63.0,2,3,7.6,6.37,MEDIUM
2025-01-16 17:00:00,17,16,1,3,0,12.8,51.9,3,1,8.65,7.6,MEDIUM
2025-01-16 18:00:00,18,16,1,3,0,17.0,63.9,4,1,8.37,8.65,MEDIUM
2025-01-16 19:00:00,19,16,1,3,0,8.5,69.2,4,2,11.16,8.37,HIGH
2025-01-16 20:00:00,20,16,1,3,0,7.2,64.7,5,6,17.64,11.16,HIGH
2025-01-16 21:00:00,21,16,1,3,0,6.5,79.6,6,4,19.41,17.64,HIGH
2025-01-16 22:00:00,22,16,1,3,0,1.4,63.3,5,2,14.72,19.41,HIGH
2025-01-16 23:00:00,23,16,1,3,0,4.2,64.2,3,1,10.16,14.72,MEDIUM
2025-01-17 00:00:00,0,17,1,4,0,2.6,64.6,3,4,10.48,10.16,MEDIUM
2025-01-17 01:00:00,1,17,1,4,0,4.0,65.9,4,2,6.67,10.48,MEDIUM
2025-01-17 02:00:00,2,17,1,4,0,4.0,64.4,3,4,5.59,6.67,LOW
2025-01-17 03:00:00,3,17,1,4,0,7.7,56.5,4,1,4.08,5.59,LOW
2025-01-17 04:00:00,4,17,1,4,0,5.5,62.5,5,1,3.7,4.08,LOW
2025-01-17 05:00:00,5,17,1,4,0,2.2,66.5,4,2,4.07,3.7,LOW
2025-01-17 06:00:00,6,17,1,4,0,2.2,74.5,6,1,7.22,4.07,MEDIUM
2025-01-17 07:00:00,7,17,1,4,0,6.7,78.5,5,2,8.73,7.22,MEDIUM
2025-01-17 08:00:00,8,17,1,4,0,3.4,74.7,5,1,10.3,8.73,MEDIUM
2025-01-17 09:00:00,9,17,1,4,0,12.6,58.3,1,1,7.23,10.3,MEDIUM
2025-01-17 10:00:00,10,17,1,4,0,12.2,58.9,2,0,5.79,7.23,LOW
2025-01-17 11:00:00,11,17,1,4,0,9.3,63.3,1,2,6.22,5.79,LOW
2025-01-17 12:00:00,12,17,1,4,0,7.3,75.8,2,2,7.7,6.22,MEDIUM
2025-01-17 13:00:00,13,17,1,4,0,15.7,60.7,1,1,6.27,7.7,MEDIUM
2025-01-17 14:00:00,14,17,1,4,0,12.5,55.0,1,2,6.33,6.27,MEDIUM
2025-01-17 15:00:00,15,17,1,4,0,16.1,58.6,1,1,5.59,6.33,LOW
2025-01-17 16:00:00,16,17,1,4,0,8.8,69.0,1,3,7.32,5.59,MEDIUM
2025-01-17 17:00:00,17,17,1,4,0,10.8,67.8,2,4,10.69,7.32,MEDIUM
2025-01-17 18:00:00,18,17,1,4,0,11.5,62.2,4,3,13.06,10.69,HIGH
2025-01-17 19:00:00,19,17,1,4,0,10.6,67.9,5,5,17.25,13.06,HIGH
2025-01-17 20:00:00,20,17,1,4,0,8.2,51.1,4,2,15.12,17.25,HIGH
2025-01-17 21:00:00,21,17,1,4,0,9.6,64.8,4,3,15.2,15.12,HIGH
2025-01-17 22:00:00,22,17,1,4,0,4.0,71.6,6,5,14.14,15.2,HIGH
2025-01-17 23:00:00,23,17,1,4,0,5.1,61.0,3,0,8.88,14.14,MEDIUM
2025-01-18 00:00:00,0,18,1,5,1,4.8,61.1,3,3,9.0,8.88,MEDIUM
2025-01-18 01:00:00,1,18,1,5,1,5.0,54.8,2,3,6.59,9.0,MEDIUM
2025-01-18 02:00:00,2,18,1,5,1,4.9,75.6,2,3,6.05,6.59,LOW
2025-01-18 03:00:00,3,18,1,5,1,0.2,63.6,2,3,5.97,6.05,LOW
2025-01-18 04:00:00,4,18,1,5,1,-0.7,69.7,2,3,5.4,5.97,LOW
2025-01-18 05:00:00,5,18,1,5,1,6.9,68.9,3,3,4.79,5.4,LOW
2025-01-18 06:00:00,6,18,1,5,1,5.3,75.0,3,6,9.36,4.79,MEDIUM
2025-01-18 07:00:00,7,18,1,5,1,3.6,65.6,5,7,13.12,9.36,HIGH
2025-01-18 08:00:00,8,18,1,5,1,10.6,60.5,6,3,14.01,13.12,HIGH
2025-01-18 09:00:00,9,18,1,5,1,8.3,65.7,4,2,12.21,14.01,HIGH
2025-01-18 10:00:00,10,18,1,5,1,12.2,70.8,4,5,13.35,12.21,HIGH
2025-01-18 11:00:00,11,18,1,5,1,10.7,62.7,4,2,11.28,13.35,HIGH
2025-01-18 12:00:00,12,18,1,5,1,16.7,55.6,4,7,14.14,11.28,HIGH
2025-01-18 13:00:00,13,18,1,5,1,16.7,52.1,5,4,14.32,14.14,HIGH
2025-01-18 14:00:00,14,18,1,5,1,12.2,55.8,5,3,15.17,14.32,HIGH
2025-01-18 15:00:00,15,18,1,5,1,15.4,67.0,5,1,12.64,15.17,HIGH
2025-01-18 16:00:00,16,18,1,5,1,14.4,60.3,4,2,11.28,12.64,HIGH
2025-01-18 17:00:00,17,18,1,5,1,15.8,58.0,4,4,14.03,11.28,HIGH
2025-01-18 18:00:00,18,18,1,5,1,9.1,60.1,4,4,16.98,14.03,HIGH
2025-01-18 19:00:00,19,18,1,5,1,12.2,63.6,6,6,21.86,16.98,HIGH
2025-01-18 20:00:00,20,18,1,5,1,11.9,61.8,6,1,18.89,21.86,HIGH
2025-01-18 21:00:00,21,18,1,5,1,3.6,64.9,5,4,21.13,18.89,HIGH
2025-01-18 22:00:00,22,18,1,5,1,3.7,74.6,4,4,16.38,21.13,HIGH
2025-01-18 23:00:00,23,18,1,5,1,0.4,77.1,3,4,14.26,16.38,HIGH
2025-01-19 00:00:00,0,19,1,6,1,3.8,56.8,3,4,12.65,14.26,HIGH
2025-01-19 01:00:00,1,19,1,6,1,5.5,67.8,4,2,7.74,12.65,MEDIUM
2025-01-19 02:00:00,2,19,1,6,1,6.9,60.6,5,2,6.28,7.74,MEDIUM
2025-01-19 03:00:00,3,19,1,6,1,3.2,65.2,3,7,6.74,6.28,MEDIUM
2025-01-19 04:00:00,4,19,1,6,1,7.2,67.0,4,3,6.81,6.74,MEDIUM
2025-01-19 05:00:00,5,19,1,6,1,0.2,66.6,2,8,7.96,6.81,MEDIUM
2025-01-19 06:00:00,6,19,1,6,1,0.2,69.3,3,2,9.44,7.96,MEDIUM
2025-01-19 07:00:00,7,19,1,6,1,5.4,69.9,4,3,9.87,9.44,MEDIUM
2025-01-19 08:00:00,8,19,1,6,1,7.7,66.7,7,5,15.71,9.87,HIGH
2025-01-19 09:00:00,9,19,1,6,1,7.9,61.0,4,4,16.27,15.71,HIGH
2025-01-19 10:00:00,10,19,1,6,1,4.1,62.6,4,6,18.66,16.27,HIGH
2025-01-19 11:00:00,11,19,1,6,1,10.3,55.2,4,6,18.41,18.66,HIGH
2025-01-19 12:00:00,12,19,1,6,1,8.3,59.6,4,7,19.88,18.41,HIGH
2025-01-19 13:00:00,13,19,1,6,1,14.0,74.2,5,5,18.73,19.88,HIGH
2025-01-19 14:00:00,14,19,1,6,1,13.7,57.8,4,2,14.59,18.73,HIGH
2025-01-19 15:00:00,15,19,1,6,1,10.7,56.6,7,5,17.79,14.59,HIGH
2025-01-19 16:00:00,16,19,1,6,1,11.5,65.3,5,3,16.0,17.79,HIGH
2025-01-19 17:00:00,17,19,1,6,1,9.7,63.5,5,5,19.8,16.0,HIGH
2025-01-19 18:00:00,18,19,1,6,1,11.4,62.3,7,3,20.65,19.8,HIGH
2025-01-19 19:00:00,19,19,1,6,1,12.9,71.3,4,4,19.58,20.65,HIGH
2025-01-19 20:00:00,20,19,1,6,1,6.8,68.6,7,5,24.12,19.58,HIGH
2025-01-19 21:00:00,21,19,1,6,1,9.3,61.1,4,7,25.35,24.12,HIGH
2025-01-19 22:00:00,22,19,1,6,1,5.4,63.3,4,3,17.23,25.35,HIGH
2025-01-19 23:00:00,23,19,1,6,1,3.5,63.6,2,3,11.96,17.23,HIGH
2025-01-20 00:00:00,0,20,1,0,0,4.2,71.6,2,1,8.95,11.96,MEDIUM
2025-01-20 01:00:00,1,20,1,0,0,1.1,65.7,3,0,5.89,8.95,LOW
2025-01-20 02:00:00,2,20,1,0,0,1.8,56.5,4,3,5.6,5.89,LOW
2025-01-20 03:00:00,3,20,1,0,0,0.0,67.7,2,2,5.58,5.6,LOW
2025-01-20 04:00:00,4,20,1,0,0,8.1,55.5,3,0,4.03,5.58,LOW
2025-01-20 05:00:00,5,20,1,0,0,3.8,79.6,4,3,4.4,4.03,LOW
2025-01-20 06:00:00,6,20,1,0,0,2.7,61.1,2,2,6.23,4.4,MEDIUM
2025-01-20 07:00:00,7,20,1,0,0,6.0,64.6,5,2,7.71,6.23,MEDIUM
2025-01-20 08:00:00,8,20,1,0,0,6.4,67.0,4,4,11.5,7.71,HIGH
2025-01-20 09:00:00,9,20,1,0,0,7.4,63.3,3,1,9.49,11.5,MEDIUM
2025-01-20 10:00:00,10,20,1,0,0,10.8,61.9,2,1,7.41,9.49,MEDIUM
2025-01-20 11:00:00,11,20,1,0,0,12.4,65.6,1,0,4.96,7.41,LOW
2025-01-20 12:00:00,12,20,1,0,0,10.2,73.1,2,1,5.26,4.96,LOW
2025-01-20 13:00:00,13,20,1,0,0,10.9,68.2,1,3,6.67,5.26,MEDIUM
2025-01-20 14:00:00,14,20,1,0,0,12.1,72.0,1,3,7.88,6.67,MEDIUM
2025-01-20 15:00:00,15,20,1,0,0,7.2,58.8,1,2,7.49,7.88,MEDIUM
2025-01-20 16:00:00,16,20,1,0,0,9.0,66.3,1,3,7.62,7.49,MEDIUM
2025-01-20 17:00:00,17,20,1,0,0,15.7,62.7,4,4,11.29,7.62,HIGH
2025-01-20 18:00:00,18,20,1,0,0,15.6,63.9,7,2,13.41,11.29,HIGH
2025-01-20 19:00:00,19,20,1,0,0,9.9,72.3,4,5,16.18,13.41,HIGH
2025-01-20 20:00:00,20,20,1,0,0,10.7,62.4,5,2,15.07,16.18,HIGH
2025-01-20 21:00:00,21,20,1,0,0,8.8,62.0,6,7,20.92,15.07,HIGH
2025-01-20 22:00:00,22,20,1,0,0,14.4,65.4,5,6,15.63,20.92,HIGH
2025-01-20 23:00:00,23,20,1,0,0,8.3,54.0,5,1,11.04,15.63,HIGH
2025-01-21 00:00:00,0,21,1,1,0,4.1,64.9,2,1,8.86,11.04,MEDIUM
2025-01-21 01:00:00,1,21,1,1,0,1.3,66.7,4,5,7.6,8.86,MEDIUM
2025-01-21 02:00:00,2,21,1,1,0,-0.8,62.8,2,1,5.16,7.6,LOW
2025-01-21 03:00:00,3,21,1,1,0,3.5,72.9,2,1,4.39,5.16,LOW
2025-01-21 04:00:00,4,21,1,1,0,1.3,61.1,4,1,4.28,4.39,LOW
2025-01-21 05:00:00,5,21,1,1,0,0.1,67.1,2,3,4.53,4.28,LOW
2025-01-21 06:00:00,6,21,1,1,0,2.8,68.6,5,2,7.68,4.53,MEDIUM
2025-01-21 07:00:00,7,21,1,1,0,2.8,75.0,4,2,8.86,7.68,MEDIUM
2025-01-21 08:00:00,8,21,1,1,0,10.9,63.6,7,1,9.85,8.86,MEDIUM
2025-01-21 09:00:00,9,21,1,1,0,10.2,69.5,3,2,9.98,9.85,MEDIUM
2025-01-21 10:00:00,10,21,1,1,0,9.3,68.5,1,2,8.39,9.98,MEDIUM
2025-01-21 11:00:00,11,21,1,1,0,14.2,63.1,4,1,7.78,8.39,MEDIUM
2025-01-21 12:00:00,12,21,1,1,0,11.7,56.8,2,2,7.21,7.78,MEDIUM
2025-01-21 13:00:00,13,21,1,1,0,10.2,55.3,1,0,5.66,7.21,LOW
2025-01-21 14:00:00,14,21,1,1,0,16.6,62.0,3,1,5.13,5.66,LOW
2025-01-21 15:00:00,15,21,1,1,0,14.3,59.0,4,1,6.51,5.13,MEDIUM
2025-01-21 16:00:00,16,21,1,1,0,10.2,69.4,1,1,6.51,6.51,MEDIUM
2025-01-21 17:00:00,17,21,1,1,0,11.9,67.7,3,6,13.01,6.51,HIGH
2025-01-21 18:00:00,18,21,1,1,0,9.3,63.2,5,6,18.4,13.01,HIGH
2025-01-21 19:00:00,19,21,1,1,0,7.0,58.3,5,4,18.89,18.4,HIGH
2025-01-21 20:00:00,20,21,1,1,0,11.6,66.4,6,6,20.48,18.89,HIGH
2025-01-21 21:00:00,21,21,1,1,0,12.8,56.8,5,4,18.65,20.48,HIGH
2025-01-21 22:00:00,22,21,1,1,0,3.2,62.2,4,3,13.69,18.65,HIGH
2025-01-21 23:00:00,23,21,1,1,0,6.9,59.4,2,1,9.42,13.69,MEDIUM
2025-01-22 00:00:00,0,22,1,2,0,2.8,66.0,3,3,9.11,9.42,MEDIUM
2025-01-22 01:00:00,1,22,1,2,0,2.5,74.0,4,2,6.88,9.11,MEDIUM
2025-01-22 02:00:00,2,22,1,2,0,1.7,67.3,3,3,5.43,6.88,LOW
2025-01-22 03:00:00,3,22,1,2,0,0.8,65.0,3,1,4.73,5.43,LOW
2025-01-22 04:00:00,4,22,1,2,0,3.3,57.5,2,3,4.51,4.73,LOW
2025-01-22 05:00:00,5,22,1,2,0,1.6,70.7,3,0,3.81,4.51,LOW
2025-01-22 06:00:00,6,22,1,2,0,5.1,61.3,2,6,7.75,3.81,MEDIUM
2025-01-22 07:00:00,7,22,1,2,0,5.4,66.5,5,2,8.35,7.75,MEDIUM
2025-01-22 08:00:00,8,22,1,2,0,6.1,63.4,4,2,9.9,8.35,MEDIUM
2025-01-22 09:00:00,9,22,1,2,0,5.7,70.7,1,3,9.69,9.9,MEDIUM
2025-01-22 10:00:00,10,22,1,2,0,7.9,63.9,2,1,7.9,9.69,MEDIUM
2025-01-22 11:00:00,11,22,1,2,0,12.4,62.7,1,1,5.7,7.9,LOW
2025-01-22 12:00:00,12,22,1,2,0,12.8,65.8,3,2,6.87,5.7,MEDIUM
2025-01-22 13:00:00,13,22,1,2,0,9.9,76.7,2,1,6.71,6.87,MEDIUM
2025-01-22 14:00:00,14,22,1,2,0,13.1,68.1,3,1,5.64,6.71,LOW
2025-01-22 15:00:00,15,22,1,2,0,14.9,61.5,1,7,9.47,5.64,MEDIUM
2025-01-22 16:00:00,16,22,1,2,0,8.7,64.5,1,2,9.0,9.47,MEDIUM
2025-01-22 17:00:00,17,22,1,2,0,13.7,59.4,3,4,12.0,9.0,HIGH
2025-01-22 18:00:00,18,22,1,2,0,9.9,58.3,4,6,16.64,12.0,HIGH
2025-01-22 19:00:00,19,22,1,2,0,11.9,59.9,5,4,16.78,16.64,HIGH
2025-01-22 20:00:00,20,22,1,2,0,7.4,60.4,6,3,17.18,16.78,HIGH
2025-01-22 21:00:00,21,22,1,2,0,3.5,70.5,4,2,16.64,17.18,HIGH
2025-01-22 22:00:00,22,22,1,2,0,2.6,60.5,4,6,14.79,16.64,HIGH
2025-01-22 23:00:00,23,22,1,2,0,5.6,73.8,5,3,11.82,14.79,HIGH
2025-01-23 00:00:00,0,23,1,3,0,5.1,70.5,5,3,11.27,11.82,HIGH
2025-01-23 01:00:00,1,23,1,3,0,1.4,67.6,4,2,8.01,11.27,MEDIUM
2025-01-23 02:00:00,2,23,1,3,0,4.8,66.1,3,1,5.27,8.01,LOW
2025-01-23 03:00:00,3,23,1,3,0,-1.2,65.1,2,1,4.31,5.27,LOW
2025-01-23 04:00:00,4,23,1,3,0,3.0,68.4,3,3,4.66,4.31,LOW
2025-01-23 05:00:00,5,23,1,3,0,0.6,74.3,4,2,5.02,4.66,LOW
2025-01-23 06:00:00,6,23,1,3,0,2.8,62.7,5,2,7.12,5.02,MEDIUM
2025-01-23 07:00:00,7,23,1,3,0,5.6,56.6,4,1,7.34,7.12,MEDIUM
2025-01-23 08:00:00,8,23,1,3,0,4.6,70.4,5,1,9.51,7.34,MEDIUM
2025-01-23 09:00:00,9,23,1,3,0,7.0,67.1,2,0,7.93,9.51,MEDIUM
2025-01-23 10:00:00,10,23,1,3,0,11.8,56.6,1,2,7.31,7.93,MEDIUM
2025-01-23 11:00:00,11,23,1,3,0,9.1,60.0,2,0,6.21,7.31,LOW
2025-01-23 12:00:00,12,23,1,3,0,13.6,57.4,1,2,6.31,6.21,MEDIUM
2025-01-23 13:00:00,13,23,1,3,0,9.5,59.9,1,1,5.36,6.31,LOW
2025-01-23 14:00:00,14,23,1,3,0,14.2,60.4,3,1,5.74,5.36,LOW
2025-01-23 15:00:00,15,23,1,3,0,16.6,59.8,2,3,6.32,5.74,MEDIUM
2025-01-23 16:00:00,16,23,1,3,0,6.7,61.4,1,0,5.36,6.32,LOW
2025-01-23 17:00:00,17,23,1,3,0,10.3,59.3,2,8,13.99,5.36,HIGH
2025-01-23 18:00:00,18,23,1,3,0,13.0,61.4,4,8,18.57,13.99,HIGH
2025-01-23 19:00:00,19,23,1,3,0,10.0,65.0,6,3,18.38,18.57,HIGH
2025-01-23 20:00:00,20,23,1,3,0,10.2,62.0,5,3,17.43,18.38,HIGH
2025-01-23 21:00:00,21,23,1,3,0,6.5,72.4,4,6,19.77,17.43,HIGH
2025-01-23 22:00:00,22,23,1,3,0,6.9,68.3,5,5,14.62,19.77,HIGH
2025-01-23 23:00:00,23,23,1,3,0,5.1,56.4,3,2,10.55,14.62,MEDIUM
2025-01-24 00:00:00,0,24,1,4,0,7.4,68.2,3,1,8.07,10.55,MEDIUM
2025-01-24 01:00:00,1,24,1,4,0,4.3,69.9,3,2,6.36,8.07,MEDIUM
2025-01-24 02:00:00,2,24,1,4,0,4.0,63.8,3,4,5.52,6.36,LOW
2025-01-24 03:00:00,3,24,1,4,0,2.0,58.2,3,4,5.8,5.52,LOW
2025-01-24 04:00:00,4,24,1,4,0,2.0,67.2,3,4,5.42,5.8,LOW
2025-01-24 05:00:00,5,24,1,4,0,2.6,66.9,5,0,4.82,5.42,LOW
2025-01-24 06:00:00,6,24,1,4,0,5.5,59.1,2,3,6.71,4.82,MEDIUM
2025-01-24 07:00:00,7,24,1,4,0,4.4,57.5,4,0,6.72,6.71,MEDIUM
2025-01-24 08:00:00,8,24,1,4,0,7.4,64.5,4,2,8.57,6.72,MEDIUM
2025-01-24 09:00:00,9,24,1,4,0,13.2,61.3,2,0,5.99,8.57,LOW
2025-01-24 10:00:00,10,24,1,4,0,11.5,60.9,3,3,8.36,5.99,MEDIUM
2025-01-24 11:00:00,11,24,1,4,0,9.7,63.6,3,3,8.95,8.36,MEDIUM
2025-01-24 12:00:00,12,24,1,4,0,14.5,55.6,2,1,7.14,8.95,MEDIUM
2025-01-24 13:00:00,13,24,1,4,0,11.3,60.9,1,3,7.13,7.14,MEDIUM
2025-01-24 14:00:00,14,24,1,4,0,7.7,68.1,3,4,9.62,7.13,MEDIUM
2025-01-24 15:00:00,15,24,1,4,0,10.5,61.7,2,3,9.18,9.62,MEDIUM
2025-01-24 16:00:00,16,24,1,4,0,8.2,54.7,3,0,7.51,9.18,MEDIUM
2025-01-24 17:00:00,17,24,1,4,0,11.5,60.6,2,6,12.91,7.51,HIGH
2025-01-24 18:00:00,18,24,1,4,0,11.6,56.9,4,5,15.82,12.91,HIGH
2025-01-24 19:00:00,19,24,1,4,0,14.7,63.7,5,6,18.2,15.82,HIGH
2025-01-24 20:00:00,20,24,1,4,0,10.1,65.9,5,4,17.81,18.2,HIGH
2025-01-24 21:00:00,21,24,1,4,0,7.5,55.0,4,1,15.09,17.81,HIGH
2025-01-24 22:00:00,22,24,1,4,0,8.8,69.0,4,5,12.72,15.09,HIGH
2025-01-24 23:00:00,23,24,1,4,0,-0.0,61.3,3,1,10.21,12.72,MEDIUM
2025-01-25 00:00:00,0,25,1,5,1,5.1,75.3,2,5,10.19,10.21,MEDIUM
2025-01-25 01:00:00,1,25,1,5,1,5.6,65.5,2,2,7.0,10.19,MEDIUM
2025-01-25 02:00:00,2,25,1,5,1,-0.5,60.7,4,5,7.15,7.0,MEDIUM
2025-01-25 03:00:00,3,25,1,5,1,5.9,58.8,2,6,7.08,7.15,MEDIUM
2025-01-25 04:00:00,4,25,1,5,1,4.0,68.5,4,3,7.02,7.08,MEDIUM
2025-01-25 05:00:00,5,25,1,5,1,2.6,64.6,5,3,6.29,7.02,MEDIUM
2025-01-25 06:00:00,6,25,1,5,1,6.0,65.0,5,2,8.74,6.29,MEDIUM
2025-01-25 07:00:00,7,25,1,5,1,11.2,73.2,6,5,11.21,8.74,HIGH
2025-01-25 08:00:00,8,25,1,5,1,7.2,60.9,5,2,11.85,11.21,HIGH
2025-01-25 09:00:00,9,25,1,5,1,8.6,64.9,6,1,12.62,11.85,HIGH
2025-01-25 10:00:00,10,25,1,5,1,8.1,73.3,6,4,16.22,12.62,HIGH
2025-01-25 11:00:00,11,25,1,5,1,8.4,66.3,9,4,19.75,16.22,HIGH
2025-01-25 12:00:00,12,25,1,5,1,13.6,52.9,5,5,18.01,19.75,HIGH
2025-01-25 13:00:00,13,25,1,5,1,10.2,67.0,4,3,14.8,18.01,HIGH
2025-01-25 14:00:00,14,25,1,5,1,13.0,55.8,6,1,12.75,14.8,HIGH
2025-01-25 15:00:00,15,25,1,5,1,11.8,71.7,4,1,10.88,12.75,MEDIUM
2025-01-25 16:00:00,16,25,1,5,1,14.0,57.5,4,7,15.38,10.88,HIGH
2025-01-25 17:00:00,17,25,1,5,1,13.2,80.5,7,2,17.31,15.38,HIGH
2025-01-25 18:00:00,18,25,1,5,1,14.1,71.2,5,3,16.51,17.31,HIGH
2025-01-25 19:00:00,19,25,1,5,1,9.2,59.5,5,4,19.3,16.51,HIGH
2025-01-25 20:00:00,20,25,1,5,1,8.6,64.7,4,8,24.37,19.3,HIGH
2025-01-25 21:00:00,21,25,1,5,1,5.6,70.3,4,4,23.04,24.37,HIGH
2025-01-25 22:00:00,22,25,1,5,1,5.6,70.5,5,3,16.85,23.04,HIGH
2025-01-25 23:00:00,23,25,1,5,1,6.4,68.1,2,1,11.32,16.85,HIGH
2025-01-26 00:00:00,0,26,1,6,1,6.4,73.0,3,6,12.44,11.32,HIGH
2025-01-26 01:00:00,1,26,1,6,1,1.4,66.7,3,3,8.82,12.44,MEDIUM
2025-01-26 02:00:00,2,26,1,6,1,5.3,63.7,4,2,6.4,8.82,MEDIUM
2025-01-26 03:00:00,3,26,1,6,1,6.4,63.4,4,7,7.42,6.4,MEDIUM
2025-01-26 04:00:00,4,26,1,6,1,4.2,71.5,2,1,5.29,7.42,LOW
2025-01-26 05:00:00,5,26,1,6,1,8.4,66.8,2,2,4.59,5.29,LOW
2025-01-26 06:00:00,6,26,1,6,1,2.5,68.7,3,6,9.45,4.59,MEDIUM
2025-01-26 07:00:00,7,26,1,6,1,2.4,71.8,4,2,10.43,9.45,MEDIUM
2025-01-26 08:00:00,8,26,1,6,1,2.3,54.8,5,2,13.13,10.43,HIGH
2025-01-26 09:00:00,9,26,1,6,1,11.7,65.2,8,1,13.91,13.13,HIGH
2025-01-26 10:00:00,10,26,1,6,1,10.9,65.0,5,2,13.05,13.91,HIGH
2025-01-26 11:00:00,11,26,1,6,1,10.4,73.9,5,3,14.02,13.05,HIGH
2025-01-26 12:00:00,12,26,1,6,1,12.2,53.9,4,5,14.14,14.02,HIGH
2025-01-26 13:00:00,13,26,1,6,1,9.5,73.5,5,2,13.51,14.14,HIGH
2025-01-26 14:00:00,14,26,1,6,1,18.9,60.9,4,4,12.46,13.51,HIGH
2025-01-26 15:00:00,15,26,1,6,1,13.3,65.6,5,2,11.85,12.46,HIGH
2025-01-26 16:00:00,16,26,1,6,1,13.1,72.8,7,4,15.33,11.85,HIGH
2025-01-26 17:00:00,17,26,1,6,1,14.1,65.7,6,3,16.52,15.33,HIGH
2025-01-26 18:00:00,18,26,1,6,1,12.7,65.3,5,10,25.62,16.52,HIGH
2025-01-26 19:00:00,19,26,1,6,1,11.1,65.0,4,2,19.67,25.62,HIGH
2025-01-26 20:00:00,20,26,1,6,1,7.3,62.2,4,5,21.72,19.67,HIGH
2025-01-26 21:00:00,21,26,1,6,1,9.2,64.1,4,6,22.2,21.72,HIGH
2025-01-26 22:00:00,22,26,1,6,1,11.4,59.1,4,5,16.6,22.2,HIGH
2025-01-26 23:00:00,23,26,1,6,1,8.9,64.2,3,6,14.47,16.6,HIGH
2025-01-27 00:00:00,0,27,1,0,0,8.4,50.6,4,3,11.25,14.47,HIGH
2025-01-27 01:00:00,1,27,1,0,0,2.4,69.6,4,5,9.07,11.25,MEDIUM
2025-01-27 02:00:00,2,27,1,0,0,0.7,67.0,3,1,5.5,9.07,LOW
2025-01-27 03:00:00,3,27,1,0,0,2.7,64.9,4,4,5.67,5.5,LOW
2025-01-27 04:00:00,4,27,1,0,0,3.3,68.0,4,1,5.14,5.67,LOW
2025-01-27 05:00:00,5,27,1,0,0,6.4,56.8,3,0,3.24,5.14,LOW
2025-01-27 06:00:00,6,27,1,0,0,0.2,79.5,3,0,5.38,3.24,LOW
2025-01-27 07:00:00,7,27,1,0,0,9.3,63.7,4,2,6.62,5.38,MEDIUM
2025-01-27 08:00:00,8,27,1,0,0,6.3,64.6,5,1,8.08,6.62,MEDIUM
2025-01-27 09:00:00,9,27,1,0,0,6.9,59.4,1,4,9.84,8.08,MEDIUM
2025-01-27 10:00:00,10,27,1,0,0,6.8,65.4,2,1,8.17,9.84,MEDIUM
2025-01-27 11:00:00,11,27,1,0,0,6.4,73.8,2,5,11.61,8.17,HIGH
2025-01-27 12:00:00,12,27,1,0,0,13.6,68.8,2,2,9.25,11.61,MEDIUM
2025-01-27 13:00:00,13,27,1,0,0,12.5,68.1,2,0,6.68,9.25,MEDIUM
2025-01-27 14:00:00,14,27,1,0,0,9.6,67.4,2,1,7.0,6.68,MEDIUM
2025-01-27 15:00:00,15,27,1,0,0,9.8,61.9,2,3,8.61,7.0,MEDIUM
2025-01-27 16:00:00,16,27,1,0,0,12.0,54.5,2,3,7.99,8.61,MEDIUM
2025-01-27 17:00:00,17,27,1,0,0,16.5,60.2,2,7,12.47,7.99,HIGH
2025-01-27 18:00:00,18,27,1,0,0,10.9,62.2,4,6,16.65,12.47,HIGH
2025-01-27 19:00:00,19,27,1,0,0,6.7,71.6,4,6,19.19,16.65,HIGH
2025-01-27 20:00:00,20,27,1,0,0,8.7,66.4,4,3,17.7,19.19,HIGH
2025-01-27 21:00:00,21,27,1,0,0,7.3,74.8,6,2,17.01,17.7,HIGH
2025-01-27 22:00:00,22,27,1,0,0,-0.0,75.2,5,1,12.79,17.01,HIGH
2025-01-27 23:00:00,23,27,1,0,0,5.4,63.1,2,2,9.65,12.79,MEDIUM
2025-01-28 00:00:00,0,28,1,1,0,3.9,55.7,2,2,9.07,9.65,MEDIUM
2025-01-28 01:00:00,1,28,1,1,0,5.4,74.2,3,0,6.09,9.07,LOW
2025-01-28 02:00:00,2,28,1,1,0,7.8,73.0,3,3,4.88,6.09,LOW
2025-01-28 03:00:00,3,28,1,1,0,5.8,57.5,3,9,6.64,4.88,MEDIUM
2025-01-28 04:00:00,4,28,1,1,0,2.5,76.1,2,3,5.72,6.64,LOW
2025-01-28 05:00:00,5,28,1,1,0,0.9,69.9,2,0,4.43,5.72,LOW
2025-01-28 06:00:00,6,28,1,1,0,10.9,64.6,2,3,5.29,4.43,LOW
2025-01-28 07:00:00,7,28,1,1,0,5.6,75.4,4,0,6.56,5.29,MEDIUM
2025-01-28 08:00:00,8,28,1,1,0,6.7,73.4,5,2,9.21,6.56,MEDIUM
2025-01-28 09:00:00,9,28,1,1,0,7.9,68.7,2,4,10.67,9.21,MEDIUM
2025-01-28 10:00:00,10,28,1,1,0,9.8,66.9,3,3,10.24,10.67,MEDIUM
2025-01-28 11:00:00,11,28,1,1,0,10.1,67.7,2,4,10.67,10.24,MEDIUM
2025-01-28 12:00:00,12,28,1,1,0,10.1,61.6,2,1,8.26,10.67,MEDIUM
2025-01-28 13:00:00,13,28,1,1,0,11.0,63.3,2,2,7.44,8.26,MEDIUM
2025-01-28 14:00:00,14,28,1,1,0,12.7,57.5,4,5,9.89,7.44,MEDIUM
2025-01-28 15:00:00,15,28,1,1,0,11.6,61.4,1,1,7.48,9.89,MEDIUM
2025-01-28 16:00:00,16,28,1,1,0,11.0,61.4,2,2,7.35,7.48,MEDIUM
2025-01-28 17:00:00,17,28,1,1,0,12.6,59.1,1,2,7.74,7.35,MEDIUM
2025-01-28 18:00:00,18,28,1,1,0,10.9,64.5,6,2,12.59,7.74,HIGH
2025-01-28 19:00:00,19,28,1,1,0,14.3,60.3,5,2,12.91,12.59,HIGH
2025-01-28 20:00:00,20,28,1,1,0,2.7,69.9,4,5,16.64,12.91,HIGH
2025-01-28 21:00:00,21,28,1,1,0,10.7,54.0,6,7,20.72,16.64,HIGH
2025-01-28 22:00:00,22,28,1,1,0,9.8,63.4,4,2,12.7,20.72,HIGH
2025-01-28 23:00:00,23,28,1,1,0,0.3,68.7,3,0,9.01,12.7,MEDIUM
2025-01-29 00:00:00,0,29,1,2,0,3.6,64.7,2,1,7.29,9.01,MEDIUM
2025-01-29 01:00:00,1,29,1,2,0,2.7,65.9,2,1,5.99,7.29,LOW
2025-01-29 02:00:00,2,29,1,2,0,-0.3,58.6,3,5,6.46,5.99,MEDIUM
2025-01-29 03:00:00,3,29,1,2,0,1.1,69.7,2,2,5.26,6.46,LOW
2025-01-29 04:00:00,4,29,1,2,0,0.4,71.7,5,2,5.47,5.26,LOW
2025-01-29 05:00:00,5,29,1,2,0,8.1,67.7,4,0,4.26,5.47,LOW
2025-01-29 06:00:00,6,29,1,2,0,6.8,71.5,3,2,5.32,4.26,LOW
2025-01-29 07:00:00,7,29,1,2,0,8.7,65.7,7,1,6.74,5.32,MEDIUM
2025-01-29 08:00:00,8,29,1,2,0,8.5,67.5,5,1,8.73,6.74,MEDIUM
2025-01-29 09:00:00,9,29,1,2,0,5.2,66.9,3,5,11.98,8.73,HIGH
2025-01-29 10:00:00,10,29,1,2,0,8.0,68.9,1,3,10.41,11.98,MEDIUM
2025-01-29 11:00:00,11,29,1,2,0,11.7,53.9,2,2,9.31,10.41,MEDIUM
2025-01-29 12:00:00,12,29,1,2,0,8.5,59.2,2,4,10.09,9.31,MEDIUM
2025-01-29 13:00:00,13,29,1,2,0,14.1,71.9,2,0,6.62,10.09,MEDIUM
2025-01-29 14:00:00,14,29,1,2,0,12.2,48.4,3,3,8.41,6.62,MEDIUM
2025-01-29 15:00:00,15,29,1,2,0,12.1,62.3,1,0,5.05,8.41,LOW
2025-01-29 16:00:00,16,29,1,2,0,14.6,69.2,2,0,3.85,5.05,LOW
2025-01-29 17:00:00,17,29,1,2,0,13.4,62.1,3,5,11.01,3.85,HIGH
2025-01-29 18:00:00,18,29,1,2,0,10.6,61.3,4,8,18.06,11.01,HIGH
2025-01-29 19:00:00,19,29,1,2,0,13.4,63.4,4,6,18.53,18.06,HIGH
2025-01-29 20:00:00,20,29,1,2,0,6.6,63.2,6,3,18.81,18.53,HIGH
2025-01-29 21:00:00,21,29,1,2,0,9.5,64.4,4,3,16.17,18.81,HIGH
2025-01-29 22:00:00,22,29,1,2,0,8.2,60.6,6,3,12.79,16.17,HIGH
2025-01-29 23:00:00,23,29,1,2,0,4.7,72.8,3,0,8.68,12.79,MEDIUM
2025-01-30 00:00:00,0,30,1,3,0,5.3,74.4,3,3,8.83,8.68,MEDIUM
2025-01-30 01:00:00,1,30,1,3,0,0.5,67.0,4,4,6.53,8.83,MEDIUM
2025-01-30 02:00:00,2,30,1,3,0,5.5,57.5,3,0,4.21,6.53,LOW
2025-01-30 03:00:00,3,30,1,3,0,2.5,63.9,3,2,4.07,4.21,LOW
2025-01-30 04:00:00,4,30,1,3,0,1.9,66.1,2,3,4.13,4.07,LOW
2025-01-30 05:00:00,5,30,1,3,0,6.3,68.5,3,1,4.05,4.13,LOW
2025-01-30 06:00:00,6,30,1,3,0,2.7,60.9,4,0,5.24,4.05,LOW
2025-01-30 07:00:00,7,30,1,3,0,2.0,62.6,4,3,8.93,5.24,MEDIUM
2025-01-30 08:00:00,8,30,1,3,0,2.8,69.9,4,1,10.17,8.93,MEDIUM
2025-01-30 09:00:00,9,30,1,3,0,9.5,69.8,2,1,8.1,10.17,MEDIUM
2025-01-30 10:00:00,10,30,1,3,0,6.1,61.8,3,3,10.16,8.1,MEDIUM
2025-01-30 11:00:00,11,30,1,3,0,14.9,54.0,2,0,6.82,10.16,MEDIUM
2025-01-30 12:00:00,12,30,1,3,0,6.3,85.2,2,4,9.74,6.82,MEDIUM
2025-01-30 13:00:00,13,30,1,3,0,16.6,66.1,1,1,6.74,9.74,MEDIUM
2025-01-30 14:00:00,14,30,1,3,0,13.4,61.0,1,4,7.49,6.74,MEDIUM
2025-01-30 15:00:00,15,30,1,3,0,12.8,68.1,3,3,8.87,7.49,MEDIUM
2025-01-30 16:00:00,16,30,1,3,0,11.5,62.7,3,2,8.62,8.87,MEDIUM
2025-01-30 17:00:00,17,30,1,3,0,13.3,67.9,2,3,10.05,8.62,MEDIUM
2025-01-30 18:00:00,18,30,1,3,0,11.4,64.4,5,1,11.2,10.05,HIGH
2025-01-30 19:00:00,19,30,1,3,0,13.3,63.2,5,3,13.31,11.2,HIGH
2025-01-30 20:00:00,20,30,1,3,0,9.6,63.5,5,4,16.73,13.31,HIGH
2025-01-30 21:00:00,21,30,1,3,0,8.4,56.0,4,5,17.9,16.73,HIGH
2025-01-30 22:00:00,22,30,1,3,0,5.8,77.3,5,7,15.68,17.9,HIGH
2025-01-30 23:00:00,23,30,1,3,0,5.4,60.2,5,0,10.82,15.68,MEDIUM
2025-01-31 00:00:00,0,31,1,4,0,5.2,57.8,4,1,9.3,10.82,MEDIUM
2025-01-31 01:00:00,1,31,1,4,0,-0.6,67.0,4,1,6.65,9.3,MEDIUM
2025-01-31 02:00:00,2,31,1,4,0,-0.2,62.3,4,2,5.69,6.65,LOW
2025-01-31 03:00:00,3,31,1,4,0,4.9,65.7,3,3,4.87,5.69,LOW
2025-01-31 04:00:00,4,31,1,4,0,3.6,70.7,2,2,4.11,4.87,LOW
2025-01-31 05:00:00,5,31,1,4,0,3.2,72.7,3,1,4.26,4.11,LOW
2025-01-31 06:00:00,6,31,1,4,0,4.5,71.1,3,3,6.75,4.26,MEDIUM
2025-01-31 07:00:00,7,31,1,4,0,6.4,63.6,6,0,7.23,6.75,MEDIUM
2025-01-31 08:00:00,8,31,1,4,0,5.4,66.1,5,4,11.37,7.23,HIGH
2025-01-31 09:00:00,9,31,1,4,0,6.1,68.0,1,2,9.81,11.37,MEDIUM
2025-01-31 10:00:00,10,31,1,4,0,9.8,53.5,3,0,8.21,9.81,MEDIUM
2025-01-31 11:00:00,11,31,1,4,0,8.1,68.2,2,3,8.83,8.21,MEDIUM
2025-01-31 12:00:00,12,31,1,4,0,12.6,54.2,1,2,7.01,8.83,MEDIUM
2025-01-31 13:00:00,13,31,1,4,0,8.1,77.0,2,1,6.88,7.01,MEDIUM
2025-01-31 14:00:00,14,31,1,4,0,15.4,59.4,4,2,8.09,6.88,MEDIUM
2025-01-31 15:00:00,15,31,1,4,0,14.2,61.2,1,1,5.62,8.09,LOW
2025-01-31 16:00:00,16,31,1,4,0,13.5,58.0,2,3,6.98,5.62,MEDIUM
2025-01-31 17:00:00,17,31,1,4,0,14.8,58.3,1,2,6.73,6.98,MEDIUM
2025-01-31 18:00:00,18,31,1,4,0,15.7,75.4,5,6,14.67,6.73,HIGH
2025-01-31 19:00:00,19,31,1,4,0,13.0,68.4,7,10,23.5,14.67,HIGH
2025-01-31 20:00:00,20,31,1,4,0,4.7,56.8,4,6,23.52,23.5,HIGH
2025-01-31 21:00:00,21,31,1,4,0,4.8,75.1,4,1,17.97,23.52,HIGH
2025-01-31 22:00:00,22,31,1,4,0,5.1,73.1,6,3,13.97,17.97,HIGH
2025-01-31 23:00:00,23,31,1,4,0,5.6,64.1,4,1,10.5,13.97,MEDIUM
2025-02-01 00:00:00,0,1,2,5,1,7.4,66.9,2,2,8.72,10.5,MEDIUM
2025-02-01 01:00:00,1,1,2,5,1,3.5,66.5,4,5,8.35,8.72,MEDIUM
2025-02-01 02:00:00,2,1,2,5,1,5.2,77.8,2,3,6.36,8.35,MEDIUM
2025-02-01 03:00:00,3,1,2,5,1,2.7,62.1,4,2,5.63,6.36,LOW
2025-02-01 04:00:00,4,1,2,5,1,3.2,67.6,2,2,4.78,5.63,LOW
2025-02-01 05:00:00,5,1,2,5,1,1.8,64.7,3,3,5.67,4.78,LOW
2025-02-01 06:00:00,6,1,2,5,1,3.8,57.9,2,4,8.42,5.67,MEDIUM
2025-02-01 07:00:00,7,1,2,5,1,3.7,79.7,5,2,9.62,8.42,MEDIUM
2025-02-01 08:00:00,8,1,2,5,1,5.9,58.6,5,5,14.24,9.62,HIGH
2025-02-01 09:00:00,9,1,2,5,1,12.2,64.4,5,2,13.04,14.24,HIGH
2025-02-01 10:00:00,10,1,2,5,1,8.5,54.2,5,2,12.77,13.04,HIGH
2025-02-01 11:00:00,11,1,2,5,1,18.7,58.1,7,3,12.86,12.77,HIGH
2025-02-01 12:00:00,12,1,2,5,1,14.4,64.8,4,1,10.77,12.86,MEDIUM
2025-02-01 13:00:00,13,1,2,5,1,14.4,57.3,4,4,11.73,10.77,HIGH
2025-02-01 14:00:00,14,1,2,5,1,12.3,66.6,5,1,10.32,11.73,MEDIUM
2025-02-01 15:00:00,15,1,2,5,1,16.4,59.8,6,2,11.05,10.32,HIGH
2025-02-01 16:00:00,16,1,2,5,1,13.0,69.8,7,1,11.77,11.05,HIGH
2025-02-01 17:00:00,17,1,2,5,1,14.2,70.5,4,1,11.17,11.77,HIGH
2025-02-01 18:00:00,18,1,2,5,1,19.5,56.7,5,4,14.67,11.17,HIGH
2025-02-01 19:00:00,19,1,2,5,1,11.9,63.7,5,3,16.33,14.67,HIGH
2025-02-01 20:00:00,20,1,2,5,1,13.8,63.6,4,8,22.55,16.33,HIGH
2025-02-01 21:00:00,21,1,2,5,1,7.8,68.6,5,4,22.14,22.55,HIGH
2025-02-01 22:00:00,22,1,2,5,1,8.2,64.8,5,6,17.48,22.14,HIGH
2025-02-01 23:00:00,23,1,2,5,1,11.5,64.5,3,3,12.56,17.48,HIGH
2025-02-02 00:00:00,0,2,2,6,1,4.5,64.7,3,2,10.64,12.56,MEDIUM
2025-02-02 01:00:00,1,2,2,6,1,9.8,64.8,2,5,7.64,10.64,MEDIUM
2025-02-02 02:00:00,2,2,2,6,1,6.5,73.2,3,2,5.32,7.64,LOW
2025-02-02 03:00:00,3,2,2,6,1,3.2,70.6,4,2,5.87,5.32,LOW
2025-02-02 04:00:00,4,2,2,6,1,6.4,69.6,5,5,6.2,5.87,LOW
2025-02-02 05:00:00,5,2,2,6,1,7.7,69.3,3,3,5.8,6.2,LOW
2025-02-02 06:00:00,6,2,2,6,1,7.6,64.0,5,1,7.78,5.8,MEDIUM
2025-02-02 07:00:00,7,2,2,6,1,3.2,68.6,5,5,11.4,7.78,HIGH
2025-02-02 08:00:00,8,2,2,6,1,6.5,58.9,4,1,11.46,11.4,HIGH
2025-02-02 09:00:00,9,2,2,6,1,9.0,72.0,5,5,15.46,11.46,HIGH
2025-02-02 10:00:00,10,2,2,6,1,10.7,47.0,4,3,13.66,15.46,HIGH
2025-02-02 11:00:00,11,2,2,6,1,13.7,62.0,5,3,13.85,13.66,HIGH
2025-02-02 12:00:00,12,2,2,6,1,13.6,69.4,7,4,15.85,13.85,HIGH
2025-02-02 13:00:00,13,2,2,6,1,10.6,55.6,7,5,17.25,15.85,HIGH
2025-02-02 14:00:00,14,2,2,6,1,15.4,64.2,7,1,14.22,17.25,HIGH
2025-02-02 15:00:00,15,2,2,6,1,16.1,57.5,6,2,12.71,14.22,HIGH
2025-02-02 16:00:00,16,2,2,6,1,15.8,59.5,4,7,15.65,12.71,HIGH
2025-02-02 17:00:00,17,2,2,6,1,16.6,67.0,5,5,17.95,15.65,HIGH
2025-02-02 18:00:00,18,2,2,6,1,15.2,63.1,6,6,21.31,17.95,HIGH
2025-02-02 19:00:00,19,2,2,6,1,13.3,50.5,4,2,16.68,21.31,HIGH
2025-02-02 20:00:00,20,2,2,6,1,10.7,57.9,4,3,16.84,16.68,HIGH
2025-02-02 21:00:00,21,2,2,6,1,5.5,71.7,4,1,16.02,16.84,HIGH
2025-02-02 22:00:00,22,2,2,6,1,9.4,66.9,4,5,13.9,16.02,HIGH
2025-02-02 23:00:00,23,2,2,6,1,7.6,75.4,4,5,13.18,13.9,HIGH
2025-02-03 00:00:00,0,3,2,0,0,6.8,75.4,5,2,10.86,13.18,MEDIUM
2025-02-03 01:00:00,1,3,2,0,0,2.1,65.1,2,0,6.8,10.86,MEDIUM
2025-02-03 02:00:00,2,3,2,0,0,2.1,82.2,2,0,4.33,6.8,LOW
2025-02-03 03:00:00,3,3,2,0,0,7.2,65.3,2,5,4.23,4.33,LOW
2025-02-03 04:00:00,4,3,2,0,0,4.7,60.3,4,1,3.61,4.23,LOW
2025-02-03 05:00:00,5,3,2,0,0,7.0,61.4,5,3,3.86,3.61,LOW
2025-02-03 06:00:00,6,3,2,0,0,6.1,52.0,2,3,5.57,3.86,LOW
2025-02-03 07:00:00,7,3,2,0,0,7.2,74.8,4,2,7.33,5.57,MEDIUM
2025-02-03 08:00:00,8,3,2,0,0,10.7,73.3,4,3,8.98,7.33,MEDIUM
2025-02-03 09:00:00,9,3,2,0,0,8.3,58.6,2,0,6.98,8.98,MEDIUM
2025-02-03 10:00:00,10,3,2,0,0,11.1,62.2,2,1,6.75,6.98,MEDIUM
2025-02-03 11:00:00,11,3,2,0,0,11.0,64.2,1,2,6.65,6.75,MEDIUM
2025-02-03 12:00:00,12,3,2,0,0,12.1,57.4,3,2,7.87,6.65,MEDIUM
2025-02-03 13:00:00,13,3,2,0,0,13.2,52.2,3,1,6.95,7.87,MEDIUM
2025-02-03 14:00:00,14,3,2,0,0,15.0,60.7,2,2,6.5,6.95,MEDIUM
2025-02-03 15:00:00,15,3,2,0,0,13.4,60.7,1,5,8.37,6.5,MEDIUM
2025-02-03 16:00:00,16,3,2,0,0,17.6,58.6,2,1,6.31,8.37,MEDIUM
2025-02-03 17:00:00,17,3,2,0,0,11.7,64.7,1,2,8.36,6.31,MEDIUM
2025-02-03 18:00:00,18,3,2,0,0,12.7,71.5,4,8,16.66,8.36,HIGH
2025-02-03 19:00:00,19,3,2,0,0,11.0,61.8,6,5,18.95,16.66,HIGH
2025-02-03 20:00:00,20,3,2,0,0,14.5,63.2,6,5,19.01,18.95,HIGH
2025-02-03 21:00:00,21,3,2,0,0,10.1,68.3,7,4,20.67,19.01,HIGH
2025-02-03 22:00:00,22,3,2,0,0,10.9,67.0,5,9,17.53,20.67,HIGH
2025-02-03 23:00:00,23,3,2,0,0,3.4,63.0,2,3,12.17,17.53,HIGH
2025-02-04 00:00:00,0,4,2,1,0,6.7,65.9,3,1,8.8,12.17,MEDIUM
2025-02-04 01:00:00,1,4,2,1,0,7.5,68.3,2,2,6.43,8.8,MEDIUM
2025-02-04 02:00:00,2,4,2,1,0,5.0,59.2,4,4,5.71,6.43,LOW
2025-02-04 03:00:00,3,4,2,1,0,7.3,72.7,2,1,4.13,5.71,LOW
2025-02-04 04:00:00,4,4,2,1,0,3.5,75.2,3,1,3.01,4.13,LOW
2025-02-04 05:00:00,5,4,2,1,0,8.8,60.1,2,3,3.74,3.01,LOW
2025-02-04 06:00:00,6,4,2,1,0,11.8,64.4,2,1,3.97,3.74,LOW
2025-02-04 07:00:00,7,4,2,1,0,6.2,69.4,6,1,6.85,3.97,MEDIUM
2025-02-04 08:00:00,8,4,2,1,0,7.2,61.8,4,2,9.22,6.85,MEDIUM
2025-02-04 09:00:00,9,4,2,1,0,13.2,65.6,2,0,6.47,9.22,MEDIUM
2025-02-04 10:00:00,10,4,2,1,0,14.9,63.0,1,2,5.74,6.47,LOW
2025-02-04 11:00:00,11,4,2,1,0,10.8,54.9,3,1,6.6,5.74,MEDIUM
2025-02-04 12:00:00,12,4,2,1,0,12.1,65.9,2,2,6.52,6.6,MEDIUM
2025-02-04 13:00:00,13,4,2,1,0,13.2,56.1,2,2,6.84,6.52,MEDIUM
2025-02-04 14:00:00,14,4,2,1,0,11.1,69.2,4,2,8.64,6.84,MEDIUM
2025-02-04 15:00:00,15,4,2,1,0,12.3,59.1,2,4,9.46,8.64,MEDIUM
2025-02-04 16:00:00,16,4,2,1,0,11.9,62.3,1,3,8.52,9.46,MEDIUM
2025-02-04 17:00:00,17,4,2,1,0,12.0,71.4,3,6,13.86,8.52,HIGH
2025-02-04 18:00:00,18,4,2,1,0,13.1,65.7,5,2,13.47,13.86,HIGH
2025-02-04 19:00:00,19,4,2,1,0,12.7,56.4,8,5,18.36,13.47,HIGH
2025-02-04 20:00:00,20,4,2,1,0,14.8,56.0,4,5,17.33,18.36,HIGH
2025-02-04 21:00:00,21,4,2,1,0,7.1,61.6,4,3,17.31,17.33,HIGH
2025-02-04 22:00:00,22,4,2,1,0,10.8,66.0,5,5,13.88,17.31,HIGH
2025-02-04 23:00:00,23,4,2,1,0,6.6,67.5,4,5,12.56,13.88,HIGH
2025-02-05 00:00:00,0,5,2,2,0,5.9,60.6,2,3,9.86,12.56,MEDIUM
2025-02-05 01:00:00,1,5,2,2,0,7.0,58.2,2,1,6.01,9.86,LOW
2025-02-05 02:00:00,2,5,2,2,0,2.0,68.9,2,0,4.32,6.01,LOW
2025-02-05 03:00:00,3,5,2,2,0,5.6,64.7,2,3,4.09,4.32,LOW
2025-02-05 04:00:00,4,5,2,2,0,5.2,78.9,3,2,4.3,4.09,LOW
2025-02-05 05:00:00,5,5,2,2,0,6.5,65.6,2,1,3.26,4.3,LOW
2025-02-05 06:00:00,6,5,2,2,0,6.8,76.2,2,2,4.6,3.26,LOW
2025-02-05 07:00:00,7,5,2,2,0,13.2,55.7,6,0,5.46,4.6,LOW
2025-02-05 08:00:00,8,5,2,2,0,6.7,55.9,6,2,9.99,5.46,MEDIUM
2025-02-05 09:00:00,9,5,2,2,0,8.3,58.0,2,1,8.08,9.99,MEDIUM
2025-02-05 10:00:00,10,5,2,2,0,9.3,71.4,1,1,7.09,8.08,MEDIUM
2025-02-05 11:00:00,11,5,2,2,0,10.7,74.3,2,1,7.0,7.09,MEDIUM
2025-02-05 12:00:00,12,5,2,2,0,11.5,58.7,2,1,7.01,7.0,MEDIUM
2025-02-05 13:00:00,13,5,2,2,0,16.9,58.5,3,0,6.05,7.01,LOW
2025-02-05 14:00:00,14,5,2,2,0,18.0,53.8,1,2,5.43,6.05,LOW
2025-02-05 15:00:00,15,5,2,2,0,13.2,51.9,2,2,6.23,5.43,MEDIUM
2025-02-05 16:00:00,16,5,2,2,0,12.4,67.4,1,2,5.66,6.23,LOW
2025-02-05 17:00:00,17,5,2,2,0,15.1,63.3,2,8,13.68,5.66,HIGH
2025-02-05 18:00:00,18,5,2,2,0,11.8,63.3,4,7,18.49,13.68,HIGH
2025-02-05 19:00:00,19,5,2,2,0,13.7,54.1,4,7,19.77,18.49,HIGH
2025-02-05 20:00:00,20,5,2,2,0,11.4,73.3,4,5,19.13,19.77,HIGH
2025-02-05 21:00:00,21,5,2,2,0,5.8,62.7,5,3,18.05,19.13,HIGH
2025-02-05 22:00:00,22,5,2,2,0,12.2,66.3,5,4,13.24,18.05,HIGH
2025-02-05 23:00:00,23,5,2,2,0,11.6,54.6,4,2,9.31,13.24,MEDIUM
2025-02-06 00:00:00,0,6,2,3,0,4.5,65.1,4,5,10.64,9.31,MEDIUM
2025-02-06 01:00:00,1,6,2,3,0,4.3,68.0,3,3,7.2,10.64,MEDIUM
2025-02-06 02:00:00,2,6,2,3,0,5.5,67.8,2,1,5.33,7.2,LOW
2025-02-06 03:00:00,3,6,2,3,0,5.4,66.8,3,0,4.05,5.33,LOW
2025-02-06 04:00:00,4,6,2,3,0,6.4,68.4,5,2,4.51,4.05,LOW
2025-02-06 05:00:00,5,6,2,3,0,10.3,57.1,4,0,3.52,4.51,LOW
2025-02-06 06:00:00,6,6,2,3,0,5.6,66.9,3,6,8.55,3.52,MEDIUM
2025-02-06 07:00:00,7,6,2,3,0,5.1,66.6,5,3,9.93,8.55,MEDIUM
2025-02-06 08:00:00,8,6,2,3,0,4.9,67.4,5,4,12.87,9.93,HIGH
2025-02-06 09:00:00,9,6,2,3,0,7.8,65.3,3,1,10.36,12.87,MEDIUM
2025-02-06 10:00:00,10,6,2,3,0,10.8,56.0,2,1,8.58,10.36,MEDIUM
2025-02-06 11:00:00,11,6,2,3,0,16.6,53.5,2,3,7.53,8.58,MEDIUM
2025-02-06 12:00:00,12,6,2,3,0,11.8,50.0,1,3,7.76,7.53,MEDIUM
2025-02-06 13:00:00,13,6,2,3,0,14.5,67.1,1,2,6.45,7.76,MEDIUM
2025-02-06 14:00:00,14,6,2,3,0,14.4,67.2,1,1,5.73,6.45,LOW
2025-02-06 15:00:00,15,6,2,3,0,17.6,66.0,2,2,5.92,5.73,LOW
2025-02-06 16:00:00,16,6,2,3,0,20.8,61.5,3,1,4.92,5.92,LOW
2025-02-06 17:00:00,17,6,2,3,0,12.6,50.2,3,3,8.98,4.92,MEDIUM
2025-02-06 18:00:00,18,6,2,3,0,11.9,57.1,5,5,15.14,8.98,HIGH
2025-02-06 19:00:00,19,6,2,3,0,14.7,63.1,5,5,17.15,15.14,HIGH
2025-02-06 20:00:00,20,6,2,3,0,12.6,63.8,6,5,18.56,17.15,HIGH
2025-02-06 21:00:00,21,6,2,3,0,14.2,61.0,5,4,17.11,18.56,HIGH
2025-02-06 22:00:00,22,6,2,3,0,9.8,66.3,4,2,11.77,17.11,HIGH
2025-02-06 23:00:00,23,6,2,3,0,6.2,65.6,3,1,8.73,11.77,MEDIUM
2025-02-07 00:00:00,0,7,2,4,0,7.5,65.7,3,1,7.14,8.73,MEDIUM
2025-02-07 01:00:00,1,7,2,4,0,8.0,61.0,3,2,5.08,7.14,LOW
2025-02-07 02:00:00,2,7,2,4,0,6.8,71.2,2,1,3.67,5.08,LOW
2025-02-07 03:00:00,3,7,2,4,0,5.9,63.1,4,0,4.19,3.67,LOW
2025-02-07 04:00:00,4,7,2,4,0,7.4,57.1,3,2,3.8,4.19,LOW
2025-02-07 05:00:00,5,7,2,4,0,8.2,60.1,2,3,3.56,3.8,LOW
2025-02-07 06:00:00,6,7,2,4,0,9.5,62.1,4,2,5.84,3.56,LOW
2025-02-07 07:00:00,7,7,2,4,0,8.7,70.5,4,1,6.23,5.84,MEDIUM
2025-02-07 08:00:00,8,7,2,4,0,7.9,64.6,4,2,8.29,6.23,MEDIUM
2025-02-07 09:00:00,9,7,2,4,0,10.0,62.9,1,3,8.19,8.29,MEDIUM
2025-02-07 10:00:00,10,7,2,4,0,13.9,54.9,3,1,7.17,8.19,MEDIUM
2025-02-07 11:00:00,11,7,2,4,0,10.1,68.7,3,2,8.32,7.17,MEDIUM
2025-02-07 12:00:00,12,7,2,4,0,14.1,58.4,3,3,8.9,8.32,MEDIUM
2025-02-07 13:00:00,13,7,2,4,0,13.0,62.2,3,2,8.08,8.9,MEDIUM
2025-02-07 14:00:00,14,7,2,4,0,14.5,71.1,1,0,5.42,8.08,LOW
2025-02-07 15:00:00,15,7,2,4,0,17.8,63.9,2,7,9.79,5.42,MEDIUM
2025-02-07 16:00:00,16,7,2,4,0,14.9,52.3,2,2,7.59,9.79,MEDIUM
2025-02-07 17:00:00,17,7,2,4,0,14.1,51.7,2,1,6.94,7.59,MEDIUM
2025-02-07 18:00:00,18,7,2,4,0,9.7,63.7,5,1,10.0,6.94,MEDIUM
2025-02-07 19:00:00,19,7,2,4,0,14.0,55.1,5,6,15.78,10.0,HIGH
2025-02-07 20:00:00,20,7,2,4,0,12.5,66.9,4,6,17.99,15.78,HIGH
2025-02-07 21:00:00,21,7,2,4,0,15.0,62.3,4,5,17.3,17.99,HIGH
2025-02-07 22:00:00,22,7,2,4,0,7.5,66.0,4,5,13.31,17.3,HIGH
2025-02-07 23:00:00,23,7,2,4,0,7.7,60.7,2,4,10.92,13.31,MEDIUM
2025-02-08 00:00:00,0,8,2,5,1,6.7,75.8,4,3,10.4,10.92,MEDIUM
2025-02-08 01:00:00,1,8,2,5,1,9.2,81.4,3,4,8.18,10.4,MEDIUM
2025-02-08 02:00:00,2,8,2,5,1,4.5,64.5,3,6,8.03,8.18,MEDIUM
2025-02-08 03:00:00,3,8,2,5,1,5.3,68.0,5,2,6.25,8.03,MEDIUM
2025-02-08 04:00:00,4,8,2,5,1,6.3,66.1,2,4,5.81,6.25,LOW
2025-02-08 05:00:00,5,8,2,5,1,5.7,64.2,2,6,6.7,5.81,MEDIUM
2025-02-08 06:00:00,6,8,2,5,1,5.0,61.0,4,4,9.81,6.7,MEDIUM
2025-02-08 07:00:00,7,8,2,5,1,7.6,58.5,4,4,10.06,9.81,MEDIUM
2025-02-08 08:00:00,8,8,2,5,1,11.0,56.8,6,4,13.76,10.06,HIGH
2025-02-08 09:00:00,9,8,2,5,1,7.0,67.6,4,2,13.37,13.76,HIGH
2025-02-08 10:00:00,10,8,2,5,1,11.2,60.4,5,2,13.34,13.37,HIGH
2025-02-08 11:00:00,11,8,2,5,1,10.4,48.4,4,3,13.09,13.34,HIGH
2025-02-08 12:00:00,12,8,2,5,1,16.1,64.2,4,2,10.5,13.09,MEDIUM
2025-02-08 13:00:00,13,8,2,5,1,10.1,63.7,5,2,12.43,10.5,HIGH
2025-02-08 14:00:00,14,8,2,5,1,13.0,70.9,4,1,10.5,12.43,MEDIUM
2025-02-08 15:00:00,15,8,2,5,1,15.6,64.0,6,5,14.55,10.5,HIGH
2025-02-08 16:00:00,16,8,2,5,1,18.4,51.8,5,3,12.87,14.55,HIGH
2025-02-08 17:00:00,17,8,2,5,1,13.8,49.1,6,5,18.59,12.87,HIGH
2025-02-08 18:00:00,18,8,2,5,1,11.8,59.0,4,4,18.3,18.59,HIGH
2025-02-08 19:00:00,19,8,2,5,1,16.8,57.5,4,5,18.18,18.3,HIGH
2025-02-08 20:00:00,20,8,2,5,1,7.3,70.7,5,7,24.59,18.18,HIGH
2025-02-08 21:00:00,21,8,2,5,1,4.1,66.3,4,3,22.24,24.59,HIGH
2025-02-08 22:00:00,22,8,2,5,1,9.4,71.0,4,3,15.41,22.24,HIGH
2025-02-08 23:00:00,23,8,2,5,1,5.9,57.7,2,3,12.11,15.41,HIGH
2025-02-09 00:00:00,0,9,2,6,1,3.5,72.4,2,3,10.46,12.11,MEDIUM
2025-02-09 01:00:00,1,9,2,6,1,7.0,69.5,4,3,7.72,10.46,MEDIUM
2025-02-09 02:00:00,2,9,2,6,1,5.4,53.7,2,2,5.75,7.72,LOW
2025-02-09 03:00:00,3,9,2,6,1,3.2,74.7,2,4,5.47,5.75,LOW
2025-02-09 04:00:00,4,9,2,6,1,1.6,67.9,3,4,5.62,5.47,LOW
2025-02-09 05:00:00,5,9,2,6,1,7.5,67.4,5,3,5.08,5.62,LOW
2025-02-09 06:00:00,6,9,2,6,1,7.7,59.7,3,5,8.36,5.08,MEDIUM
2025-02-09 07:00:00,7,9,2,6,1,6.9,72.9,5,7,13.29,8.36,HIGH
2025-02-09 08:00:00,8,9,2,6,1,12.9,55.7,5,2,11.79,13.29,HIGH
2025-02-09 09:00:00,9,9,2,6,1,6.9,70.2,4,4,14.05,11.79,HIGH
2025-02-09 10:00:00,10,9,2,6,1,7.1,70.1,4,2,13.28,14.05,HIGH
2025-02-09 11:00:00,11,9,2,6,1,10.4,58.0,4,2,12.11,13.28,HIGH
2025-02-09 12:00:00,12,9,2,6,1,13.0,74.7,7,1,12.74,12.11,HIGH
2025-02-09 13:00:00,13,9,2,6,1,14.5,63.6,6,1,11.53,12.74,HIGH
2025-02-09 14:00:00,14,9,2,6,1,13.8,66.4,5,3,12.72,11.53,HIGH
2025-02-09 15:00:00,15,9,2,6,1,15.5,52.6,7,2,13.19,12.72,HIGH
2025-02-09 16:00:00,16,9,2,6,1,11.3,76.2,4,8,17.14,13.19,HIGH
2025-02-09 17:00:00,17,9,2,6,1,17.5,53.7,4,5,18.13,17.14,HIGH
2025-02-09 18:00:00,18,9,2,6,1,12.9,69.0,5,4,18.91,18.13,HIGH
2025-02-09 19:00:00,19,9,2,6,1,14.9,56.1,4,3,16.14,18.91,HIGH
2025-02-09 20:00:00,20,9,2,6,1,11.8,59.6,5,5,19.65,16.14,HIGH
2025-02-09 21:00:00,21,9,2,6,1,10.7,68.5,5,4,20.11,19.65,HIGH
2025-02-09 22:00:00,22,9,2,6,1,9.7,70.3,4,9,18.95,20.11,HIGH
2025-02-09 23:00:00,23,9,2,6,1,8.2,57.1,4,4,15.07,18.95,HIGH
2025-02-10 00:00:00,0,10,2,0,0,7.7,71.5,6,2,11.64,15.07,HIGH
2025-02-10 01:00:00,1,10,2,0,0,8.6,70.8,7,1,8.15,11.64,MEDIUM
2025-02-10 02:00:00,2,10,2,0,0,5.3,60.3,2,1,5.07,8.15,LOW
2025-02-10 03:00:00,3,10,2,0,0,6.4,75.0,4,1,3.78,5.07,LOW
2025-02-10 04:00:00,4,10,2,0,0,4.6,57.4,2,3,3.78,3.78,LOW
2025-02-10 05:00:00,5,10,2,0,0,8.9,60.7,3,1,2.89,3.78,LOW
2025-02-10 06:00:00,6,10,2,0,0,4.4,69.1,2,1,4.57,2.89,LOW
2025-02-10 07:00:00,7,10,2,0,0,11.6,58.2,4,2,6.55,4.57,MEDIUM
2025-02-10 08:00:00,8,10,2,0,0,8.2,66.3,5,1,8.54,6.55,MEDIUM
2025-02-10 09:00:00,9,10,2,0,0,6.0,67.0,3,1,8.78,8.54,MEDIUM
2025-02-10 10:00:00,10,10,2,0,0,11.2,62.4,1,5,9.53,8.78,MEDIUM
2025-02-10 11:00:00,11,10,2,0,0,10.4,68.8,1,2,7.85,9.53,MEDIUM
2025-02-10 12:00:00,12,10,2,0,0,15.2,60.5,3,2,7.81,7.85,MEDIUM
2025-02-10 13:00:00,13,10,2,0,0,12.3,64.5,2,2,7.46,7.81,MEDIUM
2025-02-10 14:00:00,14,10,2,0,0,13.3,69.6,3,3,8.34,7.46,MEDIUM
2025-02-10 15:00:00,15,10,2,0,0,9.9,68.8,1,5,10.29,8.34,MEDIUM
2025-02-10 16:00:00,16,10,2,0,0,13.3,67.4,1,2,7.96,10.29,MEDIUM
2025-02-10 17:00:00,17,10,2,0,0,7.9,57.9,1,4,11.71,7.96,HIGH
2025-02-10 18:00:00,18,10,2,0,0,9.2,67.5,5,6,17.74,11.71,HIGH
2025-02-10 19:00:00,19,10,2,0,0,14.0,57.1,4,3,14.95,17.74,HIGH
2025-02-10 20:00:00,20,10,2,0,0,12.9,55.2,6,3,15.86,14.95,HIGH
2025-02-10 21:00:00,21,10,2,0,0,10.7,63.3,7,3,17.01,15.86,HIGH
2025-02-10 22:00:00,22,10,2,0,0,5.9,60.2,4,3,13.4,17.01,HIGH
2025-02-10 23:00:00,23,10,2,0,0,7.0,69.9,3,1,9.09,13.4,MEDIUM
2025-02-11 00:00:00,0,11,2,1,0,6.1,70.4,2,0,7.0,9.09,MEDIUM
2025-02-11 01:00:00,1,11,2,1,0,2.4,55.6,3,3,6.13,7.0,LOW
2025-02-11 02:00:00,2,11,2,1,0,8.5,59.6,3,1,4.19,6.13,LOW
2025-02-11 03:00:00,3,11,2,1,0,6.8,56.5,3,3,4.38,4.19,LOW
2025-02-11 04:00:00,4,11,2,1,0,4.2,63.5,3,3,4.6,4.38,LOW
2025-02-11 05:00:00,5,11,2,1,0,5.3,68.6,3,2,4.55,4.6,LOW
2025-02-11 06:00:00,6,11,2,1,0,6.6,63.9,3,3,6.66,4.55,MEDIUM
2025-02-11 07:00:00,7,11,2,1,0,2.0,63.7,7,1,8.36,6.66,MEDIUM
2025-02-11 08:00:00,8,11,2,1,0,7.7,72.7,5,1,9.69,8.36,MEDIUM
2025-02-11 09:00:00,9,11,2,1,0,7.9,51.0,1,1,7.86,9.69,MEDIUM
2025-02-11 10:00:00,10,11,2,1,0,8.4,72.1,1,3,8.11,7.86,MEDIUM
2025-02-11 11:00:00,11,11,2,1,0,11.4,60.2,2,1,6.17,8.11,LOW
2025-02-11 12:00:00,12,11,2,1,0,17.6,60.5,1,2,5.55,6.17,LOW
2025-02-11 13:00:00,13,11,2,1,0,15.5,58.6,1,1,4.74,5.55,LOW
2025-02-11 14:00:00,14,11,2,1,0,13.0,72.1,4,1,6.6,4.74,MEDIUM
2025-02-11 15:00:00,15,11,2,1,0,16.0,54.2,4,1,7.18,6.6,MEDIUM
2025-02-11 16:00:00,16,11,2,1,0,17.9,60.9,2,2,6.63,7.18,MEDIUM
2025-02-11 17:00:00,17,11,2,1,0,16.2,64.7,2,2,7.83,6.63,MEDIUM
2025-02-11 18:00:00,18,11,2,1,0,13.3,53.0,6,3,12.81,7.83,HIGH
2025-02-11 19:00:00,19,11,2,1,0,10.5,58.3,5,3,14.65,12.81,HIGH
2025-02-11 20:00:00,20,11,2,1,0,12.6,62.1,4,6,16.9,14.65,HIGH
2025-02-11 21:00:00,21,11,2,1,0,10.6,58.4,4,3,16.21,16.9,HIGH
2025-02-11 22:00:00,22,11,2,1,0,10.6,58.9,8,7,15.7,16.21,HIGH
2025-02-11 23:00:00,23,11,2,1,0,8.7,62.4,3,0,9.44,15.7,MEDIUM
2025-02-12 00:00:00,0,12,2,2,0,8.7,68.4,4,4,9.81,9.44,MEDIUM
2025-02-12 01:00:00,1,12,2,2,0,3.9,64.4,2,2,5.81,9.81,LOW
2025-02-12 02:00:00,2,12,2,2,0,8.1,71.2,2,2,4.17,5.81,LOW
2025-02-12 03:00:00,3,12,2,2,0,5.1,60.0,2,0,3.01,4.17,LOW
2025-02-12 04:00:00,4,12,2,2,0,10.0,56.5,5,1,3.15,3.01,LOW
2025-02-12 05:00:00,5,12,2,2,0,3.6,78.1,2,3,4.52,3.15,LOW
2025-02-12 06:00:00,6,12,2,2,0,10.4,59.9,2,3,5.7,4.52,LOW
2025-02-12 07:00:00,7,12,2,2,0,7.6,57.1,5,2,7.04,5.7,MEDIUM
2025-02-12 08:00:00,8,12,2,2,0,6.7,54.9,5,0,8.15,7.04,MEDIUM
2025-02-12 09:00:00,9,12,2,2,0,8.4,71.1,1,4,9.64,8.15,MEDIUM
2025-02-12 10:00:00,10,12,2,2,0,10.1,61.9,1,1,6.63,9.64,MEDIUM
2025-02-12 11:00:00,11,12,2,2,0,13.2,61.2,1,4,7.85,6.63,MEDIUM
2025-02-12 12:00:00,12,12,2,2,0,14.5,61.2,4,2,8.14,7.85,MEDIUM
2025-02-12 13:00:00,13,12,2,2,0,12.5,69.1,1,0,5.61,8.14,LOW
2025-02-12 14:00:00,14,12,2,2,0,14.4,61.2,1,2,5.19,5.61,LOW
2025-02-12 15:00:00,15,12,2,2,0,20.0,74.1,1,2,4.91,5.19,LOW
2025-02-12 16:00:00,16,12,2,2,0,18.8,61.3,4,1,5.59,4.91,LOW
2025-02-12 17:00:00,17,12,2,2,0,15.0,68.4,2,6,10.89,5.59,MEDIUM
2025-02-12 18:00:00,18,12,2,2,0,13.2,67.6,4,6,16.22,10.89,HIGH
2025-02-12 19:00:00,19,12,2,2,0,12.4,62.8,5,6,18.97,16.22,HIGH
2025-02-12 20:00:00,20,12,2,2,0,12.4,59.5,6,4,19.08,18.97,HIGH
2025-02-12 21:00:00,21,12,2,2,0,7.1,67.2,4,4,18.32,19.08,HIGH
2025-02-12 22:00:00,22,12,2,2,0,7.7,68.0,4,7,15.49,18.32,HIGH
2025-02-12 23:00:00,23,12,2,2,0,2.9,63.4,2,2,10.53,15.49,MEDIUM
2025-02-13 00:00:00,0,13,2,3,0,7.1,66.2,2,4,9.18,10.53,MEDIUM
2025-02-13 01:00:00,1,13,2,3,0,6.9,72.7,3,1,5.63,9.18,LOW
2025-02-13 02:00:00,2,13,2,3,0,3.6,79.0,4,2,5.21,5.63,LOW
2025-02-13 03:00:00,3,13,2,3,0,8.5,69.7,3,1,4.64,5.21,LOW
2025-02-13 04:00:00,4,13,2,3,0,1.7,78.5,3,1,4.56,4.64,LOW
2025-02-13 05:00:00,5,13,2,3,0,1.6,63.6,3,1,4.78,4.56,LOW
2025-02-13 06:00:00,6,13,2,3,0,6.6,69.6,3,4,7.6,4.78,MEDIUM
2025-02-13 07:00:00,7,13,2,3,0,9.7,72.2,6,3,9.09,7.6,MEDIUM
2025-02-13 08:00:00,8,13,2,3,0,12.5,57.6,4,1,8.06,9.09,MEDIUM
2025-02-13 09:00:00,9,13,2,3,0,8.5,61.7,1,1,6.95,8.06,MEDIUM
2025-02-13 10:00:00,10,13,2,3,0,13.6,73.0,3,1,6.63,6.95,MEDIUM
2025-02-13 11:00:00,11,13,2,3,0,12.0,57.3,1,2,6.72,6.63,MEDIUM
2025-02-13 12:00:00,12,13,2,3,0,12.7,54.9,1,2,5.88,6.72,LOW
2025-02-13 13:00:00,13,13,2,3,0,16.1,70.7,2,1,5.28,5.88,LOW
2025-02-13 14:00:00,14,13,2,3,0,16.1,68.7,1,3,6.02,5.28,LOW
2025-02-13 15:00:00,15,13,2,3,0,10.7,66.3,2,1,6.79,6.02,MEDIUM
2025-02-13 16:00:00,16,13,2,3,0,18.1,60.5,1,3,5.99,6.79,LOW
2025-02-13 17:00:00,17,13,2,3,0,17.4,58.4,1,2,6.5,5.99,MEDIUM
2025-02-13 18:00:00,18,13,2,3,0,11.6,65.1,5,10,19.02,6.5,HIGH
2025-02-13 19:00:00,19,13,2,3,0,13.1,72.2,5,2,15.88,19.02,HIGH
2025-02-13 20:00:00,20,13,2,3,0,12.1,64.6,4,6,18.13,15.88,HIGH
2025-02-13 21:00:00,21,13,2,3,0,10.3,76.9,6,7,22.03,18.13,HIGH
2025-02-13 22:00:00,22,13,2,3,0,6.9,59.9,5,3,15.27,22.03,HIGH
2025-02-13 23:00:00,23,13,2,3,0,5.4,65.7,3,2,11.26,15.27,HIGH
2025-02-14 00:00:00,0,14,2,4,0,6.0,63.4,4,4,11.57,11.26,HIGH
2025-02-14 01:00:00,1,14,2,4,0,8.2,58.2,4,2,7.76,11.57,MEDIUM
2025-02-14 02:00:00,2,14,2,4,0,6.1,64.6,3,4,6.31,7.76,MEDIUM
2025-02-14 03:00:00,3,14,2,4,0,3.7,69.0,4,1,5.54,6.31,LOW
2025-02-14 04:00:00,4,14,2,4,0,6.7,68.5,4,3,4.62,5.54,LOW
2025-02-14 05:00:00,5,14,2,4,0,-1.8,81.7,2,1,4.11,4.62,LOW
2025-02-14 06:00:00,6,14,2,4,0,8.9,67.2,3,0,4.46,4.11,LOW
2025-02-14 07:00:00,7,14,2,4,0,2.8,73.8,4,1,5.99,4.46,LOW
2025-02-14 08:00:00,8,14,2,4,0,7.4,65.4,6,4,11.11,5.99,HIGH
2025-02-14 09:00:00,9,14,2,4,0,6.8,75.3,2,4,10.98,11.11,MEDIUM
2025-02-14 10:00:00,10,14,2,4,0,7.7,79.3,1,3,9.61,10.98,MEDIUM
2025-02-14 11:00:00,11,14,2,4,0,15.0,65.2,4,3,9.72,9.61,MEDIUM
2025-02-14 12:00:00,12,14,2,4,0,12.0,57.2,1,0,5.92,9.72,LOW
2025-02-14 13:00:00,13,14,2,4,0,14.8,58.8,1,0,4.24,5.92,LOW
2025-02-14 14:00:00,14,14,2,4,0,14.3,64.0,2,0,4.09,4.24,LOW
2025-02-14 15:00:00,15,14,2,4,0,15.8,64.4,3,1,5.17,4.09,LOW
2025-02-14 16:00:00,16,14,2,4,0,14.6,66.4,2,2,5.78,5.17,LOW
2025-02-14 17:00:00,17,14,2,4,0,10.7,66.5,2,3,9.56,5.78,MEDIUM
2025-02-14 18:00:00,18,14,2,4,0,15.6,61.8,4,5,13.57,9.56,HIGH
2025-02-14 19:00:00,19,14,2,4,0,10.9,59.8,4,2,13.16,13.57,HIGH
2025-02-14 20:00:00,20,14,2,4,0,7.0,67.6,6,2,15.33,13.16,HIGH
2025-02-14 21:00:00,21,14,2,4,0,8.5,75.7,4,2,14.5,15.33,HIGH
2025-02-14 22:00:00,22,14,2,4,0,12.1,69.3,5,5,12.93,14.5,HIGH
2025-02-14 23:00:00,23,14,2,4,0,9.2,67.5,6,1,10.6,12.93,MEDIUM
2025-02-15 00:00:00,0,15,2,5,1,5.2,72.1,2,3,9.66,10.6,MEDIUM
2025-02-15 01:00:00,1,15,2,5,1,4.4,64.0,2,1,6.36,9.66,MEDIUM
2025-02-15 02:00:00,2,15,2,5,1,4.0,63.4,2,0,4.36,6.36,LOW
2025-02-15 03:00:00,3,15,2,5,1,9.8,59.6,3,2,5.01,4.36,LOW
2025-02-15 04:00:00,4,15,2,5,1,5.7,65.0,4,1,4.54,5.01,LOW
2025-02-15 05:00:00,5,15,2,5,1,6.4,62.9,2,4,5.32,4.54,LOW
2025-02-15 06:00:00,6,15,2,5,1,8.6,71.8,2,4,8.56,5.32,MEDIUM
2025-02-15 07:00:00,7,15,2,5,1,7.7,62.1,4,1,8.21,8.56,MEDIUM
2025-02-15 08:00:00,8,15,2,5,1,7.7,60.1,5,2,10.46,8.21,MEDIUM
2025-02-15 09:00:00,9,15,2,5,1,9.1,76.0,6,1,12.29,10.46,HIGH
2025-02-15 10:00:00,10,15,2,5,1,10.7,61.0,4,4,13.33,12.29,HIGH
2025-02-15 11:00:00,11,15,2,5,1,12.0,64.1,5,1,11.45,13.33,HIGH
2025-02-15 12:00:00,12,15,2,5,1,15.0,64.7,4,1,10.26,11.45,MEDIUM
2025-02-15 13:00:00,13,15,2,5,1,14.1,55.5,7,2,11.69,10.26,HIGH
2025-02-15 14:00:00,14,15,2,5,1,16.3,68.9,5,2,11.64,11.69,HIGH
2025-02-15 15:00:00,15,15,2,5,1,14.4,66.1,5,5,14.05,11.64,HIGH
2025-02-15 16:00:00,16,15,2,5,1,14.6,71.5,4,1,10.34,14.05,MEDIUM
2025-02-15 17:00:00,17,15,2,5,1,8.9,60.4,7,4,18.41,10.34,HIGH
2025-02-15 18:00:00,18,15,2,5,1,15.4,62.4,6,6,20.91,18.41,HIGH
2025-02-15 19:00:00,19,15,2,5,1,13.0,63.0,4,5,20.47,20.91,HIGH
2025-02-15 20:00:00,20,15,2,5,1,13.4,64.2,4,6,20.8,20.47,HIGH
2025-02-15 21:00:00,21,15,2,5,1,2.4,58.3,6,2,21.0,20.8,HIGH
2025-02-15 22:00:00,22,15,2,5,1,13.5,63.3,5,8,18.28,21.0,HIGH
2025-02-15 23:00:00,23,15,2,5,1,6.8,56.7,3,3,13.58,18.28,HIGH
2025-02-16 00:00:00,0,16,2,6,1,8.8,66.6,3,0,9.16,13.58,MEDIUM
2025-02-16 01:00:00,1,16,2,6,1,2.7,54.1,2,4,7.6,9.16,MEDIUM
2025-02-16 02:00:00,2,16,2,6,1,6.3,54.4,5,3,6.7,7.6,MEDIUM
2025-02-16 03:00:00,3,16,2,6,1,2.0,72.1,2,4,6.15,6.7,LOW
2025-02-16 04:00:00,4,16,2,6,1,3.2,63.4,3,2,5.51,6.15,LOW
2025-02-16 05:00:00,5,16,2,6,1,10.1,58.0,3,1,4.06,5.51,LOW
2025-02-16 06:00:00,6,16,2,6,1,5.6,73.4,4,3,8.08,4.06,MEDIUM
2025-02-16 07:00:00,7,16,2,6,1,7.7,66.9,5,6,11.71,8.08,HIGH
2025-02-16 08:00:00,8,16,2,6,1,10.5,69.0,4,4,13.6,11.71,HIGH
2025-02-16 09:00:00,9,16,2,6,1,10.8,62.7,5,5,15.58,13.6,HIGH
2025-02-16 10:00:00,10,16,2,6,1,11.3,79.6,4,4,15.3,15.58,HIGH
2025-02-16 11:00:00,11,16,2,6,1,13.0,59.2,5,4,15.34,15.3,HIGH
2025-02-16 12:00:00,12,16,2,6,1,19.2,70.8,4,1,10.24,15.34,MEDIUM
2025-02-16 13:00:00,13,16,2,6,1,13.8,62.1,5,5,13.08,10.24,HIGH
2025-02-16 14:00:00,14,16,2,6,1,14.9,52.1,7,3,13.98,13.08,HIGH
2025-02-16 15:00:00,15,16,2,6,1,17.2,64.0,4,5,13.95,13.98,HIGH
2025-02-16 16:00:00,16,16,2,6,1,17.2,63.0,6,1,12.13,13.95,HIGH
2025-02-16 17:00:00,17,16,2,6,1,16.9,54.9,5,6,17.81,12.13,HIGH
2025-02-16 18:00:00,18,16,2,6,1,14.7,56.6,4,1,14.14,17.81,HIGH
2025-02-16 19:00:00,19,16,2,6,1,9.3,64.1,5,9,24.44,14.14,HIGH
2025-02-16 20:00:00,20,16,2,6,1,15.0,64.1,5,4,21.76,24.44,HIGH
2025-02-16 21:00:00,21,16,2,6,1,6.7,50.5,5,5,22.86,21.76,HIGH
2025-02-16 22:00:00,22,16,2,6,1,9.1,70.7,4,2,15.51,22.86,HIGH
2025-02-16 23:00:00,23,16,2,6,1,5.2,63.0,4,1,11.59,15.51,HIGH
2025-02-17 00:00:00,0,17,2,0,0,5.9,57.6,2,2,8.67,11.59,MEDIUM
2025-02-17 01:00:00,1,17,2,0,0,6.1,71.2,2,6,6.95,8.67,MEDIUM
2025-02-17 02:00:00,2,17,2,0,0,5.6,65.6,3,2,5.06,6.95,LOW
2025-02-17 03:00:00,3,17,2,0,0,5.7,73.0,2,3,4.6,5.06,LOW
2025-02-17 04:00:00,4,17,2,0,0,8.8,67.1,3,0,3.41,4.6,LOW
2025-02-17 05:00:00,5,17,2,0,0,6.4,65.4,5,0,3.91,3.41,LOW
2025-02-17 06:00:00,6,17,2,0,0,5.5,64.9,3,3,7.11,3.91,MEDIUM
2025-02-17 07:00:00,7,17,2,0,0,9.5,67.1,5,1,6.98,7.11,MEDIUM
2025-02-17 08:00:00,8,17,2,0,0,11.3,61.0,4,1,7.17,6.98,MEDIUM
2025-02-17 09:00:00,9,17,2,0,0,6.5,60.3,2,2,8.34,7.17,MEDIUM
2025-02-17 10:00:00,10,17,2,0,0,12.4,66.7,1,3,8.28,8.34,MEDIUM
2025-02-17 11:00:00,11,17,2,0,0,13.9,61.6,3,1,7.36,8.28,MEDIUM
2025-02-17 12:00:00,12,17,2,0,0,12.4,63.2,3,3,8.09,7.36,MEDIUM
2025-02-17 13:00:00,13,17,2,0,0,17.4,67.6,1,0,4.42,8.09,LOW
2025-02-17 14:00:00,14,17,2,0,0,14.1,61.7,3,4,7.87,4.42,MEDIUM
2025-02-17 15:00:00,15,17,2,0,0,14.9,62.1,1,3,7.1,7.87,MEDIUM
2025-02-17 16:00:00,16,17,2,0,0,14.0,58.8,2,2,6.55,7.1,MEDIUM
2025-02-17 17:00:00,17,17,2,0,0,14.0,65.0,4,3,11.07,6.55,HIGH
2025-02-17 18:00:00,18,17,2,0,0,10.4,65.9,5,7,17.62,11.07,HIGH
2025-02-17 19:00:00,19,17,2,0,0,8.5,70.0,4,1,14.89,17.62,HIGH
2025-02-17 20:00:00,20,17,2,0,0,14.9,58.6,5,4,15.8,14.89,HIGH
2025-02-17 21:00:00,21,17,2,0,0,7.5,62.3,4,1,13.97,15.8,HIGH
2025-02-17 22:00:00,22,17,2,0,0,5.8,70.4,5,3,12.22,13.97,HIGH
2025-02-17 23:00:00,23,17,2,0,0,1.7,68.8,3,3,10.41,12.22,MEDIUM
2025-02-18 00:00:00,0,18,2,1,0,4.5,60.8,2,6,10.68,10.41,MEDIUM
2025-02-18 01:00:00,1,18,2,1,0,2.0,75.0,4,2,7.62,10.68,MEDIUM
2025-02-18 02:00:00,2,18,2,1,0,8.9,54.2,2,2,4.51,7.62,LOW
2025-02-18 03:00:00,3,18,2,1,0,7.1,69.9,3,1,4.39,4.51,LOW
2025-02-18 04:00:00,4,18,2,1,0,3.1,59.2,2,1,3.8,4.39,LOW
2025-02-18 05:00:00,5,18,2,1,0,10.9,75.0,2,3,3.35,3.8,LOW
2025-02-18 06:00:00,6,18,2,1,0,8.5,55.3,2,3,5.8,3.35,LOW
2025-02-18 07:00:00,7,18,2,1,0,6.3,72.4,5,1,6.99,5.8,MEDIUM
2025-02-18 08:00:00,8,18,2,1,0,2.1,66.7,4,2,9.64,6.99,MEDIUM
2025-02-18 09:00:00,9,18,2,1,0,15.3,59.7,2,1,7.38,9.64,MEDIUM
2025-02-18 10:00:00,10,18,2,1,0,7.4,66.2,2,3,8.05,7.38,MEDIUM
2025-02-18 11:00:00,11,18,2,1,0,8.0,68.6,2,1,7.68,8.05,MEDIUM
2025-02-18 12:00:00,12,18,2,1,0,15.7,56.3,2,1,6.56,7.68,MEDIUM
2025-02-18 13:00:00,13,18,2,1,0,20.0,55.1,2,1,4.95,6.56,LOW
2025-02-18 14:00:00,14,18,2,1,0,17.9,64.7,2,5,7.23,4.95,MEDIUM
2025-02-18 15:00:00,15,18,2,1,0,16.0,51.4,1,2,6.22,7.23,LOW
2025-02-18 16:00:00,16,18,2,1,0,15.9,58.1,1,4,6.97,6.22,MEDIUM
2025-02-18 17:00:00,17,18,2,1,0,16.1,79.8,3,8,15.53,6.97,HIGH
2025-02-18 18:00:00,18,18,2,1,0,15.0,56.2,6,5,17.52,15.53,HIGH
2025-02-18 19:00:00,19,18,2,1,0,12.8,69.8,4,2,14.49,17.52,HIGH
2025-02-18 20:00:00,20,18,2,1,0,11.2,60.0,5,6,18.48,14.49,HIGH
2025-02-18 21:00:00,21,18,2,1,0,9.5,67.3,5,5,18.82,18.48,HIGH
2025-02-18 22:00:00,22,18,2,1,0,6.4,69.4,6,7,16.66,18.82,HIGH
2025-02-18 23:00:00,23,18,2,1,0,6.4,72.2,3,4,13.11,16.66,HIGH
2025-02-19 00:00:00,0,19,2,2,0,1.8,66.1,3,6,12.71,13.11,HIGH
2025-02-19 01:00:00,1,19,2,2,0,5.0,77.9,3,1,7.28,12.71,MEDIUM
2025-02-19 02:00:00,2,19,2,2,0,2.3,63.5,6,2,6.14,7.28,LOW
2025-02-19 03:00:00,3,19,2,2,0,1.8,68.7,5,3,5.24,6.14,LOW
2025-02-19 04:00:00,4,19,2,2,0,5.2,67.4,2,0,3.62,5.24,LOW
2025-02-19 05:00:00,5,19,2,2,0,8.8,57.7,3,3,4.28,3.62,LOW
2025-02-19 06:00:00,6,19,2,2,0,8.4,62.9,3,2,5.48,4.28,LOW
2025-02-19 07:00:00,7,19,2,2,0,3.2,67.7,4,3,8.1,5.48,MEDIUM
2025-02-19 08:00:00,8,19,2,2,0,5.8,63.1,9,4,13.7,8.1,HIGH
2025-02-19 09:00:00,9,19,2,2,0,12.0,77.8,1,0,8.88,13.7,MEDIUM
2025-02-19 10:00:00,10,19,2,2,0,8.4,59.6,5,1,9.91,8.88,MEDIUM
2025-02-19 11:00:00,11,19,2,2,0,11.5,70.5,3,0,7.46,9.91,MEDIUM
2025-02-19 12:00:00,12,19,2,2,0,14.5,67.3,2,2,6.55,7.46,MEDIUM
2025-02-19 13:00:00,13,19,2,2,0,11.5,63.3,3,1,6.65,6.55,MEDIUM
2025-02-19 14:00:00,14,19,2,2,0,14.7,56.9,2,0,5.11,6.65,LOW
2025-02-19 15:00:00,15,19,2,2,0,11.3,58.9,3,0,5.81,5.11,LOW
2025-02-19 16:00:00,16,19,2,2,0,12.9,59.7,1,0,3.61,5.81,LOW
2025-02-19 17:00:00,17,19,2,2,0,14.7,51.4,1,2,6.0,3.61,LOW
2025-02-19 18:00:00,18,19,2,2,0,9.2,58.3,7,4,14.42,6.0,HIGH
2025-02-19 19:00:00,19,19,2,2,0,13.2,53.8,5,2,13.33,14.42,HIGH
2025-02-19 20:00:00,20,19,2,2,0,10.9,71.7,4,6,16.32,13.33,HIGH
2025-02-19 21:00:00,21,19,2,2,0,11.0,67.3,5,3,16.17,16.32,HIGH
2025-02-19 22:00:00,22,19,2,2,0,8.9,69.2,4,7,14.4,16.17,HIGH
2025-02-19 23:00:00,23,19,2,2,0,10.5,67.3,3,1,9.24,14.4,MEDIUM
2025-02-20 00:00:00,0,20,2,3,0,6.4,66.4,2,1,7.5,9.24,MEDIUM
2025-02-20 01:00:00,1,20,2,3,0,4.2,75.1,2,2,6.16,7.5,LOW
2025-02-20 02:00:00,2,20,2,3,0,5.1,62.3,3,2,4.82,6.16,LOW
2025-02-20 03:00:00,3,20,2,3,0,6.0,66.2,2,4,4.43,4.82,LOW
2025-02-20 04:00:00,4,20,2,3,0,4.9,70.5,2,0,3.99,4.43,LOW
2025-02-20 05:00:00,5,20,2,3,0,5.4,57.9,3,1,3.58,3.99,LOW
2025-02-20 06:00:00,6,20,2,3,0,4.3,84.9,4,3,7.28,3.58,MEDIUM
2025-02-20 07:00:00,7,20,2,3,0,5.5,66.0,4,2,7.59,7.28,MEDIUM
2025-02-20 08:00:00,8,20,2,3,0,4.8,66.9,4,2,10.14,7.59,MEDIUM
2025-02-20 09:00:00,9,20,2,3,0,14.0,69.9,3,1,7.69,10.14,MEDIUM
2025-02-20 10:00:00,10,20,2,3,0,7.8,70.4,1,1,6.91,7.69,MEDIUM
2025-02-20 11:00:00,11,20,2,3,0,10.4,64.1,2,2,7.48,6.91,MEDIUM
2025-02-20 12:00:00,12,20,2,3,0,11.3,64.3,3,0,6.43,7.48,MEDIUM
2025-02-20 13:00:00,13,20,2,3,0,16.2,52.5,2,2,6.03,6.43,LOW
2025-02-20 14:00:00,14,20,2,3,0,13.7,59.2,3,0,6.09,6.03,LOW
2025-02-20 15:00:00,15,20,2,3,0,17.7,64.0,3,3,7.5,6.09,MEDIUM
2025-02-20 16:00:00,16,20,2,3,0,12.8,65.5,2,2,6.97,7.5,MEDIUM
2025-02-20 17:00:00,17,20,2,3,0,14.6,69.5,2,5,10.37,6.97,MEDIUM
2025-02-20 18:00:00,18,20,2,3,0,11.1,62.8,5,6,16.98,10.37,HIGH
2025-02-20 19:00:00,19,20,2,3,0,17.5,52.7,4,4,14.99,16.98,HIGH
2025-02-20 20:00:00,20,20,2,3,0,7.9,71.2,7,4,18.78,14.99,HIGH
2025-02-20 21:00:00,21,20,2,3,0,10.4,72.5,6,5,20.28,18.78,HIGH
2025-02-20 22:00:00,22,20,2,3,0,9.9,69.4,4,6,15.58,20.28,HIGH
2025-02-20 23:00:00,23,20,2,3,0,8.1,63.8,2,1,9.23,15.58,MEDIUM
2025-02-21 00:00:00,0,21,2,4,0,5.6,72.0,2,3,8.35,9.23,MEDIUM
2025-02-21 01:00:00,1,21,2,4,0,5.0,86.6,2,4,6.44,8.35,MEDIUM
2025-02-21 02:00:00,2,21,2,4,0,4.9,66.7,6,3,6.05,6.44,LOW
2025-02-21 03:00:00,3,21,2,4,0,4.2,58.4,2,2,4.99,6.05,LOW
2025-02-21 04:00:00,4,21,2,4,0,7.2,61.6,4,1,4.28,4.99,LOW
2025-02-21 05:00:00,5,21,2,4,0,10.8,67.4,3,0,3.33,4.28,LOW
2025-02-21 06:00:00,6,21,2,4,0,4.7,56.5,3,2,5.48,3.33,LOW
2025-02-21 07:00:00,7,21,2,4,0,3.7,67.5,4,3,8.39,5.48,MEDIUM
2025-02-21 08:00:00,8,21,2,4,0,8.1,67.0,5,3,10.84,8.39,MEDIUM
2025-02-21 09:00:00,9,21,2,4,0,16.1,70.8,2,1,7.66,10.84,MEDIUM
2025-02-21 10:00:00,10,21,2,4,0,8.9,72.3,3,0,7.1,7.66,MEDIUM
2025-02-21 11:00:00,11,21,2,4,0,16.2,66.7,1,2,6.16,7.1,LOW
2025-02-21 12:00:00,12,21,2,4,0,17.3,48.1,3,5,9.31,6.16,MEDIUM
2025-02-21 13:00:00,13,21,2,4,0,12.6,68.5,1,2,7.3,9.31,MEDIUM
2025-02-21 14:00:00,14,21,2,4,0,15.9,65.9,1,0,4.85,7.3,LOW
2025-02-21 15:00:00,15,21,2,4,0,18.7,62.1,1,1,4.16,4.85,LOW
2025-02-21 16:00:00,16,21,2,4,0,13.5,52.2,1,2,5.14,4.16,LOW
2025-02-21 17:00:00,17,21,2,4,0,13.4,58.0,2,4,9.42,5.14,MEDIUM
2025-02-21 18:00:00,18,21,2,4,0,11.7,56.3,7,4,14.95,9.42,HIGH
2025-02-21 19:00:00,19,21,2,4,0,9.6,52.1,5,5,17.69,14.95,HIGH
2025-02-21 20:00:00,20,21,2,4,0,9.3,64.3,4,3,15.63,17.69,HIGH
2025-02-21 21:00:00,21,21,2,4,0,6.5,60.6,4,6,18.92,15.63,HIGH
2025-02-21 22:00:00,22,21,2,4,0,8.4,80.4,6,1,13.1,18.92,HIGH
2025-02-21 23:00:00,23,21,2,4,0,5.2,64.9,3,1,8.97,13.1,MEDIUM
2025-02-22 00:00:00,0,22,2,5,1,6.7,73.1,4,11,15.23,8.97,HIGH
2025-02-22 01:00:00,1,22,2,5,1,1.4,58.0,2,2,9.79,15.23,MEDIUM
2025-02-22 02:00:00,2,22,2,5,1,5.6,62.6,3,0,6.26,9.79,MEDIUM
2025-02-22 03:00:00,3,22,2,5,1,6.7,65.9,2,5,6.01,6.26,LOW
2025-02-22 04:00:00,4,22,2,5,1,-0.2,62.6,3,2,5.4,6.01,LOW
2025-02-22 05:00:00,5,22,2,5,1,6.2,63.0,3,3,5.34,5.4,LOW
2025-02-22 06:00:00,6,22,2,5,1,9.1,63.1,4,4,8.09,5.34,MEDIUM
2025-02-22 07:00:00,7,22,2,5,1,4.1,65.0,5,4,9.98,8.09,MEDIUM
2025-02-22 08:00:00,8,22,2,5,1,12.5,74.1,4,4,12.85,9.98,HIGH
2025-02-22 09:00:00,9,22,2,5,1,10.7,66.0,4,2,12.31,12.85,HIGH
2025-02-22 10:00:00,10,22,2,5,1,9.1,67.2,4,4,13.46,12.31,HIGH
2025-02-22 11:00:00,11,22,2,5,1,12.0,66.4,4,5,14.22,13.46,HIGH
2025-02-22 12:00:00,12,22,2,5,1,14.5,65.9,5,4,14.4,14.22,HIGH
2025-02-22 13:00:00,13,22,2,5,1,14.1,61.9,4,7,16.58,14.4,HIGH
2025-02-22 14:00:00,14,22,2,5,1,15.8,59.8,6,1,13.41,16.58,HIGH
2025-02-22 15:00:00,15,22,2,5,1,12.3,64.1,4,4,13.61,13.41,HIGH
2025-02-22 16:00:00,16,22,2,5,1,14.9,69.0,4,4,13.82,13.61,HIGH
2025-02-22 17:00:00,17,22,2,5,1,10.4,70.6,6,6,20.86,13.82,HIGH
2025-02-22 18:00:00,18,22,2,5,1,12.9,61.4,6,4,21.45,20.86,HIGH
2025-02-22 19:00:00,19,22,2,5,1,9.8,68.7,5,7,24.73,21.45,HIGH
2025-02-22 20:00:00,20,22,2,5,1,9.1,63.2,7,5,25.4,24.73,HIGH
2025-02-22 21:00:00,21,22,2,5,1,12.7,63.1,7,5,25.03,25.4,HIGH
2025-02-22 22:00:00,22,22,2,5,1,11.0,60.8,7,4,18.73,25.03,HIGH
2025-02-22 23:00:00,23,22,2,5,1,8.6,63.5,5,3,14.48,18.73,HIGH
2025-02-23 00:00:00,0,23,2,6,1,3.3,74.7,2,7,14.48,14.48,HIGH
2025-02-23 01:00:00,1,23,2,6,1,4.5,66.8,3,4,9.41,14.48,MEDIUM
2025-02-23 02:00:00,2,23,2,6,1,7.8,65.7,3,4,7.24,9.41,MEDIUM
2025-02-23 03:00:00,3,23,2,6,1,5.0,57.3,4,4,6.5,7.24,MEDIUM
2025-02-23 04:00:00,4,23,2,6,1,10.6,61.9,3,1,4.47,6.5,LOW
2025-02-23 05:00:00,5,23,2,6,1,6.3,64.0,5,4,5.99,4.47,LOW
2025-02-23 06:00:00,6,23,2,6,1,6.6,60.4,4,8,11.45,5.99,HIGH
2025-02-23 07:00:00,7,23,2,6,1,6.3,65.6,8,5,13.87,11.45,HIGH
2025-02-23 08:00:00,8,23,2,6,1,8.6,62.0,5,4,15.37,13.87,HIGH
2025-02-23 09:00:00,9,23,2,6,1,9.2,64.8,4,3,13.94,15.37,HIGH
2025-02-23 10:00:00,10,23,2,6,1,12.7,63.6,5,5,15.26,13.94,HIGH
2025-02-23 11:00:00,11,23,2,6,1,14.5,56.5,4,3,13.93,15.26,HIGH
2025-02-23 12:00:00,12,23,2,6,1,11.2,61.1,6,3,14.51,13.93,HIGH
2025-02-23 13:00:00,13,23,2,6,1,10.6,64.2,5,4,15.42,14.51,HIGH
2025-02-23 14:00:00,14,23,2,6,1,9.8,71.2,5,1,14.01,15.42,HIGH
2025-02-23 15:00:00,15,23,2,6,1,15.9,63.2,6,4,14.73,14.01,HIGH
2025-02-23 16:00:00,16,23,2,6,1,11.7,59.3,5,2,13.46,14.73,HIGH
2025-02-23 17:00:00,17,23,2,6,1,8.6,67.0,4,6,19.51,13.46,HIGH
2025-02-23 18:00:00,18,23,2,6,1,14.1,72.6,6,4,20.18,19.51,HIGH
2025-02-23 19:00:00,19,23,2,6,1,18.3,66.2,4,3,16.68,20.18,HIGH
2025-02-23 20:00:00,20,23,2,6,1,10.9,66.9,4,8,22.6,16.68,HIGH
2025-02-23 21:00:00,21,23,2,6,1,11.7,67.7,5,3,19.79,22.6,HIGH
2025-02-23 22:00:00,22,23,2,6,1,8.5,73.2,4,3,14.76,19.79,HIGH
2025-02-23 23:00:00,23,23,2,6,1,6.9,71.7,3,3,11.28,14.76,HIGH
2025-02-24 00:00:00,0,24,2,0,0,8.4,68.0,3,2,8.88,11.28,MEDIUM
2025-02-24 01:00:00,1,24,2,0,0,4.6,72.6,3,2,6.15,8.88,LOW
2025-02-24 02:00:00,2,24,2,0,0,5.4,59.4,4,1,4.49,6.15,LOW
2025-02-24 03:00:00,3,24,2,0,0,5.4,56.8,3,1,4.1,4.49,LOW
2025-02-24 04:00:00,4,24,2,0,0,3.1,67.7,2,2,3.59,4.1,LOW
2025-02-24 05:00:00,5,24,2,0,0,7.8,65.3,4,1,3.41,3.59,LOW
2025-02-24 06:00:00,6,24,2,0,0,5.6,62.5,4,1,5.72,3.41,LOW
2025-02-24 07:00:00,7,24,2,0,0,5.2,70.9,5,1,6.36,5.72,MEDIUM
2025-02-24 08:00:00,8,24,2,0,0,9.7,52.9,5,3,10.12,6.36,MEDIUM
2025-02-24 09:00:00,9,24,2,0,0,7.4,61.8,2,2,9.28,10.12,MEDIUM
2025-02-24 10:00:00,10,24,2,0,0,11.0,60.7,2,1,7.46,9.28,MEDIUM
2025-02-24 11:00:00,11,24,2,0,0,12.1,53.3,1,3,7.09,7.46,MEDIUM
2025-02-24 12:00:00,12,24,2,0,0,15.9,70.6,3,2,7.28,7.09,MEDIUM
2025-02-24 13:00:00,13,24,2,0,0,15.1,53.8,1,3,7.03,7.28,MEDIUM
2025-02-24 14:00:00,14,24,2,0,0,14.4,58.7,2,2,7.0,7.03,MEDIUM
2025-02-24 15:00:00,15,24,2,0,0,16.7,66.8,3,2,6.86,7.0,MEDIUM
2025-02-24 16:00:00,16,24,2,0,0,17.9,64.7,3,0,4.83,6.86,LOW
2025-02-24 17:00:00,17,24,2,0,0,15.3,55.2,1,6,10.23,4.83,MEDIUM
2025-02-24 18:00:00,18,24,2,0,0,13.2,66.8,5,8,17.86,10.23,HIGH
2025-02-24 19:00:00,19,24,2,0,0,8.8,66.2,5,5,19.48,17.86,HIGH
2025-02-24 20:00:00,20,24,2,0,0,8.2,78.7,7,4,20.49,19.48,HIGH
2025-02-24 21:00:00,21,24,2,0,0,8.8,66.9,5,5,20.78,20.49,HIGH
2025-02-24 22:00:00,22,24,2,0,0,6.8,64.4,5,4,15.81,20.78,HIGH
2025-02-24 23:00:00,23,24,2,0,0,6.6,60.2,3,1,10.46,15.81,MEDIUM
2025-02-25 00:00:00,0,25,2,1,0,6.2,61.1,2,4,9.93,10.46,MEDIUM
2025-02-25 01:00:00,1,25,2,1,0,6.6,60.4,4,0,6.44,9.93,MEDIUM
2025-02-25 02:00:00,2,25,2,1,0,4.6,74.4,2,1,4.76,6.44,LOW
2025-02-25 03:00:00,3,25,2,1,0,5.8,65.8,2,3,4.36,4.76,LOW
2025-02-25 04:00:00,4,25,2,1,0,4.9,69.4,2,2,3.77,4.36,LOW
2025-02-25 05:00:00,5,25,2,1,0,0.3,77.0,3,1,4.35,3.77,LOW
2025-02-25 06:00:00,6,25,2,1,0,3.7,52.4,3,0,5.47,4.35,LOW
2025-02-25 07:00:00,7,25,2,1,0,6.7,73.0,6,3,7.97,5.47,MEDIUM
2025-02-25 08:00:00,8,25,2,1,0,5.3,66.2,6,2,11.0,7.97,MEDIUM
2025-02-25 09:00:00,9,25,2,1,0,11.1,66.2,2,2,8.84,11.0,MEDIUM
2025-02-25 10:00:00,10,25,2,1,0,14.7,57.1,1,1,6.38,8.84,MEDIUM
2025-02-25 11:00:00,11,25,2,1,0,15.2,57.4,2,2,6.65,6.38,MEDIUM
2025-02-25 12:00:00,12,25,2,1,0,12.6,65.9,1,3,6.6,6.65,MEDIUM
2025-02-25 13:00:00,13,25,2,1,0,17.7,75.2,2,1,5.42,6.6,LOW
2025-02-25 14:00:00,14,25,2,1,0,14.8,68.1,1,2,5.64,5.42,LOW
2025-02-25 15:00:00,15,25,2,1,0,13.8,70.1,1,1,5.02,5.64,LOW
2025-02-25 16:00:00,16,25,2,1,0,12.9,61.7,4,5,10.26,5.02,MEDIUM
2025-02-25 17:00:00,17,25,2,1,0,13.2,59.1,1,8,14.5,10.26,HIGH
2025-02-25 18:00:00,18,25,2,1,0,12.2,58.4,4,3,14.74,14.5,HIGH
2025-02-25 19:00:00,19,25,2,1,0,12.5,60.1,5,4,15.78,14.74,HIGH
2025-02-25 20:00:00,20,25,2,1,0,11.3,51.2,5,7,19.14,15.78,HIGH
2025-02-25 21:00:00,21,25,2,1,0,9.6,59.8,6,1,16.44,19.14,HIGH
2025-02-25 22:00:00,22,25,2,1,0,9.4,60.9,4,4,12.57,16.44,HIGH
2025-02-25 23:00:00,23,25,2,1,0,10.1,62.9,2,2,8.84,12.57,MEDIUM
2025-02-26 00:00:00,0,26,2,2,0,8.4,65.4,2,1,6.94,8.84,MEDIUM
2025-02-26 01:00:00,1,26,2,2,0,1.6,69.5,3,1,5.43,6.94,LOW
2025-02-26 02:00:00,2,26,2,2,0,-1.6,68.6,3,1,4.56,5.43,LOW
2025-02-26 03:00:00,3,26,2,2,0,6.9,61.8,2,2,4.19,4.56,LOW
2025-02-26 04:00:00,4,26,2,2,0,1.4,55.7,2,0,2.76,4.19,LOW
2025-02-26 05:00:00,5,26,2,2,0,4.7,62.7,2,2,3.2,2.76,LOW
2025-02-26 06:00:00,6,26,2,2,0,3.1,60.9,4,4,7.78,3.2,MEDIUM
2025-02-26 07:00:00,7,26,2,2,0,2.6,69.8,5,1,8.35,7.78,MEDIUM
2025-02-26 08:00:00,8,26,2,2,0,9.7,69.6,5,1,9.15,8.35,MEDIUM
2025-02-26 09:00:00,9,26,2,2,0,11.5,69.0,3,0,7.15,9.15,MEDIUM
2025-02-26 10:00:00,10,26,2,2,0,9.5,68.7,3,3,9.16,7.15,MEDIUM
2025-02-26 11:00:00,11,26,2,2,0,5.6,65.0,1,1,7.69,9.16,MEDIUM
2025-02-26 12:00:00,12,26,2,2,0,11.8,60.1,1,2,7.16,7.69,MEDIUM
2025-02-26 13:00:00,13,26,2,2,0,14.9,57.6,2,5,8.96,7.16,MEDIUM
2025-02-26 14:00:00,14,26,2,2,0,10.7,54.7,4,3,10.72,8.96,MEDIUM
2025-02-26 15:00:00,15,26,2,2,0,15.1,67.9,2,2,8.59,10.72,MEDIUM
2025-02-26 16:00:00,16,26,2,2,0,14.4,61.2,3,3,9.5,8.59,MEDIUM
2025-02-26 17:00:00,17,26,2,2,0,15.4,54.4,3,6,13.56,9.5,HIGH
2025-02-26 18:00:00,18,26,2,2,0,13.4,57.7,5,4,15.8,13.56,HIGH
2025-02-26 19:00:00,19,26,2,2,0,9.7,58.9,5,4,16.7,15.8,HIGH
2025-02-26 20:00:00,20,26,2,2,0,13.9,62.7,6,6,19.74,16.7,HIGH
2025-02-26 21:00:00,21,26,2,2,0,9.2,70.7,7,3,19.55,19.74,HIGH
2025-02-26 22:00:00,22,26,2,2,0,8.2,62.6,6,3,14.46,19.55,HIGH
2025-02-26 23:00:00,23,26,2,2,0,4.8,52.6,2,4,11.68,14.46,HIGH
2025-02-27 00:00:00,0,27,2,3,0,5.0,64.9,2,1,8.68,11.68,MEDIUM
2025-02-27 01:00:00,1,27,2,3,0,3.1,65.8,3,1,6.21,8.68,LOW
2025-02-27 02:00:00,2,27,2,3,0,4.3,64.9,3,2,5.15,6.21,LOW
2025-02-27 03:00:00,3,27,2,3,0,8.9,60.7,2,2,4.24,5.15,LOW
2025-02-27 04:00:00,4,27,2,3,0,1.3,68.8,2,1,3.74,4.24,LOW
2025-02-27 05:00:00,5,27,2,3,0,1.2,67.9,4,3,4.41,3.74,LOW
2025-02-27 06:00:00,6,27,2,3,0,9.8,63.9,2,1,4.66,4.41,LOW
2025-02-27 07:00:00,7,27,2,3,0,6.6,67.8,5,0,5.04,4.66,LOW
2025-02-27 08:00:00,8,27,2,3,0,6.6,62.8,5,1,8.21,5.04,MEDIUM
2025-02-27 09:00:00,9,27,2,3,0,12.2,60.2,2,4,9.56,8.21,MEDIUM
2025-02-27 10:00:00,10,27,2,3,0,9.4,72.5,3,2,9.63,9.56,MEDIUM
2025-02-27 11:00:00,11,27,2,3,0,16.7,64.7,1,2,6.83,9.63,MEDIUM
2025-02-27 12:00:00,12,27,2,3,0,14.8,67.0,3,3,7.32,6.83,MEDIUM
2025-02-27 13:00:00,13,27,2,3,0,12.7,70.3,3,3,8.87,7.32,MEDIUM
2025-02-27 14:00:00,14,27,2,3,0,19.8,63.2,1,0,4.64,8.87,LOW
2025-02-27 15:00:00,15,27,2,3,0,13.1,68.3,2,2,5.53,4.64,LOW
2025-02-27 16:00:00,16,27,2,3,0,16.3,52.0,2,2,6.16,5.53,LOW
2025-02-27 17:00:00,17,27,2,3,0,14.7,63.3,2,2,7.0,6.16,MEDIUM
2025-02-27 18:00:00,18,27,2,3,0,16.4,60.3,4,5,12.02,7.0,HIGH
2025-02-27 19:00:00,19,27,2,3,0,16.0,71.7,4,6,16.2,12.02,HIGH
2025-02-27 20:00:00,20,27,2,3,0,11.0,69.2,4,4,16.15,16.2,HIGH
2025-02-27 21:00:00,21,27,2,3,0,7.7,61.1,5,3,16.31,16.15,HIGH
2025-02-27 22:00:00,22,27,2,3,0,9.5,66.4,6,11,17.6,16.31,HIGH
2025-02-27 23:00:00,23,27,2,3,0,5.4,66.8,2,2,11.75,17.6,HIGH
2025-02-28 00:00:00,0,28,2,4,0,11.1,66.3,3,2,8.18,11.75,MEDIUM
2025-02-28 01:00:00,1,28,2,4,0,5.6,59.6,3,0,5.25,8.18,LOW
2025-02-28 02:00:00,2,28,2,4,0,3.9,68.6,3,2,5.05,5.25,LOW
2025-02-28 03:00:00,3,28,2,4,0,5.1,64.6,3,3,5.25,5.05,LOW
2025-02-28 04:00:00,4,28,2,4,0,1.4,69.1,2,0,3.88,5.25,LOW
2025-02-28 05:00:00,5,28,2,4,0,2.8,62.5,4,2,4.46,3.88,LOW
2025-02-28 06:00:00,6,28,2,4,0,9.1,60.8,2,1,4.89,4.46,LOW
2025-02-28 07:00:00,7,28,2,4,0,5.5,72.8,6,1,7.42,4.89,MEDIUM
2025-02-28 08:00:00,8,28,2,4,0,5.7,59.4,4,2,9.46,7.42,MEDIUM
2025-02-28 09:00:00,9,28,2,4,0,10.9,57.8,5,3,11.4,9.46,HIGH
2025-02-28 10:00:00,10,28,2,4,0,13.9,62.1,3,1,8.38,11.4,MEDIUM
2025-02-28 11:00:00,11,28,2,4,0,13.9,57.8,3,3,9.12,8.38,MEDIUM
2025-02-28 12:00:00,12,28,2,4,0,15.6,56.4,1,1,5.85,9.12,LOW
2025-02-28 13:00:00,13,28,2,4,0,12.0,63.8,1,3,6.24,5.85,MEDIUM
2025-02-28 14:00:00,14,28,2,4,0,10.9,54.6,2,2,7.21,6.24,MEDIUM
2025-02-28 15:00:00,15,28,2,4,0,18.4,54.6,2,1,6.57,7.21,MEDIUM
2025-02-28 16:00:00,16,28,2,4,0,13.6,74.9,1,4,7.98,6.57,MEDIUM
2025-02-28 17:00:00,17,28,2,4,0,13.3,65.4,3,2,9.26,7.98,MEDIUM
2025-02-28 18:00:00,18,28,2,4,0,16.5,56.9,5,2,11.17,9.26,HIGH
2025-02-28 19:00:00,19,28,2,4,0,13.5,65.1,4,4,13.37,11.17,HIGH
2025-02-28 20:00:00,20,28,2,4,0,12.0,66.6,4,2,12.18,13.37,HIGH
2025-02-28 21:00:00,21,28,2,4,0,15.0,68.0,5,9,19.95,12.18,HIGH
2025-02-28 22:00:00,22,28,2,4,0,6.7,64.6,6,3,15.31,19.95,HIGH
2025-02-28 23:00:00,23,28,2,4,0,9.4,70.1,2,2,10.22,15.31,MEDIUM
2025-03-01 00:00:00,0,1,3,5,1,10.6,51.5,2,3,8.93,10.22,MEDIUM
2025-03-01 01:00:00,1,1,3,5,1,10.3,57.5,3,5,7.0,8.93,MEDIUM
2025-03-01 02:00:00,2,1,3,5,1,13.0,63.8,3,0,4.36,7.0,LOW
2025-03-01 03:00:00,3,1,3,5,1,10.3,65.9,2,4,4.64,4.36,LOW
2025-03-01 04:00:00,4,1,3,5,1,10.5,58.3,2,2,3.99,4.64,LOW
2025-03-01 05:00:00,5,1,3,5,1,12.4,64.6,2,2,3.56,3.99,LOW
2025-03-01 06:00:00,6,1,3,5,1,9.6,60.4,4,8,9.12,3.56,MEDIUM
2025-03-01 07:00:00,7,1,3,5,1,9.4,62.6,5,0,8.0,9.12,MEDIUM
2025-03-01 08:00:00,8,1,3,5,1,10.1,70.1,4,4,11.31,8.0,HIGH
2025-03-01 09:00:00,9,1,3,5,1,9.1,69.8,4,0,9.99,11.31,MEDIUM
2025-03-01 10:00:00,10,1,3,5,1,20.4,53.9,4,6,13.33,9.99,HIGH
2025-03-01 11:00:00,11,1,3,5,1,13.7,56.2,5,3,13.39,13.33,HIGH
2025-03-01 12:00:00,12,1,3,5,1,17.0,58.7,6,2,11.97,13.39,HIGH
2025-03-01 13:00:00,13,1,3,5,1,17.6,60.8,6,2,11.33,11.97,HIGH
2025-03-01 14:00:00,14,1,3,5,1,19.6,56.2,5,1,9.68,11.33,MEDIUM
2025-03-01 15:00:00,15,1,3,5,1,21.0,65.8,5,0,8.37,9.68,MEDIUM
2025-03-01 16:00:00,16,1,3,5,1,21.0,61.7,4,3,9.87,8.37,MEDIUM
2025-03-01 17:00:00,17,1,3,5,1,16.9,63.7,6,2,12.89,9.87,HIGH
2025-03-01 18:00:00,18,1,3,5,1,17.1,53.6,4,3,13.2,12.89,HIGH
2025-03-01 19:00:00,19,1,3,5,1,17.2,68.1,5,2,13.81,13.2,HIGH
2025-03-01 20:00:00,20,1,3,5,1,14.7,45.2,7,6,20.64,13.81,HIGH
2025-03-01 21:00:00,21,1,3,5,1,18.0,65.8,7,3,19.27,20.64,HIGH
2025-03-01 22:00:00,22,1,3,5,1,13.9,68.0,6,5,15.57,19.27,HIGH
2025-03-01 23:00:00,23,1,3,5,1,13.3,60.1,3,1,9.5,15.57,MEDIUM
2025-03-02 00:00:00,0,2,3,6,1,12.1,70.8,4,2,9.05,9.5,MEDIUM
2025-03-02 01:00:00,1,2,3,6,1,12.6,62.6,2,5,6.81,9.05,MEDIUM
2025-03-02 02:00:00,2,2,3,6,1,9.6,64.5,2,2,4.77,6.81,LOW
2025-03-02 03:00:00,3,2,3,6,1,5.8,67.7,5,5,6.39,4.77,MEDIUM
2025-03-02 04:00:00,4,2,3,6,1,10.2,83.0,4,1,5.33,6.39,LOW
2025-03-02 05:00:00,5,2,3,6,1,8.0,72.9,2,2,3.9,5.33,LOW
2025-03-02 06:00:00,6,2,3,6,1,9.1,68.6,3,2,6.58,3.9,MEDIUM
2025-03-02 07:00:00,7,2,3,6,1,13.0,57.3,4,4,9.27,6.58,MEDIUM
2025-03-02 08:00:00,8,2,3,6,1,15.8,62.5,4,2,9.46,9.27,MEDIUM
2025-03-02 09:00:00,9,2,3,6,1,14.1,57.5,4,4,11.71,9.46,HIGH
2025-03-02 10:00:00,10,2,3,6,1,16.1,66.5,6,2,12.64,11.71,HIGH
2025-03-02 11:00:00,11,2,3,6,1,20.8,60.5,7,5,14.84,12.64,HIGH
2025-03-02 12:00:00,12,2,3,6,1,18.1,54.0,5,3,12.91,14.84,HIGH
2025-03-02 13:00:00,13,2,3,6,1,24.8,58.6,6,6,15.94,12.91,HIGH
2025-03-02 14:00:00,14,2,3,6,1,20.2,54.8,5,0,11.27,15.94,HIGH
2025-03-02 15:00:00,15,2,3,6,1,14.6,63.1,4,3,11.46,11.27,HIGH
2025-03-02 16:00:00,16,2,3,6,1,20.7,54.6,6,1,10.13,11.46,MEDIUM
2025-03-02 17:00:00,17,2,3,6,1,19.3,60.4,5,4,14.58,10.13,HIGH
2025-03-02 18:00:00,18,2,3,6,1,20.8,64.2,4,4,15.27,14.58,HIGH
2025-03-02 19:00:00,19,2,3,6,1,18.2,60.4,7,5,19.34,15.27,HIGH
2025-03-02 20:00:00,20,2,3,6,1,14.9,59.7,5,5,20.51,19.34,HIGH
2025-03-02 21:00:00,21,2,3,6,1,10.9,64.9,7,4,22.73,20.51,HIGH
2025-03-02 22:00:00,22,2,3,6,1,12.2,67.3,5,3,15.79,22.73,HIGH
2025-03-02 23:00:00,23,2,3,6,1,9.4,57.6,4,4,13.28,15.79,HIGH
2025-03-03 00:00:00,0,3,3,0,0,9.0,66.0,2,0,8.48,13.28,MEDIUM
2025-03-03 01:00:00,1,3,3,0,0,11.1,71.5,2,2,5.37,8.48,LOW
2025-03-03 02:00:00,2,3,3,0,0,13.3,66.1,3,1,3.61,5.37,LOW
2025-03-03 03:00:00,3,3,3,0,0,10.0,64.3,3,3,3.68,3.61,LOW
2025-03-03 04:00:00,4,3,3,0,0,6.2,69.4,3,2,3.47,3.68,LOW
2025-03-03 05:00:00,5,3,3,0,0,10.8,66.4,3,0,2.42,3.47,LOW
2025-03-03 06:00:00,6,3,3,0,0,13.5,67.1,3,1,4.5,2.42,LOW
2025-03-03 07:00:00,7,3,3,0,0,10.0,51.9,6,2,6.55,4.5,MEDIUM
2025-03-03 08:00:00,8,3,3,0,0,12.4,53.7,6,2,9.29,6.55,MEDIUM
2025-03-03 09:00:00,9,3,3,0,0,14.0,68.4,2,2,7.9,9.29,MEDIUM
2025-03-03 10:00:00,10,3,3,0,0,13.3,53.6,1,1,6.38,7.9,MEDIUM
2025-03-03 11:00:00,11,3,3,0,0,18.1,63.2,1,1,4.63,6.38,LOW
2025-03-03 12:00:00,12,3,3,0,0,17.2,59.0,4,2,6.91,4.63,MEDIUM
2025-03-03 13:00:00,13,3,3,0,0,19.4,54.3,1,3,6.35,6.91,MEDIUM
2025-03-03 14:00:00,14,3,3,0,0,16.6,63.5,1,1,4.88,6.35,LOW
2025-03-03 15:00:00,15,3,3,0,0,17.9,62.0,3,4,7.69,4.88,MEDIUM
2025-03-03 16:00:00,16,3,3,0,0,20.6,72.4,4,0,6.28,7.69,MEDIUM
2025-03-03 17:00:00,17,3,3,0,0,17.4,57.3,1,7,11.55,6.28,HIGH
2025-03-03 18:00:00,18,3,3,0,0,21.9,67.9,6,6,16.48,11.55,HIGH
2025-03-03 19:00:00,19,3,3,0,0,15.5,63.9,5,6,17.81,16.48,HIGH
2025-03-03 20:00:00,20,3,3,0,0,15.9,57.7,4,5,17.32,17.81,HIGH
2025-03-03 21:00:00,21,3,3,0,0,16.3,66.3,4,2,14.1,17.32,HIGH
2025-03-03 22:00:00,22,3,3,0,0,9.2,67.7,4,3,11.0,14.1,MEDIUM
2025-03-03 23:00:00,23,3,3,0,0,7.1,65.4,4,3,9.79,11.0,MEDIUM
2025-03-04 00:00:00,0,4,3,1,0,6.7,66.9,4,1,8.33,9.79,MEDIUM
2025-03-04 01:00:00,1,4,3,1,0,12.8,59.3,4,0,5.76,8.33,LOW
2025-03-04 02:00:00,2,4,3,1,0,7.8,59.9,3,0,3.91,5.76,LOW
2025-03-04 03:00:00,3,4,3,1,0,15.4,66.4,2,4,3.93,3.91,LOW
2025-03-04 04:00:00,4,4,3,1,0,7.8,63.5,4,2,3.95,3.93,LOW
2025-03-04 05:00:00,5,4,3,1,0,10.1,63.5,2,2,3.65,3.95,LOW
2025-03-04 06:00:00,6,4,3,1,0,14.3,64.0,3,1,3.71,3.65,LOW
2025-03-04 07:00:00,7,4,3,1,0,16.5,63.0,4,3,6.13,3.71,LOW
2025-03-04 08:00:00,8,4,3,1,0,17.9,52.3,4,1,6.33,6.13,MEDIUM
2025-03-04 09:00:00,9,4,3,1,0,17.0,68.9,2,1,5.25,6.33,LOW
2025-03-04 10:00:00,10,4,3,1,0,17.9,61.6,2,2,5.36,5.25,LOW
2025-03-04 11:00:00,11,4,3,1,0,18.0,59.6,6,3,8.66,5.36,MEDIUM
2025-03-04 12:00:00,12,4,3,1,0,19.5,62.8,1,2,7.1,8.66,MEDIUM
2025-03-04 13:00:00,13,4,3,1,0,17.0,62.6,1,2,6.4,7.1,MEDIUM
2025-03-04 14:00:00,14,4,3,1,0,16.8,65.9,1,0,3.92,6.4,LOW
2025-03-04 15:00:00,15,4,3,1,0,19.0,63.6,3,1,4.66,3.92,LOW
2025-03-04 16:00:00,16,4,3,1,0,18.4,64.9,2,1,4.44,4.66,LOW
2025-03-04 17:00:00,17,4,3,1,0,17.2,69.2,1,4,6.89,4.44,MEDIUM
2025-03-04 18:00:00,18,4,3,1,0,19.3,65.6,6,4,12.1,6.89,HIGH
2025-03-04 19:00:00,19,4,3,1,0,18.9,59.5,6,2,12.53,12.1,HIGH
2025-03-04 20:00:00,20,4,3,1,0,15.5,55.1,6,4,14.9,12.53,HIGH
2025-03-04 21:00:00,21,4,3,1,0,17.7,70.9,7,4,17.3,14.9,HIGH
2025-03-04 22:00:00,22,4,3,1,0,9.9,62.6,5,4,12.97,17.3,HIGH
2025-03-04 23:00:00,23,4,3,1,0,11.0,60.8,4,3,9.94,12.97,MEDIUM
2025-03-05 00:00:00,0,5,3,2,0,8.7,54.1,3,1,7.87,9.94,MEDIUM
2025-03-05 01:00:00,1,5,3,2,0,5.0,68.0,2,3,5.93,7.87,LOW
2025-03-05 02:00:00,2,5,3,2,0,9.0,65.3,4,4,5.28,5.93,LOW
2025-03-05 03:00:00,3,5,3,2,0,8.7,55.4,2,1,4.17,5.28,LOW
2025-03-05 04:00:00,4,5,3,2,0,13.0,65.5,5,2,4.11,4.17,LOW
2025-03-05 05:00:00,5,5,3,2,0,11.2,60.5,3,2,4.31,4.11,LOW
2025-03-05 06:00:00,6,5,3,2,0,7.9,81.0,3,1,4.74,4.31,LOW
2025-03-05 07:00:00,7,5,3,2,0,16.1,58.1,4,1,4.68,4.74,LOW
2025-03-05 08:00:00,8,5,3,2,0,15.8,59.1,4,0,5.68,4.68,LOW
2025-03-05 09:00:00,9,5,3,2,0,15.5,56.6,2,2,6.19,5.68,LOW
2025-03-05 10:00:00,10,5,3,2,0,14.7,69.8,1,2,5.84,6.19,LOW
2025-03-05 11:00:00,11,5,3,2,0,14.1,60.1,1,2,5.6,5.84,LOW
2025-03-05 12:00:00,12,5,3,2,0,16.6,57.0,3,2,6.51,5.6,MEDIUM
2025-03-05 13:00:00,13,5,3,2,0,21.1,63.8,2,1,4.82,6.51,LOW
2025-03-05 14:00:00,14,5,3,2,0,23.5,50.3,1,1,3.38,4.82,LOW
2025-03-05 15:00:00,15,5,3,2,0,22.9,62.6,1,0,2.65,3.38,LOW
2025-03-05 16:00:00,16,5,3,2,0,17.6,71.6,2,4,6.3,2.65,MEDIUM
2025-03-05 17:00:00,17,5,3,2,0,15.5,65.2,1,5,10.04,6.3,MEDIUM
2025-03-05 18:00:00,18,5,3,2,0,17.9,64.7,6,5,14.49,10.04,HIGH
2025-03-05 19:00:00,19,5,3,2,0,12.1,68.4,4,5,16.24,14.49,HIGH
2025-03-05 20:00:00,20,5,3,2,0,16.1,71.8,5,8,20.26,16.24,HIGH
2025-03-05 21:00:00,21,5,3,2,0,13.6,69.8,4,5,18.37,20.26,HIGH
2025-03-05 22:00:00,22,5,3,2,0,11.5,66.0,5,4,13.91,18.37,HIGH
2025-03-05 23:00:00,23,5,3,2,0,7.5,70.4,3,2,10.08,13.91,MEDIUM
2025-03-06 00:00:00,0,6,3,3,0,11.7,58.0,2,4,8.63,10.08,MEDIUM
2025-03-06 01:00:00,1,6,3,3,0,8.3,69.3,2,2,5.62,8.63,LOW
2025-03-06 02:00:00,2,6,3,3,0,6.2,59.5,2,3,4.91,5.62,LOW
2025-03-06 03:00:00,3,6,3,3,0,1.8,65.1,4,1,4.61,4.91,LOW
2025-03-06 04:00:00,4,6,3,3,0,9.1,45.9,3,2,4.68,4.61,LOW
2025-03-06 05:00:00,5,6,3,3,0,14.1,64.8,2,2,3.39,4.68,LOW
2025-03-06 06:00:00,6,6,3,3,0,14.6,58.3,3,2,5.21,3.39,LOW
2025-03-06 07:00:00,7,6,3,3,0,10.4,70.5,4,3,6.3,5.21,MEDIUM
2025-03-06 08:00:00,8,6,3,3,0,11.2,65.9,4,3,9.09,6.3,MEDIUM
2025-03-06 09:00:00,9,6,3,3,0,15.2,68.7,3,0,6.1,9.09,LOW
2025-03-06 10:00:00,10,6,3,3,0,12.8,56.4,2,3,7.07,6.1,MEDIUM
2025-03-06 11:00:00,11,6,3,3,0,17.3,67.3,3,2,6.63,7.07,MEDIUM
2025-03-06 12:00:00,12,6,3,3,0,19.5,72.8,3,3,7.16,6.63,MEDIUM
2025-03-06 13:00:00,13,6,3,3,0,21.4,64.0,2,2,6.08,7.16,LOW
2025-03-06 14:00:00,14,6,3,3,0,18.6,65.3,2,1,5.8,6.08,LOW
2025-03-06 15:00:00,15,6,3,3,0,18.5,61.6,1,0,3.23,5.8,LOW
2025-03-06 16:00:00,16,6,3,3,0,16.6,58.2,1,4,5.18,3.23,LOW
2025-03-06 17:00:00,17,6,3,3,0,16.3,66.0,2,4,8.95,5.18,MEDIUM
2025-03-06 18:00:00,18,6,3,3,0,17.0,52.2,4,5,12.92,8.95,HIGH
2025-03-06 19:00:00,19,6,3,3,0,17.4,58.5,6,4,15.78,12.92,HIGH
2025-03-06 20:00:00,20,6,3,3,0,17.6,50.3,4,6,16.8,15.78,HIGH
2025-03-06 21:00:00,21,6,3,3,0,12.0,59.0,6,2,15.01,16.8,HIGH
2025-03-06 22:00:00,22,6,3,3,0,16.4,65.3,5,4,11.44,15.01,HIGH
2025-03-06 23:00:00,23,6,3,3,0,10.8,66.7,3,2,8.5,11.44,MEDIUM
2025-03-07 00:00:00,0,7,3,4,0,10.4,64.1,4,1,6.78,8.5,MEDIUM
2025-03-07 01:00:00,1,7,3,4,0,7.8,65.9,4,1,4.8,6.78,LOW
2025-03-07 02:00:00,2,7,3,4,0,3.1,55.4,3,1,4.11,4.8,LOW
2025-03-07 03:00:00,3,7,3,4,0,11.2,61.3,2,1,3.12,4.11,LOW
2025-03-07 04:00:00,4,7,3,4,0,11.0,59.5,3,2,2.75,3.12,LOW
2025-03-07 05:00:00,5,7,3,4,0,9.0,60.4,2,2,3.18,2.75,LOW
2025-03-07 06:00:00,6,7,3,4,0,10.6,67.4,3,0,4.39,3.18,LOW
2025-03-07 07:00:00,7,7,3,4,0,12.8,57.7,5,0,5.02,4.39,LOW
2025-03-07 08:00:00,8,7,3,4,0,8.8,60.9,4,6,11.46,5.02,HIGH
2025-03-07 09:00:00,9,7,3,4,0,12.7,50.4,2,2,9.13,11.46,MEDIUM
2025-03-07 10:00:00,10,7,3,4,0,17.3,59.3,2,1,6.14,9.13,LOW
2025-03-07 11:00:00,11,7,3,4,0,13.4,56.1,2,2,6.66,6.14,MEDIUM
2025-03-07 12:00:00,12,7,3,4,0,18.3,61.2,2,2,5.9,6.66,LOW
2025-03-07 13:00:00,13,7,3,4,0,14.9,56.3,1,5,7.62,5.9,MEDIUM
2025-03-07 14:00:00,14,7,3,4,0,20.0,60.6,2,0,4.9,7.62,LOW
2025-03-07 15:00:00,15,7,3,4,0,18.9,59.6,2,1,4.78,4.9,LOW
2025-03-07 16:00:00,16,7,3,4,0,14.8,72.1,2,1,4.92,4.78,LOW
2025-03-07 17:00:00,17,7,3,4,0,21.2,62.5,2,5,10.0,4.92,MEDIUM
2025-03-07 18:00:00,18,7,3,4,0,15.7,50.7,6,4,14.38,10.0,HIGH
2025-03-07 19:00:00,19,7,3,4,0,14.5,54.6,5,8,19.43,14.38,HIGH
2025-03-07 20:00:00,20,7,3,4,0,15.8,62.0,6,3,17.03,19.43,HIGH
2025-03-07 21:00:00,21,7,3,4,0,16.9,55.7,7,6,20.51,17.03,HIGH
2025-03-07 22:00:00,22,7,3,4,0,10.2,46.1,5,4,14.66,20.51,HIGH
2025-03-07 23:00:00,23,7,3,4,0,11.7,71.4,3,3,10.76,14.66,MEDIUM
2025-03-08 00:00:00,0,8,3,5,1,11.5,67.7,4,3,10.09,10.76,MEDIUM
2025-03-08 01:00:00,1,8,3,5,1,11.4,66.6,3,1,5.67,10.09,LOW
2025-03-08 02:00:00,2,8,3,5,1,9.6,60.5,4,0,3.71,5.67,LOW
2025-03-08 03:00:00,3,8,3,5,1,8.1,67.3,3,4,4.98,3.71,LOW
2025-03-08 04:00:00,4,8,3,5,1,7.1,60.9,2,4,4.69,4.98,LOW
2025-03-08 05:00:00,5,8,3,5,1,9.9,65.3,4,5,5.59,4.69,LOW
2025-03-08 06:00:00,6,8,3,5,1,7.8,59.4,2,2,5.92,5.59,LOW
2025-03-08 07:00:00,7,8,3,5,1,4.2,75.4,5,3,9.19,5.92,MEDIUM
2025-03-08 08:00:00,8,8,3,5,1,13.8,53.1,4,2,9.82,9.19,MEDIUM
2025-03-08 09:00:00,9,8,3,5,1,16.3,68.9,4,4,10.73,9.82,MEDIUM
2025-03-08 10:00:00,10,8,3,5,1,9.4,64.5,5,3,12.82,10.73,HIGH
2025-03-08 11:00:00,11,8,3,5,1,14.0,59.5,4,3,12.29,12.82,HIGH
2025-03-08 12:00:00,12,8,3,5,1,19.1,61.4,9,4,15.32,12.29,HIGH
2025-03-08 13:00:00,13,8,3,5,1,23.5,63.0,4,3,12.26,15.32,HIGH
2025-03-08 14:00:00,14,8,3,5,1,18.9,68.6,5,2,10.95,12.26,MEDIUM
2025-03-08 15:00:00,15,8,3,5,1,17.2,63.0,5,2,10.45,10.95,MEDIUM
2025-03-08 16:00:00,16,8,3,5,1,18.4,55.3,5,4,12.69,10.45,HIGH
2025-03-08 17:00:00,17,8,3,5,1,21.8,59.6,5,5,16.42,12.69,HIGH
2025-03-08 18:00:00,18,8,3,5,1,15.9,72.5,4,6,18.96,16.42,HIGH
2025-03-08 19:00:00,19,8,3,5,1,14.5,70.3,6,1,16.31,18.96,HIGH
2025-03-08 20:00:00,20,8,3,5,1,14.1,67.8,4,5,18.36,16.31,HIGH
2025-03-08 21:00:00,21,8,3,5,1,11.6,68.1,5,2,17.18,18.36,HIGH
2025-03-08 22:00:00,22,8,3,5,1,13.0,67.0,4,5,14.1,17.18,HIGH
2025-03-08 23:00:00,23,8,3,5,1,15.6,68.7,2,2,9.5,14.1,MEDIUM
2025-03-09 00:00:00,0,9,3,6,1,11.3,60.7,2,1,6.57,9.5,MEDIUM
2025-03-09 01:00:00,1,9,3,6,1,9.0,56.3,3,2,5.38,6.57,LOW
2025-03-09 02:00:00,2,9,3,6,1,8.4,65.1,3,1,4.42,5.38,LOW
2025-03-09 03:00:00,3,9,3,6,1,5.1,61.1,2,0,3.33,4.42,LOW
2025-03-09 04:00:00,4,9,3,6,1,11.4,57.1,3,1,3.26,3.33,LOW
2025-03-09 05:00:00,5,9,3,6,1,9.5,59.9,2,1,3.03,3.26,LOW
2025-03-09 06:00:00,6,9,3,6,1,10.0,78.9,2,3,5.83,3.03,LOW
2025-03-09 07:00:00,7,9,3,6,1,19.5,61.0,6,1,6.53,5.83,MEDIUM
2025-03-09 08:00:00,8,9,3,6,1,13.5,64.8,5,4,10.48,6.53,MEDIUM
2025-03-09 09:00:00,9,9,3,6,1,12.1,55.8,5,6,15.0,10.48,HIGH
2025-03-09 10:00:00,10,9,3,6,1,14.2,51.3,5,3,14.08,15.0,HIGH
2025-03-09 11:00:00,11,9,3,6,1,19.4,55.3,5,3,12.83,14.08,HIGH
2025-03-09 12:00:00,12,9,3,6,1,17.8,69.5,6,3,12.7,12.83,HIGH
2025-03-09 13:00:00,13,9,3,6,1,14.7,64.1,6,3,13.08,12.7,HIGH
2025-03-09 14:00:00,14,9,3,6,1,21.1,63.2,4,4,12.61,13.08,HIGH
2025-03-09 15:00:00,15,9,3,6,1,17.3,65.5,5,5,14.31,12.61,HIGH
2025-03-09 16:00:00,16,9,3,6,1,23.5,55.1,5,6,16.02,14.31,HIGH
2025-03-09 17:00:00,17,9,3,6,1,21.0,67.9,6,11,26.25,16.02,HIGH
2025-03-09 18:00:00,18,9,3,6,1,16.4,57.6,5,7,25.49,26.25,HIGH
2025-03-09 19:00:00,19,9,3,6,1,19.7,68.6,5,6,22.59,25.49,HIGH
2025-03-09 20:00:00,20,9,3,6,1,15.5,64.5,7,4,21.83,22.59,HIGH
2025-03-09 21:00:00,21,9,3,6,1,16.1,50.8,4,5,20.27,21.83,HIGH
2025-03-09 22:00:00,22,9,3,6,1,13.9,58.0,5,2,13.45,20.27,HIGH
2025-03-09 23:00:00,23,9,3,6,1,9.4,53.5,4,3,11.07,13.45,HIGH
2025-03-10 00:00:00,0,10,3,0,0,8.9,71.4,4,4,9.95,11.07,MEDIUM
2025-03-10 01:00:00,1,10,3,0,0,12.2,63.0,5,1,6.99,9.95,MEDIUM
2025-03-10 02:00:00,2,10,3,0,0,8.3,51.3,2,2,4.46,6.99,LOW
2025-03-10 03:00:00,3,10,3,0,0,8.0,67.1,2,1,3.43,4.46,LOW
2025-03-10 04:00:00,4,10,3,0,0,6.8,62.1,3,3,3.67,3.43,LOW
2025-03-10 05:00:00,5,10,3,0,0,10.7,54.8,2,1,2.67,3.67,LOW
2025-03-10 06:00:00,6,10,3,0,0,15.6,71.8,5,1,4.62,2.67,LOW
2025-03-10 07:00:00,7,10,3,0,0,8.8,65.1,4,0,5.36,4.62,LOW
2025-03-10 08:00:00,8,10,3,0,0,12.8,61.1,9,1,9.11,5.36,MEDIUM
2025-03-10 09:00:00,9,10,3,0,0,17.5,58.6,1,3,7.49,9.11,MEDIUM
2025-03-10 10:00:00,10,10,3,0,0,15.1,52.9,2,0,5.29,7.49,LOW
2025-03-10 11:00:00,11,10,3,0,0,17.6,53.1,1,3,5.57,5.29,LOW
2025-03-10 12:00:00,12,10,3,0,0,14.9,69.7,2,0,4.24,5.57,LOW
2025-03-10 13:00:00,13,10,3,0,0,19.4,57.4,2,2,5.37,4.24,LOW
2025-03-10 14:00:00,14,10,3,0,0,18.4,60.8,3,0,4.13,5.37,LOW
2025-03-10 15:00:00,15,10,3,0,0,21.5,47.1,2,2,4.48,4.13,LOW
2025-03-10 16:00:00,16,10,3,0,0,21.8,51.4,6,2,7.76,4.48,MEDIUM
2025-03-10 17:00:00,17,10,3,0,0,24.8,61.7,1,4,9.06,7.76,MEDIUM
2025-03-10 18:00:00,18,10,3,0,0,19.0,62.7,5,4,11.99,9.06,HIGH
2025-03-10 19:00:00,19,10,3,0,0,17.3,71.6,5,7,17.04,11.99,HIGH
2025-03-10 20:00:00,20,10,3,0,0,15.8,69.7,4,5,16.59,17.04,HIGH
2025-03-10 21:00:00,21,10,3,0,0,13.1,61.4,5,6,19.37,16.59,HIGH
2025-03-10 22:00:00,22,10,3,0,0,13.6,65.4,6,4,14.21,19.37,HIGH
2025-03-10 23:00:00,23,10,3,0,0,10.8,61.8,2,1,9.08,14.21,MEDIUM
2025-03-11 00:00:00,0,11,3,1,0,10.9,76.0,3,2,7.67,9.08,MEDIUM
2025-03-11 01:00:00,1,11,3,1,0,13.0,69.7,2,2,5.47,7.67,LOW
2025-03-11 02:00:00,2,11,3,1,0,6.7,66.3,3,3,4.93,5.47,LOW
2025-03-11 03:00:00,3,11,3,1,0,11.8,64.5,2,5,5.09,4.93,LOW
2025-03-11 04:00:00,4,11,3,1,0,12.5,71.7,2,0,3.43,5.09,LOW
2025-03-11 05:00:00,5,11,3,1,0,9.4,67.7,4,1,3.21,3.43,LOW
2025-03-11 06:00:00,6,11,3,1,0,5.2,75.3,3,1,5.11,3.21,LOW
2025-03-11 07:00:00,7,11,3,1,0,10.0,50.8,4,2,6.23,5.11,MEDIUM
2025-03-11 08:00:00,8,11,3,1,0,15.9,64.4,4,0,5.58,6.23,LOW
2025-03-11 09:00:00,9,11,3,1,0,13.9,59.3,2,3,6.64,5.58,MEDIUM
2025-03-11 10:00:00,10,11,3,1,0,12.8,73.4,2,3,8.26,6.64,MEDIUM
2025-03-11 11:00:00,11,11,3,1,0,15.2,71.2,3,2,7.17,8.26,MEDIUM
2025-03-11 12:00:00,12,11,3,1,0,19.6,60.4,2,2,6.77,7.17,MEDIUM
2025-03-11 13:00:00,13,11,3,1,0,19.7,69.3,1,4,6.72,6.77,MEDIUM
2025-03-11 14:00:00,14,11,3,1,0,18.2,71.4,1,2,5.81,6.72,LOW
2025-03-11 15:00:00,15,11,3,1,0,18.1,61.2,2,0,3.91,5.81,LOW
2025-03-11 16:00:00,16,11,3,1,0,17.9,75.7,1,3,4.63,3.91,LOW
2025-03-11 17:00:00,17,11,3,1,0,16.0,61.4,2,2,6.92,4.63,MEDIUM
2025-03-11 18:00:00,18,11,3,1,0,21.6,58.1,6,5,12.37,6.92,HIGH
2025-03-11 19:00:00,19,11,3,1,0,15.7,66.9,4,4,13.93,12.37,HIGH
2025-03-11 20:00:00,20,11,3,1,0,18.3,58.6,5,3,13.61,13.93,HIGH
2025-03-11 21:00:00,21,11,3,1,0,17.8,61.4,4,5,15.14,13.61,HIGH
2025-03-11 22:00:00,22,11,3,1,0,15.2,70.4,5,5,12.64,15.14,HIGH
2025-03-11 23:00:00,23,11,3,1,0,10.4,64.0,2,0,7.87,12.64,MEDIUM
2025-03-12 00:00:00,0,12,3,2,0,11.5,53.2,3,1,6.69,7.87,MEDIUM
2025-03-12 01:00:00,1,12,3,2,0,9.6,66.4,2,1,4.7,6.69,LOW
2025-03-12 02:00:00,2,12,3,2,0,6.9,61.1,3,3,4.65,4.7,LOW
2025-03-12 03:00:00,3,12,3,2,0,9.8,69.3,3,3,4.2,4.65,LOW
2025-03-12 04:00:00,4,12,3,2,0,6.2,69.7,2,1,3.43,4.2,LOW
2025-03-12 05:00:00,5,12,3,2,0,12.6,71.8,2,4,3.73,3.43,LOW
2025-03-12 06:00:00,6,12,3,2,0,9.3,69.7,2,4,6.03,3.73,LOW
2025-03-12 07:00:00,7,12,3,2,0,12.0,69.7,4,0,6.15,6.03,LOW
2025-03-12 08:00:00,8,12,3,2,0,13.4,58.6,6,3,9.61,6.15,MEDIUM
2025-03-12 09:00:00,9,12,3,2,0,13.4,67.5,3,0,6.75,9.61,MEDIUM
2025-03-12 10:00:00,10,12,3,2,0,16.8,73.1,2,3,7.16,6.75,MEDIUM
2025-03-12 11:00:00,11,12,3,2,0,15.3,57.7,1,2,5.86,7.16,LOW
2025-03-12 12:00:00,12,12,3,2,0,19.7,70.9,3,0,5.48,5.86,LOW
2025-03-12 13:00:00,13,12,3,2,0,15.0,58.7,2,4,7.62,5.48,MEDIUM
2025-03-12 14:00:00,14,12,3,2,0,19.1,55.2,1,1,5.37,7.62,LOW
2025-03-12 15:00:00,15,12,3,2,0,23.8,60.3,2,1,4.88,5.37,LOW
2025-03-12 16:00:00,16,12,3,2,0,16.3,65.8,2,1,5.09,4.88,LOW
2025-03-12 17:00:00,17,12,3,2,0,16.6,66.8,2,5,9.8,5.09,MEDIUM
2025-03-12 18:00:00,18,12,3,2,0,18.8,54.7,5,5,13.62,9.8,HIGH
2025-03-12 19:00:00,19,12,3,2,0,16.9,63.8,4,5,14.97,13.62,HIGH
2025-03-12 20:00:00,20,12,3,2,0,16.2,57.4,4,7,17.34,14.97,HIGH
2025-03-12 21:00:00,21,12,3,2,0,15.2,53.0,5,6,18.71,17.34,HIGH
2025-03-12 22:00:00,22,12,3,2,0,14.3,56.7,5,8,16.42,18.71,HIGH
2025-03-12 23:00:00,23,12,3,2,0,14.3,57.8,3,2,10.74,16.42,MEDIUM
2025-03-13 00:00:00,0,13,3,3,0,11.5,66.5,3,5,9.95,10.74,MEDIUM
2025-03-13 01:00:00,1,13,3,3,0,9.1,71.3,3,4,7.76,9.95,MEDIUM
2025-03-13 02:00:00,2,13,3,3,0,10.9,54.8,4,3,5.63,7.76,LOW
2025-03-13 03:00:00,3,13,3,3,0,13.7,64.6,4,5,5.44,5.63,LOW
2025-03-13 04:00:00,4,13,3,3,0,8.8,57.4,3,2,4.3,5.44,LOW
2025-03-13 05:00:00,5,13,3,3,0,7.2,68.9,3,3,4.24,4.3,LOW
2025-03-13 06:00:00,6,13,3,3,0,13.2,59.0,4,4,6.83,4.24,MEDIUM
2025-03-13 07:00:00,7,13,3,3,0,11.2,57.2,4,3,7.71,6.83,MEDIUM
2025-03-13 08:00:00,8,13,3,3,0,7.3,69.9,4,1,8.58,7.71,MEDIUM
2025-03-13 09:00:00,9,13,3,3,0,16.1,58.0,2,3,7.73,8.58,MEDIUM
2025-03-13 10:00:00,10,13,3,3,0,14.0,60.5,2,1,7.04,7.73,MEDIUM
2025-03-13 11:00:00,11,13,3,3,0,16.3,48.2,1,3,6.76,7.04,MEDIUM
2025-03-13 12:00:00,12,13,3,3,0,18.4,66.3,2,1,4.99,6.76,LOW
2025-03-13 13:00:00,13,13,3,3,0,18.8,65.4,1,2,4.4,4.99,LOW
2025-03-13 14:00:00,14,13,3,3,0,20.6,59.8,2,1,4.96,4.4,LOW
2025-03-13 15:00:00,15,13,3,3,0,17.9,51.7,1,0,4.04,4.96,LOW
2025-03-13 16:00:00,16,13,3,3,0,20.1,67.2,1,2,4.47,4.04,LOW
2025-03-13 17:00:00,17,13,3,3,0,17.7,56.9,3,4,8.68,4.47,MEDIUM
2025-03-13 18:00:00,18,13,3,3,0,19.4,57.5,4,7,14.68,8.68,HIGH
2025-03-13 19:00:00,19,13,3,3,0,18.0,74.7,6,5,16.78,14.68,HIGH
2025-03-13 20:00:00,20,13,3,3,0,13.0,58.6,5,1,14.02,16.78,HIGH
2025-03-13 21:00:00,21,13,3,3,0,16.7,65.8,4,2,12.23,14.02,HIGH
2025-03-13 22:00:00,22,13,3,3,0,11.4,66.8,8,3,11.6,12.23,HIGH
2025-03-13 23:00:00,23,13,3,3,0,13.5,64.9,3,1,7.8,11.6,MEDIUM
2025-03-14 00:00:00,0,14,3,4,0,11.4,65.1,2,1,5.86,7.8,LOW
2025-03-14 01:00:00,1,14,3,4,0,14.3,64.5,3,2,4.6,5.86,LOW
2025-03-14 02:00:00,2,14,3,4,0,8.6,66.2,2,1,3.46,4.6,LOW
2025-03-14 03:00:00,3,14,3,4,0,8.1,64.4,3,3,4.58,3.46,LOW
2025-03-14 04:00:00,4,14,3,4,0,9.1,73.4,3,1,4.5,4.58,LOW
2025-03-14 05:00:00,5,14,3,4,0,8.9,56.6,3,2,3.85,4.5,LOW
2025-03-14 06:00:00,6,14,3,4,0,12.5,69.1,3,1,4.37,3.85,LOW
2025-03-14 07:00:00,7,14,3,4,0,7.5,69.9,6,2,7.13,4.37,MEDIUM
2025-03-14 08:00:00,8,14,3,4,0,10.1,68.2,4,1,7.7,7.13,MEDIUM
2025-03-14 09:00:00,9,14,3,4,0,11.3,70.2,1,2,7.39,7.7,MEDIUM
2025-03-14 10:00:00,10,14,3,4,0,17.7,60.4,2,1,6.08,7.39,LOW
2025-03-14 11:00:00,11,14,3,4,0,20.8,48.5,1,2,5.69,6.08,LOW
2025-03-14 12:00:00,12,14,3,4,0,17.3,60.6,3,3,7.03,5.69,MEDIUM
2025-03-14 13:00:00,13,14,3,4,0,17.9,54.9,2,2,6.18,7.03,LOW
2025-03-14 14:00:00,14,14,3,4,0,19.0,56.0,2,2,5.16,6.18,LOW
2025-03-14 15:00:00,15,14,3,4,0,21.9,51.8,1,1,3.81,5.16,LOW
2025-03-14 16:00:00,16,14,3,4,0,16.5,58.5,1,0,2.55,3.81,LOW
2025-03-14 17:00:00,17,14,3,4,0,18.9,56.9,2,3,5.81,2.55,LOW
2025-03-14 18:00:00,18,14,3,4,0,20.0,45.7,4,2,7.96,5.81,MEDIUM
2025-03-14 19:00:00,19,14,3,4,0,17.8,65.1,4,4,11.09,7.96,HIGH
2025-03-14 20:00:00,20,14,3,4,0,15.8,75.0,4,6,15.25,11.09,HIGH
2025-03-14 21:00:00,21,14,3,4,0,16.5,65.0,5,6,18.03,15.25,HIGH
2025-03-14 22:00:00,22,14,3,4,0,5.9,64.4,6,6,16.13,18.03,HIGH
2025-03-14 23:00:00,23,14,3,4,0,13.2,62.4,3,0,8.93,16.13,MEDIUM
2025-03-15 00:00:00,0,15,3,5,1,8.8,62.0,5,4,10.73,8.93,MEDIUM
2025-03-15 01:00:00,1,15,3,5,1,5.1,66.5,2,3,7.16,10.73,MEDIUM
2025-03-15 02:00:00,2,15,3,5,1,10.4,63.6,6,2,6.17,7.16,LOW
2025-03-15 03:00:00,3,15,3,5,1,12.4,58.0,2,4,5.68,6.17,LOW
2025-03-15 04:00:00,4,15,3,5,1,8.8,74.6,4,7,6.69,5.68,MEDIUM
2025-03-15 05:00:00,5,15,3,5,1,12.1,54.2,3,1,4.34,6.69,LOW
2025-03-15 06:00:00,6,15,3,5,1,14.5,66.5,2,6,7.68,4.34,MEDIUM
2025-03-15 07:00:00,7,15,3,5,1,14.8,61.5,5,4,9.69,7.68,MEDIUM
2025-03-15 08:00:00,8,15,3,5,1,16.8,72.7,6,2,11.57,9.69,HIGH
2025-03-15 09:00:00,9,15,3,5,1,15.9,63.7,5,3,11.78,11.57,HIGH
2025-03-15 10:00:00,10,15,3,5,1,15.5,59.6,5,2,11.31,11.78,HIGH
2025-03-15 11:00:00,11,15,3,5,1,12.5,61.5,6,5,15.06,11.31,HIGH
2025-03-15 12:00:00,12,15,3,5,1,16.9,61.5,8,3,14.87,15.06,HIGH
2025-03-15 13:00:00,13,15,3,5,1,16.2,54.7,5,1,11.11,14.87,HIGH
2025-03-15 14:00:00,14,15,3,5,1,24.3,53.7,5,2,10.68,11.11,MEDIUM
2025-03-15 15:00:00,15,15,3,5,1,18.6,49.9,4,2,9.53,10.68,MEDIUM
2025-03-15 16:00:00,16,15,3,5,1,19.1,54.8,4,4,10.46,9.53,MEDIUM
2025-03-15 17:00:00,17,15,3,5,1,19.7,60.7,5,3,13.33,10.46,HIGH
2025-03-15 18:00:00,18,15,3,5,1,17.6,62.8,5,7,19.23,13.33,HIGH
2025-03-15 19:00:00,19,15,3,5,1,20.7,47.8,5,3,17.04,19.23,HIGH
2025-03-15 20:00:00,20,15,3,5,1,13.7,61.7,5,14,29.7,17.04,HIGH
2025-03-15 21:00:00,21,15,3,5,1,14.5,65.6,5,7,26.73,29.7,HIGH
2025-03-15 22:00:00,22,15,3,5,1,10.8,62.7,4,4,17.64,26.73,HIGH
2025-03-15 23:00:00,23,15,3,5,1,8.2,60.9,2,3,12.5,17.64,HIGH
2025-03-16 00:00:00,0,16,3,6,1,8.9,62.0,2,4,10.49,12.5,MEDIUM
2025-03-16 01:00:00,1,16,3,6,1,9.6,60.9,2,5,7.32,10.49,MEDIUM
2025-03-16 02:00:00,2,16,3,6,1,8.1,60.9,3,4,6.16,7.32,LOW
2025-03-16 03:00:00,3,16,3,6,1,7.3,66.1,4,1,5.05,6.16,LOW
2025-03-16 04:00:00,4,16,3,6,1,5.7,79.6,3,6,6.72,5.05,MEDIUM
2025-03-16 05:00:00,5,16,3,6,1,9.5,59.7,3,7,7.02,6.72,MEDIUM
2025-03-16 06:00:00,6,16,3,6,1,6.7,63.4,2,6,9.37,7.02,MEDIUM
2025-03-16 07:00:00,7,16,3,6,1,13.4,62.3,4,6,10.31,9.37,MEDIUM
2025-03-16 08:00:00,8,16,3,6,1,12.9,58.7,5,7,14.73,10.31,HIGH
2025-03-16 09:00:00,9,16,3,6,1,10.4,70.4,7,5,17.75,14.73,HIGH
2025-03-16 10:00:00,10,16,3,6,1,14.5,48.0,4,5,15.82,17.75,HIGH
2025-03-16 11:00:00,11,16,3,6,1,14.6,59.0,5,1,12.51,15.82,HIGH
2025-03-16 12:00:00,12,16,3,6,1,18.3,65.6,5,2,11.56,12.51,HIGH
2025-03-16 13:00:00,13,16,3,6,1,21.7,57.6,4,2,10.26,11.56,MEDIUM
2025-03-16 14:00:00,14,16,3,6,1,14.1,57.4,4,3,11.0,10.26,MEDIUM
2025-03-16 15:00:00,15,16,3,6,1,19.3,62.9,6,2,11.76,11.0,HIGH
2025-03-16 16:00:00,16,16,3,6,1,18.4,66.1,4,3,10.9,11.76,MEDIUM
2025-03-16 17:00:00,17,16,3,6,1,20.0,61.3,4,5,14.48,10.9,HIGH
2025-03-16 18:00:00,18,16,3,6,1,18.1,56.0,6,3,15.88,14.48,HIGH
2025-03-16 19:00:00,19,16,3,6,1,14.6,64.9,4,8,21.66,15.88,HIGH
2025-03-16 20:00:00,20,16,3,6,1,14.5,59.8,4,7,21.93,21.66,HIGH
2025-03-16 21:00:00,21,16,3,6,1,12.0,67.7,5,6,23.67,21.93,HIGH
2025-03-16 22:00:00,22,16,3,6,1,15.4,70.7,6,7,18.31,23.67,HIGH
2025-03-16 23:00:00,23,16,3,6,1,11.6,47.7,3,3,12.09,18.31,HIGH
2025-03-17 00:00:00,0,17,3,0,0,15.2,62.6,3,1,7.73,12.09,MEDIUM
2025-03-17 01:00:00,1,17,3,0,0,9.5,53.8,6,1,5.38,7.73,LOW
2025-03-17 02:00:00,2,17,3,0,0,7.4,79.7,4,4,5.52,5.38,LOW
2025-03-17 03:00:00,3,17,3,0,0,5.2,63.1,4,3,5.31,5.52,LOW
2025-03-17 04:00:00,4,17,3,0,0,4.7,70.6,2,1,4.21,5.31,LOW
2025-03-17 05:00:00,5,17,3,0,0,5.7,65.5,4,2,4.69,4.21,LOW
2025-03-17 06:00:00,6,17,3,0,0,11.1,58.7,3,1,4.88,4.69,LOW
2025-03-17 07:00:00,7,17,3,0,0,12.8,57.3,4,1,5.43,4.88,LOW
2025-03-17 08:00:00,8,17,3,0,0,8.8,74.0,6,1,8.01,5.43,MEDIUM
2025-03-17 09:00:00,9,17,3,0,0,16.2,67.3,3,1,7.12,8.01,MEDIUM
2025-03-17 10:00:00,10,17,3,0,0,14.1,74.0,5,1,7.77,7.12,MEDIUM
2025-03-17 11:00:00,11,17,3,0,0,16.9,61.6,1,2,6.07,7.77,LOW
2025-03-17 12:00:00,12,17,3,0,0,21.6,61.1,1,3,5.9,6.07,LOW
2025-03-17 13:00:00,13,17,3,0,0,20.6,58.2,2,3,6.48,5.9,MEDIUM
2025-03-17 14:00:00,14,17,3,0,0,18.2,59.0,1,2,5.29,6.48,LOW
2025-03-17 15:00:00,15,17,3,0,0,16.8,55.0,4,4,7.6,5.29,MEDIUM
2025-03-17 16:00:00,16,17,3,0,0,13.5,63.1,2,1,6.85,7.6,MEDIUM
2025-03-17 17:00:00,17,17,3,0,0,16.5,56.7,1,8,12.61,6.85,HIGH
2025-03-17 18:00:00,18,17,3,0,0,17.0,63.9,4,3,12.29,12.61,HIGH
2025-03-17 19:00:00,19,17,3,0,0,14.0,63.4,5,4,14.61,12.29,HIGH
2025-03-17 20:00:00,20,17,3,0,0,15.0,63.7,5,6,17.75,14.61,HIGH
2025-03-17 21:00:00,21,17,3,0,0,14.2,72.4,4,3,15.28,17.75,HIGH
2025-03-17 22:00:00,22,17,3,0,0,12.1,62.9,7,4,13.41,15.28,HIGH
2025-03-17 23:00:00,23,17,3,0,0,9.9,68.6,5,1,10.59,13.41,MEDIUM
2025-03-18 00:00:00,0,18,3,1,0,10.9,75.9,2,2,8.51,10.59,MEDIUM
2025-03-18 01:00:00,1,18,3,1,0,10.8,71.5,5,1,5.93,8.51,LOW
2025-03-18 02:00:00,2,18,3,1,0,6.4,72.4,5,1,4.75,5.93,LOW
2025-03-18 03:00:00,3,18,3,1,0,12.5,61.2,2,1,3.14,4.75,LOW
2025-03-18 04:00:00,4,18,3,1,0,8.9,65.8,4,2,3.46,3.14,LOW
2025-03-18 05:00:00,5,18,3,1,0,9.7,56.2,4,1,3.08,3.46,LOW
2025-03-18 06:00:00,6,18,3,1,0,12.2,66.1,4,1,4.72,3.08,LOW
2025-03-18 07:00:00,7,18,3,1,0,12.1,64.8,5,0,5.07,4.72,LOW
2025-03-18 08:00:00,8,18,3,1,0,15.1,62.1,6,1,7.31,5.07,MEDIUM
2025-03-18 09:00:00,9,18,3,1,0,14.7,68.3,1,1,5.46,7.31,LOW
2025-03-18 10:00:00,10,18,3,1,0,13.8,55.2,3,0,5.35,5.46,LOW
2025-03-18 11:00:00,11,18,3,1,0,17.4,70.8,2,3,6.54,5.35,MEDIUM
2025-03-18 12:00:00,12,18,3,1,0,14.7,67.5,2,1,5.66,6.54,LOW
2025-03-18 13:00:00,13,18,3,1,0,18.6,60.1,3,4,7.71,5.66,MEDIUM
2025-03-18 14:00:00,14,18,3,1,0,18.7,59.6,2,1,5.71,7.71,LOW
2025-03-18 15:00:00,15,18,3,1,0,18.5,63.5,3,0,4.88,5.71,LOW
2025-03-18 16:00:00,16,18,3,1,0,18.5,69.7,1,2,4.49,4.88,LOW
2025-03-18 17:00:00,17,18,3,1,0,13.6,63.2,2,5,9.87,4.49,MEDIUM
2025-03-18 18:00:00,18,18,3,1,0,16.2,62.4,4,9,16.86,9.87,HIGH
2025-03-18 19:00:00,19,18,3,1,0,16.7,61.4,7,3,16.27,16.86,HIGH
2025-03-18 20:00:00,20,18,3,1,0,15.7,72.4,7,3,16.64,16.27,HIGH
2025-03-18 21:00:00,21,18,3,1,0,11.4,61.2,5,8,21.13,16.64,HIGH
2025-03-18 22:00:00,22,18,3,1,0,15.9,61.5,6,3,13.56,21.13,HIGH
2025-03-18 23:00:00,23,18,3,1,0,9.3,73.1,5,0,9.72,13.56,MEDIUM
2025-03-19 00:00:00,0,19,3,2,0,12.9,63.7,4,1,7.16,9.72,MEDIUM
2025-03-19 01:00:00,1,19,3,2,0,10.7,70.5,3,1,4.23,7.16,LOW
2025-03-19 02:00:00,2,19,3,2,0,7.6,59.5,3,1,3.76,4.23,LOW
2025-03-19 03:00:00,3,19,3,2,0,13.4,61.4,3,3,3.97,3.76,LOW
2025-03-19 04:00:00,4,19,3,2,0,6.2,74.4,2,2,2.88,3.97,LOW
2025-03-19 05:00:00,5,19,3,2,0,12.0,59.1,3,2,3.3,2.88,LOW
2025-03-19 06:00:00,6,19,3,2,0,13.0,61.9,3,2,4.65,3.3,LOW
2025-03-19 07:00:00,7,19,3,2,0,9.8,65.6,5,1,5.88,4.65,LOW
2025-03-19 08:00:00,8,19,3,2,0,16.2,55.6,6,3,8.69,5.88,MEDIUM
2025-03-19 09:00:00,9,19,3,2,0,13.4,60.2,2,3,8.44,8.69,MEDIUM
2025-03-19 10:00:00,10,19,3,2,0,16.0,62.3,2,0,5.58,8.44,LOW
2025-03-19 11:00:00,11,19,3,2,0,17.2,61.4,1,4,7.5,5.58,MEDIUM
2025-03-19 12:00:00,12,19,3,2,0,17.2,68.8,3,2,7.38,7.5,MEDIUM
2025-03-19 13:00:00,13,19,3,2,0,20.4,69.1,2,1,5.67,7.38,LOW
2025-03-19 14:00:00,14,19,3,2,0,20.8,54.5,1,2,5.47,5.67,LOW
2025-03-19 15:00:00,15,19,3,2,0,14.6,62.8,1,0,4.24,5.47,LOW
2025-03-19 16:00:00,16,19,3,2,0,22.1,63.2,1,2,3.9,4.24,LOW
2025-03-19 17:00:00,17,19,3,2,0,14.2,71.4,1,4,8.22,3.9,MEDIUM
2025-03-19 18:00:00,18,19,3,2,0,20.1,64.3,5,4,12.05,8.22,HIGH
2025-03-19 19:00:00,19,19,3,2,0,19.3,62.0,5,4,13.5,12.05,HIGH
2025-03-19 20:00:00,20,19,3,2,0,12.6,67.0,7,6,18.74,13.5,HIGH
2025-03-19 21:00:00,21,19,3,2,0,13.0,66.8,5,6,19.82,18.74,HIGH
2025-03-19 22:00:00,22,19,3,2,0,9.9,58.5,5,4,14.5,19.82,HIGH
2025-03-19 23:00:00,23,19,3,2,0,11.0,64.8,2,1,9.4,14.5,MEDIUM
2025-03-20 00:00:00,0,20,3,3,0,9.7,72.9,3,3,7.72,9.4,MEDIUM
2025-03-20 01:00:00,1,20,3,3,0,11.6,62.1,3,1,4.52,7.72,LOW
2025-03-20 02:00:00,2,20,3,3,0,12.4,63.8,4,1,3.76,4.52,LOW
2025-03-20 03:00:00,3,20,3,3,0,12.5,61.5,3,2,3.38,3.76,LOW
2025-03-20 04:00:00,4,20,3,3,0,7.8,51.0,2,3,3.66,3.38,LOW
2025-03-20 05:00:00,5,20,3,3,0,9.1,64.5,2,1,2.91,3.66,LOW
2025-03-20 06:00:00,6,20,3,3,0,6.3,67.3,2,2,5.01,2.91,LOW
2025-03-20 07:00:00,7,20,3,3,0,9.5,61.1,5,2,6.18,5.01,LOW
2025-03-20 08:00:00,8,20,3,3,0,15.1,55.0,5,0,7.19,6.18,MEDIUM
2025-03-20 09:00:00,9,20,3,3,0,18.0,55.5,2,0,4.88,7.19,LOW
2025-03-20 10:00:00,10,20,3,3,0,12.2,67.7,2,2,6.38,4.88,MEDIUM
2025-03-20 11:00:00,11,20,3,3,0,15.0,73.8,2,3,6.96,6.38,MEDIUM
2025-03-20 12:00:00,12,20,3,3,0,17.5,69.3,1,4,7.14,6.96,MEDIUM
2025-03-20 13:00:00,13,20,3,3,0,19.0,52.3,1,2,5.89,7.14,LOW
2025-03-20 14:00:00,14,20,3,3,0,16.8,66.4,2,2,5.81,5.89,LOW
2025-03-20 15:00:00,15,20,3,3,0,20.1,56.0,3,2,6.35,5.81,MEDIUM
2025-03-20 16:00:00,16,20,3,3,0,17.6,57.5,3,2,6.29,6.35,MEDIUM
2025-03-20 17:00:00,17,20,3,3,0,18.3,57.9,2,6,10.5,6.29,MEDIUM
2025-03-20 18:00:00,18,20,3,3,0,18.9,64.7,7,5,15.96,10.5,HIGH
2025-03-20 19:00:00,19,20,3,3,0,16.5,67.2,4,6,16.85,15.96,HIGH
2025-03-20 20:00:00,20,20,3,3,0,14.2,61.7,4,4,16.26,16.85,HIGH
2025-03-20 21:00:00,21,20,3,3,0,13.7,62.0,6,4,16.98,16.26,HIGH
2025-03-20 22:00:00,22,20,3,3,0,12.5,65.8,4,7,14.18,16.98,HIGH
2025-03-20 23:00:00,23,20,3,3,0,10.6,67.2,2,3,9.94,14.18,MEDIUM
2025-03-21 00:00:00,0,21,3,4,0,9.8,71.1,2,3,8.23,9.94,MEDIUM
2025-03-21 01:00:00,1,21,3,4,0,13.7,54.8,4,1,5.55,8.23,LOW
2025-03-21 02:00:00,2,21,3,4,0,10.6,63.9,3,3,5.22,5.55,LOW
2025-03-21 03:00:00,3,21,3,4,0,8.3,58.3,4,1,4.19,5.22,LOW
2025-03-21 04:00:00,4,21,3,4,0,10.9,63.3,2,4,4.14,4.19,LOW
2025-03-21 05:00:00,5,21,3,4,0,8.8,63.1,2,1,3.21,4.14,LOW
2025-03-21 06:00:00,6,21,3,4,0,13.4,62.4,2,1,3.68,3.21,LOW
2025-03-21 07:00:00,7,21,3,4,0,12.4,58.2,8,2,6.8,3.68,MEDIUM
2025-03-21 08:00:00,8,21,3,4,0,12.4,54.1,4,3,8.58,6.8,MEDIUM
2025-03-21 09:00:00,9,21,3,4,0,15.1,49.4,3,3,8.86,8.58,MEDIUM
2025-03-21 10:00:00,10,21,3,4,0,11.4,62.7,2,1,7.39,8.86,MEDIUM
2025-03-21 11:00:00,11,21,3,4,0,13.7,59.9,1,3,7.69,7.39,MEDIUM
2025-03-21 12:00:00,12,21,3,4,0,14.6,58.1,2,4,8.66,7.69,MEDIUM
2025-03-21 13:00:00,13,21,3,4,0,18.7,68.5,2,1,6.22,8.66,LOW
2025-03-21 14:00:00,14,21,3,4,0,23.2,53.6,1,3,6.27,6.22,MEDIUM
2025-03-21 15:00:00,15,21,3,4,0,24.6,66.7,1,1,5.0,6.27,LOW
2025-03-21 16:00:00,16,21,3,4,0,20.4,69.6,3,1,5.12,5.0,LOW
2025-03-21 17:00:00,17,21,3,4,0,19.6,48.5,2,4,7.48,5.12,MEDIUM
2025-03-21 18:00:00,18,21,3,4,0,13.0,63.4,4,7,14.69,7.48,HIGH
2025-03-21 19:00:00,19,21,3,4,0,15.1,59.6,5,4,15.9,14.69,HIGH
2025-03-21 20:00:00,20,21,3,4,0,13.3,45.2,5,7,20.13,15.9,HIGH
2025-03-21 21:00:00,21,21,3,4,0,12.4,54.4,4,4,18.25,20.13,HIGH
2025-03-21 22:00:00,22,21,3,4,0,12.3,67.7,5,5,13.97,18.25,HIGH
2025-03-21 23:00:00,23,21,3,4,0,10.3,76.0,2,5,11.14,13.97,HIGH
2025-03-22 00:00:00,0,22,3,5,1,5.5,71.2,3,4,11.39,11.14,HIGH
2025-03-22 01:00:00,1,22,3,5,1,11.5,65.3,3,2,7.4,11.39,MEDIUM
2025-03-22 02:00:00,2,22,3,5,1,6.5,65.3,4,10,7.91,7.4,MEDIUM
2025-03-22 03:00:00,3,22,3,5,1,9.6,74.3,3,4,6.53,7.91,MEDIUM
2025-03-22 04:00:00,4,22,3,5,1,14.4,75.1,2,4,5.29,6.53,LOW
2025-03-22 05:00:00,5,22,3,5,1,7.4,61.5,2,3,4.42,5.29,LOW
2025-03-22 06:00:00,6,22,3,5,1,4.1,54.4,2,1,5.54,4.42,LOW
2025-03-22 07:00:00,7,22,3,5,1,10.8,51.1,5,5,9.55,5.54,MEDIUM
2025-03-22 08:00:00,8,22,3,5,1,15.5,69.7,5,5,12.97,9.55,HIGH
2025-03-22 09:00:00,9,22,3,5,1,18.9,60.2,4,0,9.21,12.97,MEDIUM
2025-03-22 10:00:00,10,22,3,5,1,12.2,64.2,4,2,10.66,9.21,MEDIUM
2025-03-22 11:00:00,11,22,3,5,1,17.7,50.2,5,3,11.6,10.66,HIGH
2025-03-22 12:00:00,12,22,3,5,1,16.4,56.9,4,2,10.52,11.6,MEDIUM
2025-03-22 13:00:00,13,22,3,5,1,18.1,59.0,4,4,11.34,10.52,HIGH
2025-03-22 14:00:00,14,22,3,5,1,25.4,59.1,5,5,13.86,11.34,HIGH
2025-03-22 15:00:00,15,22,3,5,1,15.2,59.5,5,4,13.84,13.86,HIGH
2025-03-22 16:00:00,16,22,3,5,1,19.5,54.0,4,2,10.89,13.84,MEDIUM
2025-03-22 17:00:00,17,22,3,5,1,19.5,55.5,6,4,14.9,10.89,HIGH
2025-03-22 18:00:00,18,22,3,5,1,20.2,67.2,4,10,22.02,14.9,HIGH
2025-03-22 19:00:00,19,22,3,5,1,16.7,62.8,4,3,18.19,22.02,HIGH
2025-03-22 20:00:00,20,22,3,5,1,16.1,65.2,5,5,19.49,18.19,HIGH
2025-03-22 21:00:00,21,22,3,5,1,13.0,57.4,6,4,20.57,19.49,HIGH
2025-03-22 22:00:00,22,22,3,5,1,13.4,44.9,4,6,16.01,20.57,HIGH
2025-03-22 23:00:00,23,22,3,5,1,10.6,60.6,5,6,15.51,16.01,HIGH
2025-03-23 00:00:00,0,23,3,6,1,12.0,58.0,3,1,10.79,15.51,MEDIUM
2025-03-23 01:00:00,1,23,3,6,1,8.7,66.6,2,1,6.52,10.79,MEDIUM
2025-03-23 02:00:00,2,23,3,6,1,10.1,83.7,4,5,6.5,6.52,MEDIUM
2025-03-23 03:00:00,3,23,3,6,1,8.9,68.6,4,3,5.72,6.5,LOW
2025-03-23 04:00:00,4,23,3,6,1,12.0,79.6,4,2,4.56,5.72,LOW
2025-03-23 05:00:00,5,23,3,6,1,9.5,67.6,3,6,5.52,4.56,LOW
2025-03-23 06:00:00,6,23,3,6,1,6.0,61.8,3,6,9.67,5.52,MEDIUM
2025-03-23 07:00:00,7,23,3,6,1,14.7,64.2,4,2,7.56,9.67,MEDIUM
2025-03-23 08:00:00,8,23,3,6,1,10.4,74.5,6,5,13.02,7.56,HIGH
2025-03-23 09:00:00,9,23,3,6,1,12.4,74.0,4,3,12.75,13.02,HIGH
2025-03-23 10:00:00,10,23,3,6,1,13.8,59.0,5,0,10.49,12.75,MEDIUM
2025-03-23 11:00:00,11,23,3,6,1,19.9,61.6,5,4,11.77,10.49,HIGH
2025-03-23 12:00:00,12,23,3,6,1,12.2,54.5,5,2,12.47,11.77,HIGH
2025-03-23 13:00:00,13,23,3,6,1,26.2,62.5,6,1,11.17,12.47,HIGH
2025-03-23 14:00:00,14,23,3,6,1,21.5,68.7,4,3,10.55,11.17,MEDIUM
2025-03-23 15:00:00,15,23,3,6,1,19.6,60.4,4,4,10.91,10.55,MEDIUM
2025-03-23 16:00:00,16,23,3,6,1,18.7,56.5,4,3,10.7,10.91,MEDIUM
2025-03-23 17:00:00,17,23,3,6,1,19.0,62.6,5,6,16.05,10.7,HIGH
2025-03-23 18:00:00,18,23,3,6,1,18.8,63.0,4,4,15.67,16.05,HIGH
2025-03-23 19:00:00,19,23,3,6,1,18.1,61.2,6,1,13.95,15.67,HIGH
2025-03-23 20:00:00,20,23,3,6,1,16.7,62.4,4,2,12.44,13.95,HIGH
2025-03-23 21:00:00,21,23,3,6,1,14.2,61.3,7,3,16.42,12.44,HIGH
2025-03-23 22:00:00,22,23,3,6,1,12.2,69.1,5,4,13.56,16.42,HIGH
2025-03-23 23:00:00,23,23,3,6,1,11.1,68.0,3,4,11.01,13.56,HIGH
2025-03-24 00:00:00,0,24,3,0,0,10.0,58.1,3,3,9.34,11.01,MEDIUM
2025-03-24 01:00:00,1,24,3,0,0,12.5,56.9,2,2,6.05,9.34,LOW
2025-03-24 02:00:00,2,24,3,0,0,10.7,62.2,5,0,4.05,6.05,LOW
2025-03-24 03:00:00,3,24,3,0,0,1.6,71.8,3,1,3.88,4.05,LOW
2025-03-24 04:00:00,4,24,3,0,0,10.8,64.6,4,0,3.16,3.88,LOW
2025-03-24 05:00:00,5,24,3,0,0,10.2,60.1,2,2,3.2,3.16,LOW
2025-03-24 06:00:00,6,24,3,0,0,10.4,65.4,3,4,6.03,3.2,LOW
2025-03-24 07:00:00,7,24,3,0,0,10.5,61.8,4,0,5.26,6.03,LOW
2025-03-24 08:00:00,8,24,3,0,0,15.5,67.1,5,2,7.21,5.26,MEDIUM
2025-03-24 09:00:00,9,24,3,0,0,16.4,63.4,2,2,6.86,7.21,MEDIUM
2025-03-24 10:00:00,10,24,3,0,0,13.4,60.7,2,1,5.9,6.86,LOW
2025-03-24 11:00:00,11,24,3,0,0,17.5,62.4,3,2,6.11,5.9,LOW
2025-03-24 12:00:00,12,24,3,0,0,15.1,69.9,1,2,6.14,6.11,LOW
2025-03-24 13:00:00,13,24,3,0,0,14.9,58.6,1,2,5.8,6.14,LOW
2025-03-24 14:00:00,14,24,3,0,0,17.3,63.5,1,1,4.08,5.8,LOW
2025-03-24 15:00:00,15,24,3,0,0,21.2,59.1,1,2,4.27,4.08,LOW
2025-03-24 16:00:00,16,24,3,0,0,21.2,62.1,3,4,6.8,4.27,MEDIUM
2025-03-24 17:00:00,17,24,3,0,0,19.6,56.2,1,5,9.0,6.8,MEDIUM
2025-03-24 18:00:00,18,24,3,0,0,19.3,60.9,4,9,16.58,9.0,HIGH
2025-03-24 19:00:00,19,24,3,0,0,17.8,67.5,6,3,15.52,16.58,HIGH
2025-03-24 20:00:00,20,24,3,0,0,13.7,56.9,5,3,14.95,15.52,HIGH
2025-03-24 21:00:00,21,24,3,0,0,15.1,54.0,4,4,15.09,14.95,HIGH
2025-03-24 22:00:00,22,24,3,0,0,14.7,54.4,4,4,11.63,15.09,HIGH
2025-03-24 23:00:00,23,24,3,0,0,13.4,55.6,3,1,7.6,11.63,MEDIUM
2025-03-25 00:00:00,0,25,3,1,0,13.4,66.2,2,2,6.15,7.6,LOW
2025-03-25 01:00:00,1,25,3,1,0,11.4,55.0,2,4,4.79,6.15,LOW
2025-03-25 02:00:00,2,25,3,1,0,10.0,62.2,2,1,3.17,4.79,LOW
2025-03-25 03:00:00,3,25,3,1,0,11.7,67.0,3,2,3.28,3.17,LOW
2025-03-25 04:00:00,4,25,3,1,0,9.1,66.9,3,5,3.68,3.28,LOW
2025-03-25 05:00:00,5,25,3,1,0,7.5,62.7,2,2,3.14,3.68,LOW
2025-03-25 06:00:00,6,25,3,1,0,10.1,65.1,2,2,4.16,3.14,LOW
2025-03-25 07:00:00,7,25,3,1,0,9.6,64.8,4,2,5.6,4.16,LOW
2025-03-25 08:00:00,8,25,3,1,0,11.0,62.3,4,0,5.89,5.6,LOW
2025-03-25 09:00:00,9,25,3,1,0,13.6,61.3,1,0,3.71,5.89,LOW
2025-03-25 10:00:00,10,25,3,1,0,13.3,76.1,4,2,6.68,3.71,MEDIUM
2025-03-25 11:00:00,11,25,3,1,0,15.7,66.6,2,2,6.34,6.68,MEDIUM
2025-03-25 12:00:00,12,25,3,1,0,12.8,77.8,4,3,8.86,6.34,MEDIUM
2025-03-25 13:00:00,13,25,3,1,0,18.9,57.5,1,1,5.79,8.86,LOW
2025-03-25 14:00:00,14,25,3,1,0,18.8,60.0,1,3,6.04,5.79,LOW
2025-03-25 15:00:00,15,25,3,1,0,17.0,53.2,1,3,5.88,6.04,LOW
2025-03-25 16:00:00,16,25,3,1,0,20.5,54.9,1,1,4.38,5.88,LOW
2025-03-25 17:00:00,17,25,3,1,0,20.7,71.1,1,2,5.27,4.38,LOW
2025-03-25 18:00:00,18,25,3,1,0,13.5,59.5,4,6,12.89,5.27,HIGH
2025-03-25 19:00:00,19,25,3,1,0,14.6,73.7,5,3,13.8,12.89,HIGH
2025-03-25 20:00:00,20,25,3,1,0,13.4,55.2,5,4,15.2,13.8,HIGH
2025-03-25 21:00:00,21,25,3,1,0,11.7,57.0,4,7,18.71,15.2,HIGH
2025-03-25 22:00:00,22,25,3,1,0,14.8,60.0,5,5,13.85,18.71,HIGH
2025-03-25 23:00:00,23,25,3,1,0,11.0,63.2,2,2,9.39,13.85,MEDIUM
2025-03-26 00:00:00,0,26,3,2,0,9.8,69.6,3,5,9.94,9.39,MEDIUM
2025-03-26 01:00:00,1,26,3,2,0,4.7,68.8,2,2,6.15,9.94,LOW
2025-03-26 02:00:00,2,26,3,2,0,10.8,61.2,3,1,4.12,6.15,LOW
2025-03-26 03:00:00,3,26,3,2,0,5.9,64.8,3,0,4.2,4.12,LOW
2025-03-26 04:00:00,4,26,3,2,0,9.3,62.4,2,1,2.66,4.2,LOW
2025-03-26 05:00:00,5,26,3,2,0,10.4,58.4,3,1,2.19,2.66,LOW
2025-03-26 06:00:00,6,26,3,2,0,13.9,57.1,3,3,5.06,2.19,LOW
2025-03-26 07:00:00,7,26,3,2,0,8.2,70.9,5,0,6.49,5.06,MEDIUM
2025-03-26 08:00:00,8,26,3,2,0,5.2,55.0,6,0,9.23,6.49,MEDIUM
2025-03-26 09:00:00,9,26,3,2,0,14.5,71.9,1,1,6.63,9.23,MEDIUM
2025-03-26 10:00:00,10,26,3,2,0,19.8,58.0,4,3,7.84,6.63,MEDIUM
2025-03-26 11:00:00,11,26,3,2,0,19.6,55.5,2,1,5.72,7.84,LOW
2025-03-26 12:00:00,12,26,3,2,0,18.1,65.2,2,2,5.79,5.72,LOW
2025-03-26 13:00:00,13,26,3,2,0,17.1,70.1,2,2,6.22,5.79,LOW
2025-03-26 14:00:00,14,26,3,2,0,20.8,66.4,2,3,6.87,6.22,MEDIUM
2025-03-26 15:00:00,15,26,3,2,0,16.6,64.4,5,2,7.4,6.87,MEDIUM
2025-03-26 16:00:00,16,26,3,2,0,20.0,66.5,1,2,5.44,7.4,LOW
2025-03-26 17:00:00,17,26,3,2,0,19.6,49.9,3,7,12.46,5.44,HIGH
2025-03-26 18:00:00,18,26,3,2,0,20.2,56.8,5,5,14.47,12.46,HIGH
2025-03-26 19:00:00,19,26,3,2,0,23.4,53.2,4,6,15.48,14.47,HIGH
2025-03-26 20:00:00,20,26,3,2,0,16.3,68.8,6,3,15.73,15.48,HIGH
2025-03-26 21:00:00,21,26,3,2,0,12.7,60.6,5,3,15.55,15.73,HIGH
2025-03-26 22:00:00,22,26,3,2,0,12.6,68.0,4,6,13.57,15.55,HIGH
2025-03-26 23:00:00,23,26,3,2,0,7.1,68.4,4,1,10.24,13.57,MEDIUM
2025-03-27 00:00:00,0,27,3,3,0,8.7,59.3,5,6,11.26,10.24,HIGH
2025-03-27 01:00:00,1,27,3,3,0,8.6,61.0,2,1,6.6,11.26,MEDIUM
2025-03-27 02:00:00,2,27,3,3,0,7.9,72.6,2,2,4.53,6.6,LOW
2025-03-27 03:00:00,3,27,3,3,0,9.4,59.6,4,2,3.62,4.53,LOW
2025-03-27 04:00:00,4,27,3,3,0,7.1,65.9,3,4,4.72,3.62,LOW
2025-03-27 05:00:00,5,27,3,3,0,12.5,58.3,2,1,3.27,4.72,LOW
2025-03-27 06:00:00,6,27,3,3,0,10.5,61.9,3,1,4.9,3.27,LOW
2025-03-27 07:00:00,7,27,3,3,0,11.5,63.1,4,2,6.07,4.9,LOW
2025-03-27 08:00:00,8,27,3,3,0,11.9,58.5,5,1,7.79,6.07,MEDIUM
2025-03-27 09:00:00,9,27,3,3,0,14.4,56.5,1,2,6.78,7.79,MEDIUM
2025-03-27 10:00:00,10,27,3,3,0,17.4,62.8,3,2,6.73,6.78,MEDIUM
2025-03-27 11:00:00,11,27,3,3,0,14.3,57.2,1,1,5.24,6.73,LOW
2025-03-27 12:00:00,12,27,3,3,0,15.9,56.8,1,1,4.49,5.24,LOW
2025-03-27 13:00:00,13,27,3,3,0,17.6,55.3,2,1,4.81,4.49,LOW
2025-03-27 14:00:00,14,27,3,3,0,15.5,61.3,2,1,5.02,4.81,LOW
2025-03-27 15:00:00,15,27,3,3,0,17.0,66.9,2,1,4.74,5.02,LOW
2025-03-27 16:00:00,16,27,3,3,0,17.6,70.0,1,2,4.63,4.74,LOW
2025-03-27 17:00:00,17,27,3,3,0,20.5,55.4,4,7,12.7,4.63,HIGH
2025-03-27 18:00:00,18,27,3,3,0,18.2,73.6,5,3,12.87,12.7,HIGH
2025-03-27 19:00:00,19,27,3,3,0,17.0,55.2,4,3,12.2,12.87,HIGH
2025-03-27 20:00:00,20,27,3,3,0,17.4,67.5,4,7,16.24,12.2,HIGH
2025-03-27 21:00:00,21,27,3,3,0,13.7,58.2,5,5,17.54,16.24,HIGH
2025-03-27 22:00:00,22,27,3,3,0,13.7,57.3,9,3,14.39,17.54,HIGH
2025-03-27 23:00:00,23,27,3,3,0,11.2,59.1,2,0,7.96,14.39,MEDIUM
2025-03-28 00:00:00,0,28,3,4,0,11.1,63.2,4,3,8.04,7.96,MEDIUM
2025-03-28 01:00:00,1,28,3,4,0,8.2,68.2,5,3,6.52,8.04,MEDIUM
2025-03-28 02:00:00,2,28,3,4,0,3.1,70.8,3,2,4.93,6.52,LOW
2025-03-28 03:00:00,3,28,3,4,0,8.7,58.9,2,3,4.11,4.93,LOW
2025-03-28 04:00:00,4,28,3,4,0,12.7,57.0,4,2,4.06,4.11,LOW
2025-03-28 05:00:00,5,28,3,4,0,12.0,57.7,3,4,4.18,4.06,LOW
2025-03-28 06:00:00,6,28,3,4,0,12.9,62.2,4,1,4.27,4.18,LOW
2025-03-28 07:00:00,7,28,3,4,0,14.6,60.9,4,1,5.09,4.27,LOW
2025-03-28 08:00:00,8,28,3,4,0,12.9,57.1,5,1,7.13,5.09,MEDIUM
2025-03-28 09:00:00,9,28,3,4,0,14.5,63.8,1,1,4.91,7.13,LOW
2025-03-28 10:00:00,10,28,3,4,0,13.7,76.1,2,3,6.6,4.91,MEDIUM
2025-03-28 11:00:00,11,28,3,4,0,15.7,58.7,2,0,4.79,6.6,LOW
2025-03-28 12:00:00,12,28,3,4,0,19.1,57.8,2,2,5.34,4.79,LOW
2025-03-28 13:00:00,13,28,3,4,0,21.3,62.8,3,1,5.62,5.34,LOW
2025-03-28 14:00:00,14,28,3,4,0,18.5,57.2,2,0,3.72,5.62,LOW
2025-03-28 15:00:00,15,28,3,4,0,17.9,64.9,4,1,4.96,3.72,LOW
2025-03-28 16:00:00,16,28,3,4,0,18.8,56.2,1,0,3.47,4.96,LOW
2025-03-28 17:00:00,17,28,3,4,0,19.8,71.1,1,4,7.37,3.47,MEDIUM
2025-03-28 18:00:00,18,28,3,4,0,13.9,64.5,4,10,17.79,7.37,HIGH
2025-03-28 19:00:00,19,28,3,4,0,10.8,60.0,6,6,20.43,17.79,HIGH
2025-03-28 20:00:00,20,28,3,4,0,13.9,58.9,4,2,15.73,20.43,HIGH
2025-03-28 21:00:00,21,28,3,4,0,10.9,60.6,4,4,15.39,15.73,HIGH
2025-03-28 22:00:00,22,28,3,4,0,11.4,71.7,4,2,10.83,15.39,MEDIUM
2025-03-28 23:00:00,23,28,3,4,0,11.1,55.9,3,1,7.75,10.83,MEDIUM
2025-03-29 00:00:00,0,29,3,5,1,9.3,60.3,5,4,9.82,7.75,MEDIUM
2025-03-29 01:00:00,1,29,3,5,1,13.3,59.3,3,2,6.52,9.82,MEDIUM
2025-03-29 02:00:00,2,29,3,5,1,10.0,63.9,2,7,6.97,6.52,MEDIUM
2025-03-29 03:00:00,3,29,3,5,1,9.8,62.5,2,4,5.42,6.97,LOW
2025-03-29 04:00:00,4,29,3,5,1,10.7,54.8,5,3,5.16,5.42,LOW
2025-03-29 05:00:00,5,29,3,5,1,6.8,62.9,2,5,5.74,5.16,LOW
2025-03-29 06:00:00,6,29,3,5,1,13.1,62.2,6,2,7.23,5.74,MEDIUM
2025-03-29 07:00:00,7,29,3,5,1,11.3,59.7,4,5,9.48,7.23,MEDIUM
2025-03-29 08:00:00,8,29,3,5,1,14.4,66.4,4,3,11.45,9.48,HIGH
2025-03-29 09:00:00,9,29,3,5,1,11.3,69.0,6,4,14.47,11.45,HIGH
2025-03-29 10:00:00,10,29,3,5,1,11.4,63.0,6,5,16.49,14.47,HIGH
2025-03-29 11:00:00,11,29,3,5,1,18.5,62.0,4,0,9.86,16.49,MEDIUM
2025-03-29 12:00:00,12,29,3,5,1,18.5,47.6,4,0,6.64,9.86,MEDIUM
2025-03-29 13:00:00,13,29,3,5,1,16.1,59.0,4,7,13.08,6.64,HIGH
2025-03-29 14:00:00,14,29,3,5,1,16.7,67.3,4,4,12.41,13.08,HIGH
2025-03-29 15:00:00,15,29,3,5,1,21.8,56.7,4,1,9.55,12.41,MEDIUM
2025-03-29 16:00:00,16,29,3,5,1,15.9,57.2,4,4,11.78,9.55,HIGH
2025-03-29 17:00:00,17,29,3,5,1,22.4,72.7,6,7,19.27,11.78,HIGH
2025-03-29 18:00:00,18,29,3,5,1,15.3,72.8,8,5,22.65,19.27,HIGH
2025-03-29 19:00:00,19,29,3,5,1,18.1,63.6,6,4,20.87,22.65,HIGH
2025-03-29 20:00:00,20,29,3,5,1,14.5,69.0,4,7,23.04,20.87,HIGH
2025-03-29 21:00:00,21,29,3,5,1,15.5,48.4,5,3,19.64,23.04,HIGH
2025-03-29 22:00:00,22,29,3,5,1,11.3,58.8,4,5,15.77,19.64,HIGH
2025-03-29 23:00:00,23,29,3,5,1,11.1,60.7,3,2,10.27,15.77,MEDIUM
2025-03-30 00:00:00,0,30,3,6,1,10.6,62.3,5,3,10.43,10.27,MEDIUM
2025-03-30 01:00:00,1,30,3,6,1,7.2,62.2,3,1,7.16,10.43,MEDIUM
2025-03-30 02:00:00,2,30,3,6,1,11.0,48.3,3,4,6.18,7.16,LOW
2025-03-30 03:00:00,3,30,3,6,1,7.7,67.2,3,1,4.73,6.18,LOW
2025-03-30 04:00:00,4,30,3,6,1,8.6,67.8,4,3,4.59,4.73,LOW
2025-03-30 05:00:00,5,30,3,6,1,7.2,74.7,3,2,4.23,4.59,LOW
2025-03-30 06:00:00,6,30,3,6,1,4.1,61.6,4,0,6.49,4.23,MEDIUM
2025-03-30 07:00:00,7,30,3,6,1,11.0,58.4,5,5,9.84,6.49,MEDIUM
2025-03-30 08:00:00,8,30,3,6,1,18.7,44.4,5,2,9.72,9.84,MEDIUM
2025-03-30 09:00:00,9,30,3,6,1,16.0,59.8,4,2,9.04,9.72,MEDIUM
2025-03-30 10:00:00,10,30,3,6,1,15.2,67.3,8,6,15.88,9.04,HIGH
2025-03-30 11:00:00,11,30,3,6,1,15.8,58.0,4,4,13.92,15.88,HIGH
2025-03-30 12:00:00,12,30,3,6,1,17.6,73.8,5,0,10.17,13.92,MEDIUM
2025-03-30 13:00:00,13,30,3,6,1,19.7,58.6,7,2,12.01,10.17,HIGH
2025-03-30 14:00:00,14,30,3,6,1,15.9,62.5,6,2,12.23,12.01,HIGH
2025-03-30 15:00:00,15,30,3,6,1,21.8,51.1,5,1,10.57,12.23,MEDIUM
2025-03-30 16:00:00,16,30,3,6,1,20.6,61.5,5,2,10.32,10.57,MEDIUM
2025-03-30 17:00:00,17,30,3,6,1,20.1,48.1,4,13,24.25,10.32,HIGH
2025-03-30 18:00:00,18,30,3,6,1,18.6,64.7,5,6,23.31,24.25,HIGH
2025-03-30 19:00:00,19,30,3,6,1,16.5,65.7,4,5,20.46,23.31,HIGH
2025-03-30 20:00:00,20,30,3,6,1,17.0,69.4,6,4,19.96,20.46,HIGH
2025-03-30 21:00:00,21,30,3,6,1,15.5,55.7,7,5,21.81,19.96,HIGH
2025-03-30 22:00:00,22,30,3,6,1,11.8,64.2,4,5,15.95,21.81,HIGH
2025-03-30 23:00:00,23,30,3,6,1,10.1,67.3,2,5,12.76,15.95,HIGH
2025-03-31 00:00:00,0,31,3,0,0,10.7,66.4,2,2,8.51,12.76,MEDIUM
2025-03-31 01:00:00,1,31,3,0,0,13.5,57.4,2,0,4.55,8.51,LOW
2025-03-31 02:00:00,2,31,3,0,0,6.1,51.2,3,3,4.71,4.55,LOW
2025-03-31 03:00:00,3,31,3,0,0,5.3,68.0,5,2,4.71,4.71,LOW
2025-03-31 04:00:00,4,31,3,0,0,9.6,63.2,2,5,4.45,4.71,LOW
2025-03-31 05:00:00,5,31,3,0,0,9.8,60.7,3,2,4.18,4.45,LOW
2025-03-31 06:00:00,6,31,3,0,0,10.9,68.2,4,2,5.49,4.18,LOW
2025-03-31 07:00:00,7,31,3,0,0,12.1,62.9,4,1,5.27,5.49,LOW
2025-03-31 08:00:00,8,31,3,0,0,12.1,55.2,5,2,8.51,5.27,MEDIUM
2025-03-31 09:00:00,9,31,3,0,0,17.7,49.3,1,1,5.89,8.51,LOW
2025-03-31 10:00:00,10,31,3,0,0,11.3,56.7,1,1,5.3,5.89,LOW
2025-03-31 11:00:00,11,31,3,0,0,14.4,76.6,2,0,5.28,5.3,LOW
2025-03-31 12:00:00,12,31,3,0,0,17.3,65.4,2,7,9.3,5.28,MEDIUM
2025-03-31 13:00:00,13,31,3,0,0,14.2,63.5,1,2,7.52,9.3,MEDIUM
2025-03-31 14:00:00,14,31,3,0,0,18.4,59.6,1,1,4.55,7.52,LOW
2025-03-31 15:00:00,15,31,3,0,0,23.2,57.2,1,1,3.41,4.55,LOW
2025-03-31 16:00:00,16,31,3,0,0,18.9,67.4,1,4,6.0,3.41,LOW
2025-03-31 17:00:00,17,31,3,0,0,18.9,57.5,1,3,7.5,6.0,MEDIUM
2025-03-31 18:00:00,18,31,3,0,0,14.4,65.7,4,3,10.62,7.5,MEDIUM
2025-03-31 19:00:00,19,31,3,0,0,15.0,59.9,4,3,12.74,10.62,HIGH
2025-03-31 20:00:00,20,31,3,0,0,14.4,73.9,6,6,18.22,12.74,HIGH
2025-03-31 21:00:00,21,31,3,0,0,13.2,67.2,4,3,15.53,18.22,HIGH
2025-03-31 22:00:00,22,31,3,0,0,15.9,69.1,7,7,14.35,15.53,HIGH
2025-03-31 23:00:00,23,31,3,0,0,12.9,59.3,3,5,10.95,14.35,MEDIUM
2025-04-01 00:00:00,0,1,4,1,0,13.7,68.9,3,3,8.55,10.95,MEDIUM
2025-04-01 01:00:00,1,1,4,1,0,16.3,59.6,3,1,5.13,8.55,LOW
2025-04-01 02:00:00,2,1,4,1,0,16.4,62.1,2,2,3.6,5.13,LOW
2025-04-01 03:00:00,3,1,4,1,0,17.9,70.7,3,3,3.37,3.6,LOW
2025-04-01 04:00:00,4,1,4,1,0,19.1,54.1,5,0,3.1,3.37,LOW
2025-04-01 05:00:00,5,1,4,1,0,13.1,64.0,2,3,3.23,3.1,LOW
2025-04-01 06:00:00,6,1,4,1,0,14.4,64.9,2,3,4.93,3.23,LOW
2025-04-01 07:00:00,7,1,4,1,0,14.4,65.4,5,0,5.14,4.93,LOW
2025-04-01 08:00:00,8,1,4,1,0,18.1,58.1,5,2,7.2,5.14,MEDIUM
2025-04-01 09:00:00,9,1,4,1,0,21.2,72.0,2,0,5.16,7.2,LOW
2025-04-01 10:00:00,10,1,4,1,0,23.8,50.7,2,3,6.46,5.16,MEDIUM
2025-04-01 11:00:00,11,1,4,1,0,22.3,67.8,3,3,6.99,6.46,MEDIUM
2025-04-01 12:00:00,12,1,4,1,0,22.7,66.2,2,3,7.66,6.99,MEDIUM
2025-04-01 13:00:00,13,1,4,1,0,24.7,69.5,1,4,7.74,7.66,MEDIUM
2025-04-01 14:00:00,14,1,4,1,0,22.7,49.4,2,3,7.01,7.74,MEDIUM
2025-04-01 15:00:00,15,1,4,1,0,30.2,50.7,3,1,6.97,7.01,MEDIUM
2025-04-01 16:00:00,16,1,4,1,0,20.8,68.6,2,1,5.57,6.97,LOW
2025-04-01 17:00:00,17,1,4,1,0,24.8,46.8,1,4,8.21,5.57,MEDIUM
2025-04-01 18:00:00,18,1,4,1,0,28.6,46.9,5,5,14.33,8.21,HIGH
2025-04-01 19:00:00,19,1,4,1,0,22.5,56.1,4,3,13.26,14.33,HIGH
2025-04-01 20:00:00,20,1,4,1,0,20.8,60.8,5,3,13.9,13.26,HIGH
2025-04-01 21:00:00,21,1,4,1,0,19.1,69.9,5,6,16.76,13.9,HIGH
2025-04-01 22:00:00,22,1,4,1,0,18.3,59.6,5,2,10.99,16.76,MEDIUM
2025-04-01 23:00:00,23,1,4,1,0,20.9,56.0,2,3,7.25,10.99,MEDIUM
2025-04-02 00:00:00,0,2,4,2,0,10.9,65.5,4,3,8.08,7.25,MEDIUM
2025-04-02 01:00:00,1,2,4,2,0,19.5,63.0,3,0,4.65,8.08,LOW
2025-04-02 02:00:00,2,2,4,2,0,11.6,66.0,4,2,3.91,4.65,LOW
2025-04-02 03:00:00,3,2,4,2,0,14.3,61.2,4,4,4.3,3.91,LOW
2025-04-02 04:00:00,4,2,4,2,0,14.1,50.6,3,3,3.87,4.3,LOW
2025-04-02 05:00:00,5,2,4,2,0,17.1,55.7,3,4,3.86,3.87,LOW
2025-04-02 06:00:00,6,2,4,2,0,12.5,71.5,2,3,5.16,3.86,LOW
2025-04-02 07:00:00,7,2,4,2,0,18.7,61.6,4,0,4.29,5.16,LOW
2025-04-02 08:00:00,8,2,4,2,0,23.8,56.5,4,2,5.62,4.29,LOW
2025-04-02 09:00:00,9,2,4,2,0,16.6,68.1,1,0,3.58,5.62,LOW
2025-04-02 10:00:00,10,2,4,2,0,21.8,52.5,2,0,3.22,3.58,LOW
2025-04-02 11:00:00,11,2,4,2,0,20.8,58.3,2,1,3.49,3.22,LOW
2025-04-02 12:00:00,12,2,4,2,0,24.6,59.0,1,3,5.09,3.49,LOW
2025-04-02 13:00:00,13,2,4,2,0,24.4,55.6,2,1,5.36,5.09,LOW
2025-04-02 14:00:00,14,2,4,2,0,23.2,59.3,1,2,4.51,5.36,LOW
2025-04-02 15:00:00,15,2,4,2,0,26.2,56.4,2,0,3.24,4.51,LOW
2025-04-02 16:00:00,16,2,4,2,0,29.3,47.9,2,2,5.79,3.24,LOW
2025-04-02 17:00:00,17,2,4,2,0,23.9,59.5,2,3,8.39,5.79,MEDIUM
2025-04-02 18:00:00,18,2,4,2,0,25.3,49.9,5,4,12.49,8.39,HIGH
2025-04-02 19:00:00,19,2,4,2,0,19.3,61.3,4,8,17.31,12.49,HIGH
2025-04-02 20:00:00,20,2,4,2,0,18.9,68.7,5,6,18.01,17.31,HIGH
2025-04-02 21:00:00,21,2,4,2,0,21.2,57.8,4,5,16.9,18.01,HIGH
2025-04-02 22:00:00,22,2,4,2,0,22.4,52.0,4,5,12.41,16.9,HIGH
2025-04-02 23:00:00,23,2,4,2,0,18.4,59.9,3,4,9.7,12.41,MEDIUM
2025-04-03 00:00:00,0,3,4,3,0,15.7,56.7,3,4,7.84,9.7,MEDIUM
2025-04-03 01:00:00,1,3,4,3,0,15.7,65.3,3,1,4.88,7.84,LOW
2025-04-03 02:00:00,2,3,4,3,0,12.0,62.3,3,3,3.97,4.88,LOW
2025-04-03 03:00:00,3,3,4,3,0,16.5,71.7,2,2,3.43,3.97,LOW
2025-04-03 04:00:00,4,3,4,3,0,17.4,68.0,4,0,2.21,3.43,LOW
2025-04-03 05:00:00,5,3,4,3,0,14.5,61.3,2,2,2.61,2.21,LOW
2025-04-03 06:00:00,6,3,4,3,0,15.3,66.2,3,1,3.38,2.61,LOW
2025-04-03 07:00:00,7,3,4,3,0,18.2,58.4,7,2,5.71,3.38,LOW
2025-04-03 08:00:00,8,3,4,3,0,17.6,61.2,6,2,8.29,5.71,MEDIUM
2025-04-03 09:00:00,9,3,4,3,0,19.8,57.9,2,0,4.95,8.29,LOW
2025-04-03 10:00:00,10,3,4,3,0,26.5,62.0,1,0,3.02,4.95,LOW
2025-04-03 11:00:00,11,3,4,3,0,21.9,67.8,3,3,5.86,3.02,LOW
2025-04-03 12:00:00,12,3,4,3,0,22.6,63.8,3,3,6.84,5.86,MEDIUM
2025-04-03 13:00:00,13,3,4,3,0,22.7,64.5,1,2,5.1,6.84,LOW
2025-04-03 14:00:00,14,3,4,3,0,26.7,62.9,1,3,6.13,5.1,LOW
2025-04-03 15:00:00,15,3,4,3,0,24.5,61.5,1,3,6.23,6.13,MEDIUM
2025-04-03 16:00:00,16,3,4,3,0,23.2,51.9,2,1,5.13,6.23,LOW
2025-04-03 17:00:00,17,3,4,3,0,27.6,67.2,1,3,7.57,5.13,MEDIUM
2025-04-03 18:00:00,18,3,4,3,0,27.1,68.0,9,9,19.86,7.57,HIGH
2025-04-03 19:00:00,19,3,4,3,0,21.0,58.2,6,3,16.71,19.86,HIGH
2025-04-03 20:00:00,20,3,4,3,0,16.6,59.1,4,3,14.45,16.71,HIGH
2025-04-03 21:00:00,21,3,4,3,0,22.5,62.7,4,3,13.41,14.45,HIGH
2025-04-03 22:00:00,22,3,4,3,0,17.0,64.5,6,4,11.3,13.41,HIGH
2025-04-03 23:00:00,23,3,4,3,0,19.5,59.0,4,2,8.58,11.3,MEDIUM
2025-04-04 00:00:00,0,4,4,4,0,11.5,55.9,3,0,5.89,8.58,LOW
2025-04-04 01:00:00,1,4,4,4,0,17.9,62.7,3,2,3.84,5.89,LOW
2025-04-04 02:00:00,2,4,4,4,0,12.1,66.5,4,3,3.89,3.84,LOW
2025-04-04 03:00:00,3,4,4,4,0,16.8,65.6,3,3,3.5,3.89,LOW
2025-04-04 04:00:00,4,4,4,4,0,15.2,64.0,3,2,2.53,3.5,LOW
2025-04-04 05:00:00,5,4,4,4,0,13.3,61.1,3,2,2.82,2.53,LOW
2025-04-04 06:00:00,6,4,4,4,0,15.4,67.8,2,0,2.68,2.82,LOW
2025-04-04 07:00:00,7,4,4,4,0,19.2,60.7,6,2,4.91,2.68,LOW
2025-04-04 08:00:00,8,4,4,4,0,19.0,57.6,7,1,7.09,4.91,MEDIUM
2025-04-04 09:00:00,9,4,4,4,0,21.5,58.3,1,2,5.79,7.09,LOW
2025-04-04 10:00:00,10,4,4,4,0,26.2,47.0,2,3,7.02,5.79,MEDIUM
2025-04-04 11:00:00,11,4,4,4,0,18.6,59.5,1,3,6.5,7.02,MEDIUM
2025-04-04 12:00:00,12,4,4,4,0,27.6,61.1,1,2,6.04,6.5,LOW
2025-04-04 13:00:00,13,4,4,4,0,24.6,60.2,1,0,3.73,6.04,LOW
2025-04-04 14:00:00,14,4,4,4,0,22.6,68.1,2,1,4.02,3.73,LOW
2025-04-04 15:00:00,15,4,4,4,0,21.7,57.7,1,1,3.76,4.02,LOW
2025-04-04 16:00:00,16,4,4,4,0,24.4,61.2,4,3,7.33,3.76,MEDIUM
2025-04-04 17:00:00,17,4,4,4,0,26.6,62.1,1,3,8.66,7.33,MEDIUM
2025-04-04 18:00:00,18,4,4,4,0,23.2,72.8,4,5,12.27,8.66,HIGH
2025-04-04 19:00:00,19,4,4,4,0,26.3,58.3,4,4,12.83,12.27,HIGH
2025-04-04 20:00:00,20,4,4,4,0,17.7,54.7,4,5,14.62,12.83,HIGH
2025-04-04 21:00:00,21,4,4,4,0,20.0,65.1,8,7,20.24,14.62,HIGH
2025-04-04 22:00:00,22,4,4,4,0,15.6,73.0,7,3,14.36,20.24,HIGH
2025-04-04 23:00:00,23,4,4,4,0,18.4,58.7,2,2,8.84,14.36,MEDIUM
2025-04-05 00:00:00,0,5,4,5,1,18.7,65.6,3,3,7.63,8.84,MEDIUM
2025-04-05 01:00:00,1,5,4,5,1,14.6,69.5,5,5,6.29,7.63,MEDIUM
2025-04-05 02:00:00,2,5,4,5,1,8.7,70.6,3,4,5.42,6.29,LOW
2025-04-05 03:00:00,3,5,4,5,1,15.5,62.6,3,0,3.15,5.42,LOW
2025-04-05 04:00:00,4,5,4,5,1,16.3,57.3,7,1,4.05,3.15,LOW
2025-04-05 05:00:00,5,5,4,5,1,16.7,60.8,3,5,5.23,4.05,LOW
2025-04-05 06:00:00,6,5,4,5,1,19.6,62.9,3,1,4.59,5.23,LOW
2025-04-05 07:00:00,7,5,4,5,1,14.8,67.5,5,3,8.12,4.59,MEDIUM
2025-04-05 08:00:00,8,5,4,5,1,20.4,61.8,6,4,10.97,8.12,MEDIUM
2025-04-05 09:00:00,9,5,4,5,1,23.0,56.5,4,1,8.71,10.97,MEDIUM
2025-04-05 10:00:00,10,5,4,5,1,16.8,64.6,6,2,10.37,8.71,MEDIUM
2025-04-05 11:00:00,11,5,4,5,1,23.3,63.8,5,4,11.09,10.37,HIGH
2025-04-05 12:00:00,12,5,4,5,1,22.3,61.4,5,5,13.75,11.09,HIGH
2025-04-05 13:00:00,13,5,4,5,1,24.1,53.3,4,2,10.81,13.75,MEDIUM
2025-04-05 14:00:00,14,5,4,5,1,25.7,56.6,4,4,11.84,10.81,HIGH
2025-04-05 15:00:00,15,5,4,5,1,23.8,64.2,5,1,10.09,11.84,MEDIUM
2025-04-05 16:00:00,16,5,4,5,1,23.1,50.5,5,2,9.49,10.09,MEDIUM
2025-04-05 17:00:00,17,5,4,5,1,24.4,45.7,7,4,16.51,9.49,HIGH
2025-04-05 18:00:00,18,5,4,5,1,20.8,68.7,6,4,17.99,16.51,HIGH
2025-04-05 19:00:00,19,5,4,5,1,19.8,63.1,6,5,19.59,17.99,HIGH
2025-04-05 20:00:00,20,5,4,5,1,23.0,62.4,6,8,23.59,19.59,HIGH
2025-04-05 21:00:00,21,5,4,5,1,17.1,54.7,7,7,25.74,23.59,HIGH
2025-04-05 22:00:00,22,5,4,5,1,20.4,64.3,5,8,19.02,25.74,HIGH
2025-04-05 23:00:00,23,5,4,5,1,18.7,62.2,4,3,12.81,19.02,HIGH
2025-04-06 00:00:00,0,6,4,6,1,12.1,53.7,2,3,10.28,12.81,MEDIUM
2025-04-06 01:00:00,1,6,4,6,1,14.0,70.9,3,2,6.96,10.28,MEDIUM
2025-04-06 02:00:00,2,6,4,6,1,18.2,61.7,3,2,4.55,6.96,LOW
2025-04-06 03:00:00,3,6,4,6,1,12.5,60.6,2,5,4.74,4.55,LOW
2025-04-06 04:00:00,4,6,4,6,1,14.0,60.1,2,7,5.7,4.74,LOW
2025-04-06 05:00:00,5,6,4,6,1,16.8,49.2,2,3,4.77,5.7,LOW
2025-04-06 06:00:00,6,6,4,6,1,18.4,64.2,3,4,7.07,4.77,MEDIUM
2025-04-06 07:00:00,7,6,4,6,1,16.9,62.8,5,3,8.58,7.07,MEDIUM
2025-04-06 08:00:00,8,6,4,6,1,17.2,60.0,10,3,13.38,8.58,HIGH
2025-04-06 09:00:00,9,6,4,6,1,23.6,66.2,6,2,12.47,13.38,HIGH
2025-04-06 10:00:00,10,6,4,6,1,25.6,49.5,5,3,11.83,12.47,HIGH
2025-04-06 11:00:00,11,6,4,6,1,24.9,54.5,6,1,10.59,11.83,MEDIUM
2025-04-06 12:00:00,12,6,4,6,1,23.7,53.4,4,8,14.63,10.59,HIGH
2025-04-06 13:00:00,13,6,4,6,1,22.3,57.4,5,2,11.69,14.63,HIGH
2025-04-06 14:00:00,14,6,4,6,1,22.8,59.3,4,3,11.1,11.69,HIGH
2025-04-06 15:00:00,15,6,4,6,1,26.3,60.1,5,4,12.49,11.1,HIGH
2025-04-06 16:00:00,16,6,4,6,1,25.9,55.6,5,2,11.57,12.49,HIGH
2025-04-06 17:00:00,17,6,4,6,1,27.8,51.6,4,2,12.03,11.57,HIGH
2025-04-06 18:00:00,18,6,4,6,1,25.2,68.0,5,7,19.05,12.03,HIGH
2025-04-06 19:00:00,19,6,4,6,1,18.7,75.0,5,4,18.21,19.05,HIGH
2025-04-06 20:00:00,20,6,4,6,1,23.9,59.3,5,3,16.48,18.21,HIGH
2025-04-06 21:00:00,21,6,4,6,1,17.5,56.5,4,2,13.42,16.48,HIGH
2025-04-06 22:00:00,22,6,4,6,1,17.7,69.8,4,6,12.68,13.42,HIGH
2025-04-06 23:00:00,23,6,4,6,1,18.1,52.1,3,2,8.82,12.68,MEDIUM
2025-04-07 00:00:00,0,7,4,0,0,21.5,57.4,5,2,7.66,8.82,MEDIUM
2025-04-07 01:00:00,1,7,4,0,0,23.4,54.5,2,4,4.79,7.66,LOW
2025-04-07 02:00:00,2,7,4,0,0,16.7,54.4,3,1,3.57,4.79,LOW
2025-04-07 03:00:00,3,7,4,0,0,14.5,60.5,3,2,3.24,3.57,LOW
2025-04-07 04:00:00,4,7,4,0,0,16.5,56.2,4,0,2.39,3.24,LOW
2025-04-07 05:00:00,5,7,4,0,0,17.9,60.9,3,2,2.97,2.39,LOW
2025-04-07 06:00:00,6,7,4,0,0,15.7,61.9,2,2,3.99,2.97,LOW
2025-04-07 07:00:00,7,7,4,0,0,22.0,55.5,6,3,6.45,3.99,MEDIUM
2025-04-07 08:00:00,8,7,4,0,0,19.3,58.1,5,1,6.22,6.45,LOW
2025-04-07 09:00:00,9,7,4,0,0,21.2,58.1,1,0,4.11,6.22,LOW
2025-04-07 10:00:00,10,7,4,0,0,23.0,63.7,3,1,4.87,4.11,LOW
2025-04-07 11:00:00,11,7,4,0,0,23.6,57.7,2,2,5.7,4.87,LOW
2025-04-07 12:00:00,12,7,4,0,0,25.6,62.7,2,1,4.9,5.7,LOW
2025-04-07 13:00:00,13,7,4,0,0,22.8,62.4,2,0,3.46,4.9,LOW
2025-04-07 14:00:00,14,7,4,0,0,23.4,62.1,1,2,4.62,3.46,LOW
2025-04-07 15:00:00,15,7,4,0,0,22.2,67.4,4,3,7.45,4.62,MEDIUM
2025-04-07 16:00:00,16,7,4,0,0,25.9,50.9,2,1,5.44,7.45,LOW
2025-04-07 17:00:00,17,7,4,0,0,26.3,54.6,2,5,10.03,5.44,MEDIUM
2025-04-07 18:00:00,18,7,4,0,0,24.7,68.7,4,5,13.69,10.03,HIGH
2025-04-07 19:00:00,19,7,4,0,0,26.7,55.8,5,3,14.07,13.69,HIGH
2025-04-07 20:00:00,20,7,4,0,0,21.3,42.6,7,5,16.99,14.07,HIGH
2025-04-07 21:00:00,21,7,4,0,0,21.7,58.1,5,4,15.73,16.99,HIGH
2025-04-07 22:00:00,22,7,4,0,0,16.0,62.4,4,6,12.71,15.73,HIGH
2025-04-07 23:00:00,23,7,4,0,0,16.5,45.7,3,2,8.91,12.71,MEDIUM
2025-04-08 00:00:00,0,8,4,1,0,18.2,68.7,2,3,6.52,8.91,MEDIUM
2025-04-08 01:00:00,1,8,4,1,0,17.8,56.6,4,2,3.82,6.52,LOW
2025-04-08 02:00:00,2,8,4,1,0,14.4,64.2,3,1,2.89,3.82,LOW
2025-04-08 03:00:00,3,8,4,1,0,14.8,60.7,2,3,3.14,2.89,LOW
2025-04-08 04:00:00,4,8,4,1,0,11.4,55.7,3,4,4.05,3.14,LOW
2025-04-08 05:00:00,5,8,4,1,0,14.8,55.7,2,0,2.24,4.05,LOW
2025-04-08 06:00:00,6,8,4,1,0,18.7,54.9,4,0,3.04,2.24,LOW
2025-04-08 07:00:00,7,8,4,1,0,18.9,67.0,6,0,3.93,3.04,LOW
2025-04-08 08:00:00,8,8,4,1,0,20.0,59.1,4,2,6.24,3.93,MEDIUM
2025-04-08 09:00:00,9,8,4,1,0,20.1,56.8,3,5,8.77,6.24,MEDIUM
2025-04-08 10:00:00,10,8,4,1,0,21.3,53.9,2,0,5.74,8.77,LOW
2025-04-08 11:00:00,11,8,4,1,0,20.8,66.9,2,3,6.49,5.74,MEDIUM
2025-04-08 12:00:00,12,8,4,1,0,25.3,66.7,2,2,6.4,6.49,MEDIUM
2025-04-08 13:00:00,13,8,4,1,0,25.4,64.9,2,3,6.81,6.4,MEDIUM
2025-04-08 14:00:00,14,8,4,1,0,26.1,60.5,1,1,4.86,6.81,LOW
2025-04-08 15:00:00,15,8,4,1,0,23.7,60.3,1,1,3.8,4.86,LOW
2025-04-08 16:00:00,16,8,4,1,0,19.4,52.9,2,4,6.57,3.8,MEDIUM
2025-04-08 17:00:00,17,8,4,1,0,27.1,55.7,2,4,10.56,6.57,MEDIUM
2025-04-08 18:00:00,18,8,4,1,0,22.3,55.0,6,5,15.29,10.56,HIGH
2025-04-08 19:00:00,19,8,4,1,0,20.3,48.9,6,2,14.42,15.29,HIGH
2025-04-08 20:00:00,20,8,4,1,0,23.0,65.1,6,7,18.61,14.42,HIGH
2025-04-08 21:00:00,21,8,4,1,0,19.0,56.2,4,5,16.79,18.61,HIGH
2025-04-08 22:00:00,22,8,4,1,0,21.4,66.6,5,6,12.6,16.79,HIGH
2025-04-08 23:00:00,23,8,4,1,0,19.0,65.7,4,1,7.98,12.6,MEDIUM
2025-04-09 00:00:00,0,9,4,2,0,18.2,64.1,2,1,4.78,7.98,LOW
2025-04-09 01:00:00,1,9,4,2,0,12.3,66.8,2,0,3.35,4.78,LOW
2025-04-09 02:00:00,2,9,4,2,0,18.2,57.0,2,2,2.62,3.35,LOW
2025-04-09 03:00:00,3,9,4,2,0,15.7,72.9,3,4,2.91,2.62,LOW
2025-04-09 04:00:00,4,9,4,2,0,14.2,62.6,3,1,2.83,2.91,LOW
2025-04-09 05:00:00,5,9,4,2,0,16.0,63.4,5,2,3.35,2.83,LOW
2025-04-09 06:00:00,6,9,4,2,0,12.0,59.3,3,1,3.89,3.35,LOW
2025-04-09 07:00:00,7,9,4,2,0,18.5,55.0,4,3,5.94,3.89,LOW
2025-04-09 08:00:00,8,9,4,2,0,16.1,64.4,4,2,6.93,5.94,MEDIUM
2025-04-09 09:00:00,9,9,4,2,0,16.6,62.7,2,1,5.84,6.93,LOW
2025-04-09 10:00:00,10,9,4,2,0,17.5,56.3,1,2,5.17,5.84,LOW
2025-04-09 11:00:00,11,9,4,2,0,25.3,49.2,1,2,5.61,5.17,LOW
2025-04-09 12:00:00,12,9,4,2,0,22.0,51.6,2,4,7.49,5.61,MEDIUM
2025-04-09 13:00:00,13,9,4,2,0,28.2,63.9,2,0,5.15,7.49,LOW
2025-04-09 14:00:00,14,9,4,2,0,23.5,54.9,3,3,7.39,5.15,MEDIUM
2025-04-09 15:00:00,15,9,4,2,0,20.7,57.7,1,0,3.81,7.39,LOW
2025-04-09 16:00:00,16,9,4,2,0,22.0,67.9,1,1,3.1,3.81,LOW
2025-04-09 17:00:00,17,9,4,2,0,27.4,50.3,3,6,11.55,3.1,HIGH
2025-04-09 18:00:00,18,9,4,2,0,23.1,54.4,5,2,11.45,11.55,HIGH
2025-04-09 19:00:00,19,9,4,2,0,21.1,54.9,7,4,15.08,11.45,HIGH
2025-04-09 20:00:00,20,9,4,2,0,21.7,69.0,4,6,16.64,15.08,HIGH
2025-04-09 21:00:00,21,9,4,2,0,21.3,71.4,6,2,14.24,16.64,HIGH
2025-04-09 22:00:00,22,9,4,2,0,21.5,63.9,4,5,11.87,14.24,HIGH
2025-04-09 23:00:00,23,9,4,2,0,21.1,64.3,3,1,8.2,11.87,MEDIUM
2025-04-10 00:00:00,0,10,4,3,0,15.6,58.3,3,0,4.83,8.2,LOW
2025-04-10 01:00:00,1,10,4,3,0,12.4,74.7,3,2,3.81,4.83,LOW
2025-04-10 02:00:00,2,10,4,3,0,14.1,64.0,2,3,3.67,3.81,LOW
2025-04-10 03:00:00,3,10,4,3,0,15.7,66.8,4,1,3.08,3.67,LOW
2025-04-10 04:00:00,4,10,4,3,0,12.8,62.2,2,4,3.3,3.08,LOW
2025-04-10 05:00:00,5,10,4,3,0,13.3,61.1,5,1,3.51,3.3,LOW
2025-04-10 06:00:00,6,10,4,3,0,17.3,71.1,2,2,4.2,3.51,LOW
2025-04-10 07:00:00,7,10,4,3,0,17.4,64.3,6,4,7.62,4.2,MEDIUM
2025-04-10 08:00:00,8,10,4,3,0,18.8,69.2,5,3,8.46,7.62,MEDIUM
2025-04-10 09:00:00,9,10,4,3,0,18.1,62.3,4,4,9.25,8.46,MEDIUM
2025-04-10 10:00:00,10,10,4,3,0,20.7,54.6,3,2,7.55,9.25,MEDIUM
2025-04-10 11:00:00,11,10,4,3,0,20.2,56.4,2,2,7.31,7.55,MEDIUM
2025-04-10 12:00:00,12,10,4,3,0,25.8,58.3,2,1,6.39,7.31,MEDIUM
2025-04-10 13:00:00,13,10,4,3,0,26.9,53.5,1,5,8.29,6.39,MEDIUM
2025-04-10 14:00:00,14,10,4,3,0,20.2,53.3,1,0,4.63,8.29,LOW
2025-04-10 15:00:00,15,10,4,3,0,22.7,66.1,1,2,4.76,4.63,LOW
2025-04-10 16:00:00,16,10,4,3,0,21.1,56.3,1,4,6.63,4.76,MEDIUM
2025-04-10 17:00:00,17,10,4,3,0,22.7,59.7,3,4,9.72,6.63,MEDIUM
2025-04-10 18:00:00,18,10,4,3,0,23.3,60.5,4,4,12.04,9.72,HIGH
2025-04-10 19:00:00,19,10,4,3,0,18.9,56.9,6,3,13.34,12.04,HIGH
2025-04-10 20:00:00,20,10,4,3,0,19.0,69.1,4,4,13.16,13.34,HIGH
2025-04-10 21:00:00,21,10,4,3,0,17.5,54.3,6,4,14.47,13.16,HIGH
2025-04-10 22:00:00,22,10,4,3,0,19.2,61.9,4,3,9.93,14.47,MEDIUM
2025-04-10 23:00:00,23,10,4,3,0,17.7,62.4,3,1,6.46,9.93,MEDIUM
2025-04-11 00:00:00,0,11,4,4,0,14.7,61.8,4,5,8.25,6.46,MEDIUM
2025-04-11 01:00:00,1,11,4,4,0,16.1,53.8,2,1,4.8,8.25,LOW
2025-04-11 02:00:00,2,11,4,4,0,13.8,67.7,2,1,2.82,4.8,LOW
2025-04-11 03:00:00,3,11,4,4,0,14.3,66.7,2,3,2.99,2.82,LOW
2025-04-11 04:00:00,4,11,4,4,0,19.4,56.2,2,4,2.94,2.99,LOW
2025-04-11 05:00:00,5,11,4,4,0,19.0,64.6,4,2,2.86,2.94,LOW
2025-04-11 06:00:00,6,11,4,4,0,13.2,65.0,5,2,5.37,2.86,LOW
2025-04-11 07:00:00,7,11,4,4,0,19.6,52.5,5,1,5.79,5.37,LOW
2025-04-11 08:00:00,8,11,4,4,0,20.7,54.6,4,2,6.66,5.79,MEDIUM
2025-04-11 09:00:00,9,11,4,4,0,17.1,68.0,2,3,7.63,6.66,MEDIUM
2025-04-11 10:00:00,10,11,4,4,0,23.3,60.5,2,4,7.63,7.63,MEDIUM
2025-04-11 11:00:00,11,11,4,4,0,26.3,54.1,1,3,6.78,7.63,MEDIUM
2025-04-11 12:00:00,12,11,4,4,0,20.7,54.6,2,3,6.88,6.78,MEDIUM
2025-04-11 13:00:00,13,11,4,4,0,22.0,56.1,1,3,5.98,6.88,LOW
2025-04-11 14:00:00,14,11,4,4,0,27.4,54.4,1,0,3.69,5.98,LOW
2025-04-11 15:00:00,15,11,4,4,0,25.7,52.6,3,2,5.6,3.69,LOW
2025-04-11 16:00:00,16,11,4,4,0,26.2,47.1,4,3,7.41,5.6,MEDIUM
2025-04-11 17:00:00,17,11,4,4,0,25.2,64.8,3,1,6.99,7.41,MEDIUM
2025-04-11 18:00:00,18,11,4,4,0,24.5,64.0,5,2,9.48,6.99,MEDIUM
2025-04-11 19:00:00,19,11,4,4,0,19.2,52.7,6,7,17.02,9.48,HIGH
2025-04-11 20:00:00,20,11,4,4,0,23.9,59.3,5,3,14.88,17.02,HIGH
2025-04-11 21:00:00,21,11,4,4,0,22.9,53.4,4,5,15.34,14.88,HIGH
2025-04-11 22:00:00,22,11,4,4,0,18.1,59.2,5,0,8.85,15.34,MEDIUM
2025-04-11 23:00:00,23,11,4,4,0,17.4,59.0,3,2,6.35,8.85,MEDIUM
2025-04-12 00:00:00,0,12,4,5,1,12.6,60.4,2,2,5.35,6.35,LOW
2025-04-12 01:00:00,1,12,4,5,1,17.0,73.2,2,2,3.54,5.35,LOW
2025-04-12 02:00:00,2,12,4,5,1,16.6,58.7,4,2,3.82,3.54,LOW
2025-04-12 03:00:00,3,12,4,5,1,14.8,57.2,4,2,3.61,3.82,LOW
2025-04-12 04:00:00,4,12,4,5,1,18.0,56.2,3,2,3.29,3.61,LOW
2025-04-12 05:00:00,5,12,4,5,1,14.8,68.3,4,2,3.67,3.29,LOW
2025-04-12 06:00:00,6,12,4,5,1,17.9,50.9,3,1,4.33,3.67,LOW
2025-04-12 07:00:00,7,12,4,5,1,15.0,57.4,4,5,8.45,4.33,MEDIUM
2025-04-12 08:00:00,8,12,4,5,1,18.6,69.2,4,2,8.94,8.45,MEDIUM
2025-04-12 09:00:00,9,12,4,5,1,19.6,61.6,4,1,7.89,8.94,MEDIUM
2025-04-12 10:00:00,10,12,4,5,1,21.9,60.4,6,3,10.9,7.89,MEDIUM
2025-04-12 11:00:00,11,12,4,5,1,21.6,72.2,4,0,8.17,10.9,MEDIUM
2025-04-12 12:00:00,12,12,4,5,1,23.2,60.2,4,1,6.84,8.17,MEDIUM
2025-04-12 13:00:00,13,12,4,5,1,26.4,53.2,7,2,9.92,6.84,MEDIUM
2025-04-12 14:00:00,14,12,4,5,1,23.7,56.8,5,2,9.89,9.92,MEDIUM
2025-04-12 15:00:00,15,12,4,5,1,21.0,52.8,7,2,11.07,9.89,HIGH
2025-04-12 16:00:00,16,12,4,5,1,29.2,63.9,5,3,12.29,11.07,HIGH
2025-04-12 17:00:00,17,12,4,5,1,27.8,60.3,4,2,11.92,12.29,HIGH
2025-04-12 18:00:00,18,12,4,5,1,20.3,66.6,5,7,18.81,11.92,HIGH
2025-04-12 19:00:00,19,12,4,5,1,24.2,65.6,4,4,17.22,18.81,HIGH
2025-04-12 20:00:00,20,12,4,5,1,20.0,57.5,7,1,15.92,17.22,HIGH
2025-04-12 21:00:00,21,12,4,5,1,20.7,54.1,4,7,19.43,15.92,HIGH
2025-04-12 22:00:00,22,12,4,5,1,19.4,59.9,8,6,16.93,19.43,HIGH
2025-04-12 23:00:00,23,12,4,5,1,16.9,56.0,2,0,8.66,16.93,MEDIUM
2025-04-13 00:00:00,0,13,4,6,1,14.5,63.2,2,4,7.84,8.66,MEDIUM
2025-04-13 01:00:00,1,13,4,6,1,13.9,69.2,2,2,5.25,7.84,LOW
2025-04-13 02:00:00,2,13,4,6,1,12.9,61.8,3,6,5.72,5.25,LOW
2025-04-13 03:00:00,3,13,4,6,1,12.9,63.7,4,2,4.22,5.72,LOW
2025-04-13 04:00:00,4,13,4,6,1,15.0,61.4,6,3,5.16,4.22,LOW
2025-04-13 05:00:00,5,13,4,6,1,13.9,67.3,3,6,5.64,5.16,LOW
2025-04-13 06:00:00,6,13,4,6,1,18.2,56.7,4,3,6.57,5.64,MEDIUM
2025-04-13 07:00:00,7,13,4,6,1,21.2,46.3,4,3,6.86,6.57,MEDIUM
2025-04-13 08:00:00,8,13,4,6,1,17.3,63.9,7,4,12.11,6.86,HIGH
2025-04-13 09:00:00,9,13,4,6,1,20.6,65.7,5,3,11.63,12.11,HIGH
2025-04-13 10:00:00,10,13,4,6,1,22.5,61.7,4,4,11.98,11.63,HIGH
2025-04-13 11:00:00,11,13,4,6,1,23.7,54.7,4,3,11.09,11.98,HIGH
2025-04-13 12:00:00,12,13,4,6,1,23.7,51.7,4,1,8.75,11.09,MEDIUM
2025-04-13 13:00:00,13,13,4,6,1,26.2,60.5,5,4,11.2,8.75,HIGH
2025-04-13 14:00:00,14,13,4,6,1,26.0,58.4,5,4,13.18,11.2,HIGH
2025-04-13 15:00:00,15,13,4,6,1,21.9,58.5,4,1,9.53,13.18,MEDIUM
2025-04-13 16:00:00,16,13,4,6,1,27.0,68.1,4,4,11.24,9.53,HIGH
2025-04-13 17:00:00,17,13,4,6,1,26.5,51.7,4,6,17.19,11.24,HIGH
2025-04-13 18:00:00,18,13,4,6,1,21.6,70.0,5,2,15.01,17.19,HIGH
2025-04-13 19:00:00,19,13,4,6,1,22.6,59.2,5,6,18.8,15.01,HIGH
2025-04-13 20:00:00,20,13,4,6,1,23.0,47.8,4,8,22.43,18.8,HIGH
2025-04-13 21:00:00,21,13,4,6,1,19.5,59.1,4,5,20.51,22.43,HIGH
2025-04-13 22:00:00,22,13,4,6,1,21.4,65.2,7,4,15.35,20.51,HIGH
2025-04-13 23:00:00,23,13,4,6,1,23.4,56.4,2,3,10.56,15.35,MEDIUM
2025-04-14 00:00:00,0,14,4,0,0,14.5,53.4,2,2,6.84,10.56,MEDIUM
2025-04-14 01:00:00,1,14,4,0,0,12.2,62.1,3,1,3.91,6.84,LOW
2025-04-14 02:00:00,2,14,4,0,0,15.9,56.5,3,2,3.3,3.91,LOW
2025-04-14 03:00:00,3,14,4,0,0,16.8,64.2,3,3,3.23,3.3,LOW
2025-04-14 04:00:00,4,14,4,0,0,14.6,66.8,3,1,3.0,3.23,LOW
2025-04-14 05:00:00,5,14,4,0,0,19.3,53.9,3,3,3.24,3.0,LOW
2025-04-14 06:00:00,6,14,4,0,0,13.1,58.5,2,2,4.51,3.24,LOW
2025-04-14 07:00:00,7,14,4,0,0,19.2,64.9,4,0,4.52,4.51,LOW
2025-04-14 08:00:00,8,14,4,0,0,17.2,56.0,5,0,6.06,4.52,LOW
2025-04-14 09:00:00,9,14,4,0,0,24.3,51.8,2,1,5.37,6.06,LOW
2025-04-14 10:00:00,10,14,4,0,0,26.3,50.4,1,0,3.7,5.37,LOW
2025-04-14 11:00:00,11,14,4,0,0,20.6,61.9,2,0,3.09,3.7,LOW
2025-04-14 12:00:00,12,14,4,0,0,22.2,61.0,4,2,5.6,3.09,LOW
2025-04-14 13:00:00,13,14,4,0,0,26.5,53.3,3,3,7.15,5.6,MEDIUM
2025-04-14 14:00:00,14,14,4,0,0,23.9,58.5,1,3,6.83,7.15,MEDIUM
2025-04-14 15:00:00,15,14,4,0,0,24.9,67.2,3,3,8.04,6.83,MEDIUM
2025-04-14 16:00:00,16,14,4,0,0,24.9,52.2,3,0,5.61,8.04,LOW
2025-04-14 17:00:00,17,14,4,0,0,19.5,48.5,1,7,10.88,5.61,MEDIUM
2025-04-14 18:00:00,18,14,4,0,0,23.5,61.3,4,3,10.82,10.88,MEDIUM
2025-04-14 19:00:00,19,14,4,0,0,20.8,59.0,4,4,12.41,10.82,HIGH
2025-04-14 20:00:00,20,14,4,0,0,20.1,55.7,7,5,16.44,12.41,HIGH
2025-04-14 21:00:00,21,14,4,0,0,23.6,62.5,5,6,17.39,16.44,HIGH
2025-04-14 22:00:00,22,14,4,0,0,15.6,66.8,6,7,14.73,17.39,HIGH
2025-04-14 23:00:00,23,14,4,0,0,19.5,47.0,4,3,9.88,14.73,MEDIUM
2025-04-15 00:00:00,0,15,4,1,0,15.8,57.8,3,2,6.81,9.88,MEDIUM
2025-04-15 01:00:00,1,15,4,1,0,15.0,75.9,2,4,5.61,6.81,LOW
2025-04-15 02:00:00,2,15,4,1,0,17.1,64.7,4,2,3.65,5.61,LOW
2025-04-15 03:00:00,3,15,4,1,0,15.9,65.7,3,2,3.22,3.65,LOW
2025-04-15 04:00:00,4,15,4,1,0,16.6,68.4,6,2,3.96,3.22,LOW
2025-04-15 05:00:00,5,15,4,1,0,18.1,60.9,3,2,3.68,3.96,LOW
2025-04-15 06:00:00,6,15,4,1,0,15.6,66.5,2,0,2.67,3.68,LOW
2025-04-15 07:00:00,7,15,4,1,0,16.0,65.9,5,3,5.96,2.67,LOW
2025-04-15 08:00:00,8,15,4,1,0,16.0,64.8,5,1,7.06,5.96,MEDIUM
2025-04-15 09:00:00,9,15,4,1,0,17.9,58.9,2,0,4.89,7.06,LOW
2025-04-15 10:00:00,10,15,4,1,0,28.7,57.6,1,2,6.06,4.89,LOW
2025-04-15 11:00:00,11,15,4,1,0,25.6,54.2,2,1,5.48,6.06,LOW
2025-04-15 12:00:00,12,15,4,1,0,20.2,60.0,3,1,5.0,5.48,LOW
2025-04-15 13:00:00,13,15,4,1,0,21.0,52.6,1,3,4.82,5.0,LOW
2025-04-15 14:00:00,14,15,4,1,0,26.0,52.9,1,3,6.0,4.82,LOW
2025-04-15 15:00:00,15,15,4,1,0,26.4,55.7,2,1,5.51,6.0,LOW
2025-04-15 16:00:00,16,15,4,1,0,26.2,51.9,2,3,6.41,5.51,MEDIUM
2025-04-15 17:00:00,17,15,4,1,0,23.7,55.5,2,3,8.0,6.41,MEDIUM
2025-04-15 18:00:00,18,15,4,1,0,23.2,57.7,5,1,8.36,8.0,MEDIUM
2025-04-15 19:00:00,19,15,4,1,0,23.3,61.1,4,3,10.43,8.36,MEDIUM
2025-04-15 20:00:00,20,15,4,1,0,21.5,65.1,6,9,18.44,10.43,HIGH
2025-04-15 21:00:00,21,15,4,1,0,14.5,59.4,6,6,20.57,18.44,HIGH
2025-04-15 22:00:00,22,15,4,1,0,18.1,68.8,5,1,12.96,20.57,HIGH
2025-04-15 23:00:00,23,15,4,1,0,15.4,67.5,2,0,7.36,12.96,MEDIUM
2025-04-16 00:00:00,0,16,4,2,0,16.9,64.3,2,2,5.82,7.36,LOW
2025-04-16 01:00:00,1,16,4,2,0,23.1,59.7,4,1,4.14,5.82,LOW
2025-04-16 02:00:00,2,16,4,2,0,16.1,63.5,2,2,3.26,4.14,LOW
2025-04-16 03:00:00,3,16,4,2,0,14.2,69.4,4,1,2.66,3.26,LOW
2025-04-16 04:00:00,4,16,4,2,0,17.5,68.3,7,6,5.23,2.66,LOW
2025-04-16 05:00:00,5,16,4,2,0,16.9,69.2,2,0,3.18,5.23,LOW
2025-04-16 06:00:00,6,16,4,2,0,17.5,61.2,5,1,4.61,3.18,LOW
2025-04-16 07:00:00,7,16,4,2,0,19.0,63.7,6,2,6.35,4.61,MEDIUM
2025-04-16 08:00:00,8,16,4,2,0,23.8,66.5,6,0,7.01,6.35,MEDIUM
2025-04-16 09:00:00,9,16,4,2,0,17.2,57.4,1,2,6.21,7.01,LOW
2025-04-16 10:00:00,10,16,4,2,0,22.5,57.1,1,0,3.88,6.21,LOW
2025-04-16 11:00:00,11,16,4,2,0,20.2,60.0,2,3,5.31,3.88,LOW
2025-04-16 12:00:00,12,16,4,2,0,24.9,63.4,1,2,5.18,5.31,LOW
2025-04-16 13:00:00,13,16,4,2,0,22.0,64.7,1,4,6.4,5.18,MEDIUM
2025-04-16 14:00:00,14,16,4,2,0,23.8,57.1,1,2,5.08,6.4,LOW
2025-04-16 15:00:00,15,16,4,2,0,24.3,49.2,3,1,5.7,5.08,LOW
2025-04-16 16:00:00,16,16,4,2,0,27.3,58.6,3,2,6.68,5.7,MEDIUM
2025-04-16 17:00:00,17,16,4,2,0,26.6,51.9,1,3,7.92,6.68,MEDIUM
2025-04-16 18:00:00,18,16,4,2,0,20.4,50.9,5,1,8.55,7.92,MEDIUM
2025-04-16 19:00:00,19,16,4,2,0,22.6,51.4,5,3,11.12,8.55,HIGH
2025-04-16 20:00:00,20,16,4,2,0,19.5,62.2,4,5,13.93,11.12,HIGH
2025-04-16 21:00:00,21,16,4,2,0,16.9,69.4,4,5,15.9,13.93,HIGH
2025-04-16 22:00:00,22,16,4,2,0,18.2,61.0,5,9,14.17,15.9,HIGH
2025-04-16 23:00:00,23,16,4,2,0,16.7,62.6,2,2,8.78,14.17,MEDIUM
2025-04-17 00:00:00,0,17,4,3,0,22.5,66.1,4,1,5.37,8.78,LOW
2025-04-17 01:00:00,1,17,4,3,0,16.8,52.0,2,0,2.92,5.37,LOW
2025-04-17 02:00:00,2,17,4,3,0,11.7,66.4,2,2,2.93,2.92,LOW
2025-04-17 03:00:00,3,17,4,3,0,13.6,62.5,4,3,3.57,2.93,LOW
2025-04-17 04:00:00,4,17,4,3,0,17.7,64.3,3,0,3.0,3.57,LOW
2025-04-17 05:00:00,5,17,4,3,0,20.9,56.7,2,2,2.45,3.0,LOW
2025-04-17 06:00:00,6,17,4,3,0,12.5,58.1,3,0,3.8,2.45,LOW
2025-04-17 07:00:00,7,17,4,3,0,12.8,63.7,6,2,6.31,3.8,MEDIUM
2025-04-17 08:00:00,8,17,4,3,0,23.4,68.5,5,1,6.71,6.31,MEDIUM
2025-04-17 09:00:00,9,17,4,3,0,21.0,64.8,3,6,9.88,6.71,MEDIUM
2025-04-17 10:00:00,10,17,4,3,0,19.1,57.3,1,2,6.99,9.88,MEDIUM
2025-04-17 11:00:00,11,17,4,3,0,23.8,50.4,2,2,6.29,6.99,MEDIUM
2025-04-17 12:00:00,12,17,4,3,0,16.9,51.1,1,2,5.26,6.29,LOW
2025-04-17 13:00:00,13,17,4,3,0,24.3,66.2,2,0,3.68,5.26,LOW
2025-04-17 14:00:00,14,17,4,3,0,25.6,52.0,1,1,4.02,3.68,LOW
2025-04-17 15:00:00,15,17,4,3,0,27.3,55.1,3,3,7.13,4.02,MEDIUM
2025-04-17 16:00:00,16,17,4,3,0,22.3,67.0,1,3,6.24,7.13,MEDIUM
2025-04-17 17:00:00,17,17,4,3,0,24.5,48.5,1,2,6.14,6.24,LOW
2025-04-17 18:00:00,18,17,4,3,0,21.2,68.5,4,5,11.56,6.14,HIGH
2025-04-17 19:00:00,19,17,4,3,0,23.1,57.2,6,2,12.5,11.56,HIGH
2025-04-17 20:00:00,20,17,4,3,0,19.1,53.5,6,3,13.73,12.5,HIGH
2025-04-17 21:00:00,21,17,4,3,0,19.0,58.9,6,4,15.65,13.73,HIGH
2025-04-17 22:00:00,22,17,4,3,0,16.2,57.2,5,6,13.02,15.65,HIGH
2025-04-17 23:00:00,23,17,4,3,0,19.1,63.0,3,1,8.49,13.02,MEDIUM
2025-04-18 00:00:00,0,18,4,4,0,18.6,56.7,4,2,7.8,8.49,MEDIUM
2025-04-18 01:00:00,1,18,4,4,0,15.1,50.5,3,1,4.81,7.8,LOW
2025-04-18 02:00:00,2,18,4,4,0,15.3,60.6,2,0,3.04,4.81,LOW
2025-04-18 03:00:00,3,18,4,4,0,11.4,55.3,3,0,2.24,3.04,LOW
2025-04-18 04:00:00,4,18,4,4,0,14.4,63.5,3,2,2.57,2.24,LOW
2025-04-18 05:00:00,5,18,4,4,0,15.5,54.7,2,1,2.25,2.57,LOW
2025-04-18 06:00:00,6,18,4,4,0,23.0,55.9,2,4,4.65,2.25,LOW
2025-04-18 07:00:00,7,18,4,4,0,14.7,63.2,5,0,4.75,4.65,LOW
2025-04-18 08:00:00,8,18,4,4,0,22.4,57.8,4,2,6.62,4.75,MEDIUM
2025-04-18 09:00:00,9,18,4,4,0,22.5,60.5,1,1,4.56,6.62,LOW
2025-04-18 10:00:00,10,18,4,4,0,22.0,63.3,1,2,4.91,4.56,LOW
2025-04-18 11:00:00,11,18,4,4,0,26.9,50.3,1,1,4.53,4.91,LOW
2025-04-18 12:00:00,12,18,4,4,0,24.5,57.8,1,1,3.96,4.53,LOW
2025-04-18 13:00:00,13,18,4,4,0,25.3,37.9,2,0,3.33,3.96,LOW
2025-04-18 14:00:00,14,18,4,4,0,24.7,59.6,3,3,6.01,3.33,LOW
2025-04-18 15:00:00,15,18,4,4,0,28.1,55.0,2,6,9.44,6.01,MEDIUM
2025-04-18 16:00:00,16,18,4,4,0,27.6,51.1,2,3,8.98,9.44,MEDIUM
2025-04-18 17:00:00,17,18,4,4,0,22.8,60.8,2,2,7.59,8.98,MEDIUM
2025-04-18 18:00:00,18,18,4,4,0,20.2,67.0,4,13,20.04,7.59,HIGH
2025-04-18 19:00:00,19,18,4,4,0,22.0,56.3,6,5,19.54,20.04,HIGH
2025-04-18 20:00:00,20,18,4,4,0,19.3,54.6,6,1,14.84,19.54,HIGH
2025-04-18 21:00:00,21,18,4,4,0,19.8,61.1,4,3,13.65,14.84,HIGH
2025-04-18 22:00:00,22,18,4,4,0,21.8,51.3,6,2,10.35,13.65,MEDIUM
2025-04-18 23:00:00,23,18,4,4,0,16.4,57.5,3,1,7.26,10.35,MEDIUM
2025-04-19 00:00:00,0,19,4,5,1,16.4,68.8,6,1,7.52,7.26,MEDIUM
2025-04-19 01:00:00,1,19,4,5,1,15.8,62.1,2,5,5.71,7.52,LOW
2025-04-19 02:00:00,2,19,4,5,1,17.3,49.8,3,4,4.95,5.71,LOW
2025-04-19 03:00:00,3,19,4,5,1,9.4,53.5,4,4,4.95,4.95,LOW
2025-04-19 04:00:00,4,19,4,5,1,13.7,63.5,3,2,4.08,4.95,LOW
2025-04-19 05:00:00,5,19,4,5,1,16.2,66.7,3,3,3.74,4.08,LOW
2025-04-19 06:00:00,6,19,4,5,1,19.5,50.5,2,3,4.28,3.74,LOW
2025-04-19 07:00:00,7,19,4,5,1,16.3,64.2,8,3,8.43,4.28,MEDIUM
2025-04-19 08:00:00,8,19,4,5,1,14.0,70.4,5,5,12.94,8.43,HIGH
2025-04-19 09:00:00,9,19,4,5,1,21.5,70.7,4,5,13.92,12.94,HIGH
2025-04-19 10:00:00,10,19,4,5,1,19.7,62.1,5,6,14.96,13.92,HIGH
2025-04-19 11:00:00,11,19,4,5,1,19.5,63.2,5,4,14.43,14.96,HIGH
2025-04-19 12:00:00,12,19,4,5,1,22.0,46.4,5,2,11.19,14.43,HIGH
2025-04-19 13:00:00,13,19,4,5,1,23.9,71.0,5,5,13.31,11.19,HIGH
2025-04-19 14:00:00,14,19,4,5,1,23.3,55.2,5,6,15.81,13.31,HIGH
2025-04-19 15:00:00,15,19,4,5,1,19.5,54.6,7,2,13.93,15.81,HIGH
2025-04-19 16:00:00,16,19,4,5,1,27.1,55.6,4,3,12.33,13.93,HIGH
2025-04-19 17:00:00,17,19,4,5,1,27.5,66.1,4,2,12.71,12.33,HIGH
2025-04-19 18:00:00,18,19,4,5,1,25.2,71.2,4,6,17.51,12.71,HIGH
2025-04-19 19:00:00,19,19,4,5,1,19.7,60.9,6,7,21.76,17.51,HIGH
2025-04-19 20:00:00,20,19,4,5,1,20.8,65.7,4,1,15.11,21.76,HIGH
2025-04-19 21:00:00,21,19,4,5,1,20.0,60.3,4,11,23.92,15.11,HIGH
2025-04-19 22:00:00,22,19,4,5,1,20.2,53.7,4,4,15.82,23.92,HIGH
2025-04-19 23:00:00,23,19,4,5,1,19.2,69.2,4,5,13.06,15.82,HIGH
2025-04-20 00:00:00,0,20,4,6,1,14.6,58.4,2,1,8.94,13.06,MEDIUM
2025-04-20 01:00:00,1,20,4,6,1,15.9,70.9,3,5,6.89,8.94,MEDIUM
2025-04-20 02:00:00,2,20,4,6,1,16.3,69.3,4,1,4.88,6.89,LOW
2025-04-20 03:00:00,3,20,4,6,1,18.6,64.2,2,3,3.49,4.88,LOW
2025-04-20 04:00:00,4,20,4,6,1,16.9,72.2,2,3,3.73,3.49,LOW
2025-04-20 05:00:00,5,20,4,6,1,17.6,74.4,3,2,3.85,3.73,LOW
2025-04-20 06:00:00,6,20,4,6,1,16.7,60.3,3,4,6.53,3.85,MEDIUM
2025-04-20 07:00:00,7,20,4,6,1,21.0,54.7,6,3,7.62,6.53,MEDIUM
2025-04-20 08:00:00,8,20,4,6,1,19.7,48.9,5,5,11.51,7.62,HIGH
2025-04-20 09:00:00,9,20,4,6,1,17.8,74.3,4,5,12.95,11.51,HIGH
2025-04-20 10:00:00,10,20,4,6,1,24.8,55.4,5,6,14.8,12.95,HIGH
2025-04-20 11:00:00,11,20,4,6,1,24.2,65.1,4,1,11.4,14.8,HIGH
2025-04-20 12:00:00,12,20,4,6,1,22.4,54.6,4,3,11.03,11.4,HIGH
2025-04-20 13:00:00,13,20,4,6,1,23.1,68.0,5,3,11.75,11.03,HIGH
2025-04-20 14:00:00,14,20,4,6,1,25.6,53.6,6,0,10.27,11.75,MEDIUM
2025-04-20 15:00:00,15,20,4,6,1,26.2,50.4,5,2,10.57,10.27,MEDIUM
2025-04-20 16:00:00,16,20,4,6,1,25.3,56.6,5,2,10.08,10.57,MEDIUM
2025-04-20 17:00:00,17,20,4,6,1,25.1,54.8,4,4,13.78,10.08,HIGH
2025-04-20 18:00:00,18,20,4,6,1,27.8,60.5,4,3,15.33,13.78,HIGH
2025-04-20 19:00:00,19,20,4,6,1,25.2,57.6,5,6,18.99,15.33,HIGH
2025-04-20 20:00:00,20,20,4,6,1,21.8,63.0,5,5,19.1,18.99,HIGH
2025-04-20 21:00:00,21,20,4,6,1,22.4,57.3,6,5,20.5,19.1,HIGH
2025-04-20 22:00:00,22,20,4,6,1,16.1,57.6,5,4,15.15,20.5,HIGH
2025-04-20 23:00:00,23,20,4,6,1,18.5,57.1,2,1,9.14,15.15,MEDIUM
2025-04-21 00:00:00,0,21,4,0,0,21.0,71.9,3,3,7.38,9.14,MEDIUM
2025-04-21 01:00:00,1,21,4,0,0,15.1,63.3,2,2,4.63,7.38,LOW
2025-04-21 02:00:00,2,21,4,0,0,13.1,50.9,3,1,2.56,4.63,LOW
2025-04-21 03:00:00,3,21,4,0,0,13.4,59.5,3,4,3.46,2.56,LOW
2025-04-21 04:00:00,4,21,4,0,0,12.4,63.6,3,1,2.8,3.46,LOW
2025-04-21 05:00:00,5,21,4,0,0,13.7,73.6,3,2,2.2,2.8,LOW
2025-04-21 06:00:00,6,21,4,0,0,15.5,68.0,4,0,3.9,2.2,LOW
2025-04-21 07:00:00,7,21,4,0,0,14.0,56.9,4,0,4.23,3.9,LOW
2025-04-21 08:00:00,8,21,4,0,0,18.7,75.0,4,0,4.07,4.23,LOW
2025-04-21 09:00:00,9,21,4,0,0,22.3,58.9,1,4,6.04,4.07,LOW
2025-04-21 10:00:00,10,21,4,0,0,19.0,67.9,1,2,5.91,6.04,LOW
2025-04-21 11:00:00,11,21,4,0,0,26.3,50.5,1,2,5.95,5.91,LOW
2025-04-21 12:00:00,12,21,4,0,0,24.8,43.7,1,0,4.07,5.95,LOW
2025-04-21 13:00:00,13,21,4,0,0,26.9,48.8,3,4,7.08,4.07,MEDIUM
2025-04-21 14:00:00,14,21,4,0,0,23.2,39.2,3,2,6.64,7.08,MEDIUM
2025-04-21 15:00:00,15,21,4,0,0,27.1,69.8,2,3,7.1,6.64,MEDIUM
2025-04-21 16:00:00,16,21,4,0,0,22.1,60.4,2,1,5.49,7.1,LOW
2025-04-21 17:00:00,17,21,4,0,0,26.6,51.8,2,5,10.38,5.49,MEDIUM
2025-04-21 18:00:00,18,21,4,0,0,24.0,61.1,5,8,17.26,10.38,HIGH
2025-04-21 19:00:00,19,21,4,0,0,23.9,59.6,5,9,20.91,17.26,HIGH
2025-04-21 20:00:00,20,21,4,0,0,18.4,64.4,8,8,24.02,20.91,HIGH
2025-04-21 21:00:00,21,21,4,0,0,17.8,68.1,4,3,17.82,24.02,HIGH
2025-04-21 22:00:00,22,21,4,0,0,20.2,58.2,5,7,14.57,17.82,HIGH
2025-04-21 23:00:00,23,21,4,0,0,15.1,56.7,2,1,8.7,14.57,MEDIUM
2025-04-22 00:00:00,0,22,4,1,0,17.6,65.9,3,2,6.33,8.7,MEDIUM
2025-04-22 01:00:00,1,22,4,1,0,12.3,67.9,2,2,4.45,6.33,LOW
2025-04-22 02:00:00,2,22,4,1,0,17.3,61.7,3,1,2.75,4.45,LOW
2025-04-22 03:00:00,3,22,4,1,0,11.9,76.3,2,4,3.17,2.75,LOW
2025-04-22 04:00:00,4,22,4,1,0,16.6,58.7,2,4,2.78,3.17,LOW
2025-04-22 05:00:00,5,22,4,1,0,17.2,55.7,4,1,3.22,2.78,LOW
2025-04-22 06:00:00,6,22,4,1,0,14.7,64.6,2,5,6.42,3.22,MEDIUM
2025-04-22 07:00:00,7,22,4,1,0,19.0,56.4,5,2,6.04,6.42,LOW
2025-04-22 08:00:00,8,22,4,1,0,19.4,63.2,6,2,7.81,6.04,MEDIUM
2025-04-22 09:00:00,9,22,4,1,0,18.7,55.5,2,1,5.69,7.81,LOW
2025-04-22 10:00:00,10,22,4,1,0,18.8,58.1,1,3,6.28,5.69,MEDIUM
2025-04-22 11:00:00,11,22,4,1,0,17.6,72.3,1,2,5.71,6.28,LOW
2025-04-22 12:00:00,12,22,4,1,0,24.4,55.8,2,0,4.62,5.71,LOW
2025-04-22 13:00:00,13,22,4,1,0,20.4,55.0,2,3,6.53,4.62,MEDIUM
2025-04-22 14:00:00,14,22,4,1,0,25.1,65.0,2,1,5.57,6.53,LOW
2025-04-22 15:00:00,15,22,4,1,0,24.3,52.0,1,1,4.37,5.57,LOW
2025-04-22 16:00:00,16,22,4,1,0,26.5,53.2,3,2,6.48,4.37,MEDIUM
2025-04-22 17:00:00,17,22,4,1,0,23.6,62.0,1,7,11.71,6.48,HIGH
2025-04-22 18:00:00,18,22,4,1,0,22.7,64.6,6,1,11.63,11.71,HIGH
2025-04-22 19:00:00,19,22,4,1,0,24.3,65.6,6,5,15.57,11.63,HIGH
2025-04-22 20:00:00,20,22,4,1,0,22.1,54.7,6,7,19.53,15.57,HIGH
2025-04-22 21:00:00,21,22,4,1,0,20.8,63.3,5,9,22.15,19.53,HIGH
2025-04-22 22:00:00,22,22,4,1,0,19.9,57.2,5,7,16.14,22.15,HIGH
2025-04-22 23:00:00,23,22,4,1,0,13.7,58.9,2,0,8.74,16.14,MEDIUM
2025-04-23 00:00:00,0,23,4,2,0,18.4,67.9,3,2,7.42,8.74,MEDIUM
2025-04-23 01:00:00,1,23,4,2,0,17.2,57.8,4,2,4.64,7.42,LOW
2025-04-23 02:00:00,2,23,4,2,0,12.6,64.6,4,1,4.06,4.64,LOW
2025-04-23 03:00:00,3,23,4,2,0,14.4,63.2,3,2,4.14,4.06,LOW
2025-04-23 04:00:00,4,23,4,2,0,15.1,55.5,3,4,4.18,4.14,LOW
2025-04-23 05:00:00,5,23,4,2,0,15.3,67.7,2,3,3.43,4.18,LOW
2025-04-23 06:00:00,6,23,4,2,0,17.3,64.4,3,0,3.33,3.43,LOW
2025-04-23 07:00:00,7,23,4,2,0,21.1,47.6,6,2,5.24,3.33,LOW
2025-04-23 08:00:00,8,23,4,2,0,21.4,61.1,4,0,4.69,5.24,LOW
2025-04-23 09:00:00,9,23,4,2,0,16.7,56.7,4,1,6.22,4.69,LOW
2025-04-23 10:00:00,10,23,4,2,0,22.8,65.5,1,1,4.97,6.22,LOW
2025-04-23 11:00:00,11,23,4,2,0,25.8,49.0,2,0,3.91,4.97,LOW
2025-04-23 12:00:00,12,23,4,2,0,24.5,56.1,2,1,3.96,3.91,LOW
2025-04-23 13:00:00,13,23,4,2,0,27.1,59.3,2,1,4.63,3.96,LOW
2025-04-23 14:00:00,14,23,4,2,0,29.9,56.4,3,0,5.05,4.63,LOW
2025-04-23 15:00:00,15,23,4,2,0,27.6,61.5,1,3,5.84,5.05,LOW
2025-04-23 16:00:00,16,23,4,2,0,25.5,48.7,1,0,3.26,5.84,LOW
2025-04-23 17:00:00,17,23,4,2,0,26.9,67.2,1,3,5.9,3.26,LOW
2025-04-23 18:00:00,18,23,4,2,0,23.9,61.6,6,5,12.33,5.9,HIGH
2025-04-23 19:00:00,19,23,4,2,0,22.6,67.1,4,9,17.94,12.33,HIGH
2025-04-23 20:00:00,20,23,4,2,0,20.4,65.1,5,1,13.39,17.94,HIGH
2025-04-23 21:00:00,21,23,4,2,0,23.9,58.4,4,8,17.43,13.39,HIGH
2025-04-23 22:00:00,22,23,4,2,0,16.7,53.6,5,5,12.95,17.43,HIGH
2025-04-23 23:00:00,23,23,4,2,0,21.3,56.1,5,1,8.31,12.95,MEDIUM
2025-04-24 00:00:00,0,24,4,3,0,17.7,70.5,2,2,5.65,8.31,LOW
2025-04-24 01:00:00,1,24,4,3,0,12.2,71.4,3,2,3.89,5.65,LOW
2025-04-24 02:00:00,2,24,4,3,0,16.1,57.8,2,1,2.72,3.89,LOW
2025-04-24 03:00:00,3,24,4,3,0,9.7,47.2,4,2,3.71,2.72,LOW
2025-04-24 04:00:00,4,24,4,3,0,16.7,60.0,2,0,2.85,3.71,LOW
2025-04-24 05:00:00,5,24,4,3,0,17.9,59.1,3,0,2.1,2.85,LOW
2025-04-24 06:00:00,6,24,4,3,0,15.0,60.5,3,0,3.18,2.1,LOW
2025-04-24 07:00:00,7,24,4,3,0,17.8,64.1,4,0,3.11,3.18,LOW
2025-04-24 08:00:00,8,24,4,3,0,23.6,63.8,6,0,5.39,3.11,LOW
2025-04-24 09:00:00,9,24,4,3,0,18.7,66.5,2,1,4.43,5.39,LOW
2025-04-24 10:00:00,10,24,4,3,0,18.6,63.2,2,0,3.65,4.43,LOW
2025-04-24 11:00:00,11,24,4,3,0,26.2,46.7,3,0,3.78,3.65,LOW
2025-04-24 12:00:00,12,24,4,3,0,28.4,54.6,1,3,5.42,3.78,LOW
2025-04-24 13:00:00,13,24,4,3,0,24.3,72.1,2,3,6.43,5.42,MEDIUM
2025-04-24 14:00:00,14,24,4,3,0,27.4,59.3,2,0,5.5,6.43,LOW
2025-04-24 15:00:00,15,24,4,3,0,28.4,58.8,1,2,5.97,5.5,LOW
2025-04-24 16:00:00,16,24,4,3,0,23.0,61.0,1,2,4.93,5.97,LOW
2025-04-24 17:00:00,17,24,4,3,0,23.1,61.3,1,4,7.18,4.93,MEDIUM
2025-04-24 18:00:00,18,24,4,3,0,26.6,43.1,6,7,15.63,7.18,HIGH
2025-04-24 19:00:00,19,24,4,3,0,26.7,55.9,4,5,16.42,15.63,HIGH
2025-04-24 20:00:00,20,24,4,3,0,22.7,58.7,5,5,16.82,16.42,HIGH
2025-04-24 21:00:00,21,24,4,3,0,17.8,68.6,5,7,19.31,16.82,HIGH
2025-04-24 22:00:00,22,24,4,3,0,23.7,58.8,6,5,14.15,19.31,HIGH
2025-04-24 23:00:00,23,24,4,3,0,16.2,51.6,2,1,8.36,14.15,MEDIUM
2025-04-25 00:00:00,0,25,4,4,0,15.6,64.3,3,2,6.8,8.36,MEDIUM
2025-04-25 01:00:00,1,25,4,4,0,16.5,56.6,3,3,5.3,6.8,LOW
2025-04-25 02:00:00,2,25,4,4,0,19.1,53.1,4,0,3.96,5.3,LOW
2025-04-25 03:00:00,3,25,4,4,0,17.1,56.2,2,2,3.34,3.96,LOW
2025-04-25 04:00:00,4,25,4,4,0,16.2,64.8,2,5,4.14,3.34,LOW
2025-04-25 05:00:00,5,25,4,4,0,16.8,68.8,8,2,4.45,4.14,LOW
2025-04-25 06:00:00,6,25,4,4,0,16.6,64.3,4,3,5.58,4.45,LOW
2025-04-25 07:00:00,7,25,4,4,0,18.9,64.2,4,3,6.16,5.58,LOW
2025-04-25 08:00:00,8,25,4,4,0,12.4,65.9,4,1,7.05,6.16,MEDIUM
2025-04-25 09:00:00,9,25,4,4,0,19.3,60.9,3,1,5.96,7.05,LOW
2025-04-25 10:00:00,10,25,4,4,0,21.9,63.4,2,0,4.18,5.96,LOW
2025-04-25 11:00:00,11,25,4,4,0,19.6,45.6,4,1,5.25,4.18,LOW
2025-04-25 12:00:00,12,25,4,4,0,24.5,58.9,2,1,4.57,5.25,LOW
2025-04-25 13:00:00,13,25,4,4,0,23.8,52.2,2,2,5.09,4.57,LOW
2025-04-25 14:00:00,14,25,4,4,0,29.2,63.3,4,3,8.39,5.09,MEDIUM
2025-04-25 15:00:00,15,25,4,4,0,28.9,55.6,1,2,6.75,8.39,MEDIUM
2025-04-25 16:00:00,16,25,4,4,0,23.7,58.7,2,2,6.58,6.75,MEDIUM
2025-04-25 17:00:00,17,25,4,4,0,24.0,49.4,1,5,9.7,6.58,MEDIUM
2025-04-25 18:00:00,18,25,4,4,0,23.4,64.7,6,7,16.55,9.7,HIGH
2025-04-25 19:00:00,19,25,4,4,0,21.4,63.2,5,2,12.88,16.55,HIGH
2025-04-25 20:00:00,20,25,4,4,0,21.8,62.6,4,8,16.72,12.88,HIGH
2025-04-25 21:00:00,21,25,4,4,0,18.1,55.9,5,4,15.88,16.72,HIGH
2025-04-25 22:00:00,22,25,4,4,0,15.9,57.0,5,3,11.7,15.88,HIGH
2025-04-25 23:00:00,23,25,4,4,0,19.1,61.7,3,1,7.98,11.7,MEDIUM
2025-04-26 00:00:00,0,26,4,5,1,18.0,56.6,2,5,8.02,7.98,MEDIUM
2025-04-26 01:00:00,1,26,4,5,1,13.7,65.1,3,4,6.04,8.02,LOW
2025-04-26 02:00:00,2,26,4,5,1,17.4,48.1,4,2,4.2,6.04,LOW
2025-04-26 03:00:00,3,26,4,5,1,13.4,59.7,3,4,4.73,4.2,LOW
2025-04-26 04:00:00,4,26,4,5,1,15.8,72.5,3,4,4.64,4.73,LOW
2025-04-26 05:00:00,5,26,4,5,1,17.7,63.6,2,2,3.3,4.64,LOW
2025-04-26 06:00:00,6,26,4,5,1,16.4,62.4,5,5,7.71,3.3,MEDIUM
2025-04-26 07:00:00,7,26,4,5,1,18.6,72.5,4,2,7.07,7.71,MEDIUM
2025-04-26 08:00:00,8,26,4,5,1,17.4,47.0,6,8,15.22,7.07,HIGH
2025-04-26 09:00:00,9,26,4,5,1,19.5,55.3,5,2,12.21,15.22,HIGH
2025-04-26 10:00:00,10,26,4,5,1,20.8,57.3,4,1,9.44,12.21,MEDIUM
2025-04-26 11:00:00,11,26,4,5,1,20.6,64.9,5,6,13.67,9.44,HIGH
2025-04-26 12:00:00,12,26,4,5,1,23.1,64.0,4,6,14.53,13.67,HIGH
2025-04-26 13:00:00,13,26,4,5,1,20.5,54.6,4,2,11.13,14.53,HIGH
2025-04-26 14:00:00,14,26,4,5,1,23.6,64.5,5,5,12.78,11.13,HIGH
2025-04-26 15:00:00,15,26,4,5,1,24.3,55.9,6,4,13.42,12.78,HIGH
2025-04-26 16:00:00,16,26,4,5,1,24.2,65.6,6,0,10.22,13.42,MEDIUM
2025-04-26 17:00:00,17,26,4,5,1,23.7,52.3,4,4,13.64,10.22,HIGH
2025-04-26 18:00:00,18,26,4,5,1,23.4,57.9,4,5,15.77,13.64,HIGH
2025-04-26 19:00:00,19,26,4,5,1,23.7,55.6,5,3,15.41,15.77,HIGH
2025-04-26 20:00:00,20,26,4,5,1,23.5,64.9,4,2,12.92,15.41,HIGH
2025-04-26 21:00:00,21,26,4,5,1,18.4,57.5,6,2,13.9,12.92,HIGH
2025-04-26 22:00:00,22,26,4,5,1,15.7,61.5,5,3,11.35,13.9,HIGH
2025-04-26 23:00:00,23,26,4,5,1,14.9,65.1,3,5,10.69,11.35,MEDIUM
2025-04-27 00:00:00,0,27,4,6,1,15.2,65.2,3,3,9.52,10.69,MEDIUM
2025-04-27 01:00:00,1,27,4,6,1,14.8,67.4,3,5,7.17,9.52,MEDIUM
2025-04-27 02:00:00,2,27,4,6,1,13.2,64.0,3,3,5.62,7.17,LOW
2025-04-27 03:00:00,3,27,4,6,1,11.8,60.8,2,3,4.47,5.62,LOW
2025-04-27 04:00:00,4,27,4,6,1,14.0,60.3,2,2,4.41,4.47,LOW
2025-04-27 05:00:00,5,27,4,6,1,16.1,61.7,2,6,5.16,4.41,LOW
2025-04-27 06:00:00,6,27,4,6,1,18.0,62.3,6,6,9.78,5.16,MEDIUM
2025-04-27 07:00:00,7,27,4,6,1,16.1,60.7,4,4,9.9,9.78,MEDIUM
2025-04-27 08:00:00,8,27,4,6,1,17.7,61.0,6,3,11.84,9.9,HIGH
2025-04-27 09:00:00,9,27,4,6,1,17.7,51.8,5,3,12.19,11.84,HIGH
2025-04-27 10:00:00,10,27,4,6,1,21.2,63.5,4,4,12.08,12.19,HIGH
2025-04-27 11:00:00,11,27,4,6,1,20.4,60.9,4,5,13.79,12.08,HIGH
2025-04-27 12:00:00,12,27,4,6,1,25.0,64.0,5,2,11.35,13.79,HIGH
2025-04-27 13:00:00,13,27,4,6,1,19.9,60.0,8,1,11.59,11.35,HIGH
2025-04-27 14:00:00,14,27,4,6,1,23.9,48.0,5,4,13.14,11.59,HIGH
2025-04-27 15:00:00,15,27,4,6,1,25.8,55.5,5,1,10.78,13.14,MEDIUM
2025-04-27 16:00:00,16,27,4,6,1,25.3,56.7,5,3,11.73,10.78,HIGH
2025-04-27 17:00:00,17,27,4,6,1,31.1,60.0,4,7,19.05,11.73,HIGH
2025-04-27 18:00:00,18,27,4,6,1,24.4,45.8,7,4,20.11,19.05,HIGH
2025-04-27 19:00:00,19,27,4,6,1,20.0,60.2,5,6,20.86,20.11,HIGH
2025-04-27 20:00:00,20,27,4,6,1,21.1,62.6,6,4,20.23,20.86,HIGH
2025-04-27 21:00:00,21,27,4,6,1,15.6,57.8,6,5,21.39,20.23,HIGH
2025-04-27 22:00:00,22,27,4,6,1,18.5,61.0,8,4,15.8,21.39,HIGH
2025-04-27 23:00:00,23,27,4,6,1,15.4,58.1,2,1,9.09,15.8,MEDIUM
2025-04-28 00:00:00,0,28,4,0,0,18.8,56.1,2,1,5.42,9.09,LOW
2025-04-28 01:00:00,1,28,4,0,0,14.3,59.8,3,0,3.95,5.42,LOW
2025-04-28 02:00:00,2,28,4,0,0,14.9,57.8,5,0,2.77,3.95,LOW
2025-04-28 03:00:00,3,28,4,0,0,13.4,66.7,2,3,2.93,2.77,LOW
2025-04-28 04:00:00,4,28,4,0,0,19.5,55.8,4,2,3.68,2.93,LOW
2025-04-28 05:00:00,5,28,4,0,0,14.9,56.6,4,1,3.6,3.68,LOW
2025-04-28 06:00:00,6,28,4,0,0,21.0,70.2,3,2,4.04,3.6,LOW
2025-04-28 07:00:00,7,28,4,0,0,19.5,66.0,4,1,4.03,4.04,LOW
2025-04-28 08:00:00,8,28,4,0,0,19.9,48.9,6,4,8.41,4.03,MEDIUM
2025-04-28 09:00:00,9,28,4,0,0,20.9,55.1,4,3,8.86,8.41,MEDIUM
2025-04-28 10:00:00,10,28,4,0,0,22.3,60.5,1,1,5.53,8.86,LOW
2025-04-28 11:00:00,11,28,4,0,0,17.7,62.9,1,2,5.12,5.53,LOW
2025-04-28 12:00:00,12,28,4,0,0,22.8,49.9,1,2,4.91,5.12,LOW
2025-04-28 13:00:00,13,28,4,0,0,26.4,64.4,1,1,4.32,4.91,LOW
2025-04-28 14:00:00,14,28,4,0,0,24.7,63.1,2,3,5.97,4.32,LOW
2025-04-28 15:00:00,15,28,4,0,0,21.5,62.3,3,2,6.36,5.97,MEDIUM
2025-04-28 16:00:00,16,28,4,0,0,24.7,66.3,3,2,6.37,6.36,MEDIUM
2025-04-28 17:00:00,17,28,4,0,0,28.6,59.3,1,9,13.78,6.37,HIGH
2025-04-28 18:00:00,18,28,4,0,0,26.7,60.0,5,2,13.04,13.78,HIGH
2025-04-28 19:00:00,19,28,4,0,0,22.3,68.4,5,2,11.92,13.04,HIGH
2025-04-28 20:00:00,20,28,4,0,0,23.7,65.1,4,3,12.25,11.92,HIGH
2025-04-28 21:00:00,21,28,4,0,0,19.1,55.3,4,2,10.59,12.25,MEDIUM
2025-04-28 22:00:00,22,28,4,0,0,14.4,66.0,7,7,12.28,10.59,HIGH
2025-04-28 23:00:00,23,28,4,0,0,15.2,57.9,2,0,7.0,12.28,MEDIUM
2025-04-29 00:00:00,0,29,4,1,0,20.4,62.9,2,1,5.26,7.0,LOW
2025-04-29 01:00:00,1,29,4,1,0,15.0,64.9,3,1,3.51,5.26,LOW
2025-04-29 02:00:00,2,29,4,1,0,14.6,53.9,2,0,2.43,3.51,LOW
2025-04-29 03:00:00,3,29,4,1,0,14.3,61.5,3,1,2.63,2.43,LOW
2025-04-29 04:00:00,4,29,4,1,0,19.9,61.6,5,3,3.6,2.63,LOW
2025-04-29 05:00:00,5,29,4,1,0,19.7,57.5,3,5,4.06,3.6,LOW
2025-04-29 06:00:00,6,29,4,1,0,22.0,61.1,3,4,6.27,4.06,MEDIUM
2025-04-29 07:00:00,7,29,4,1,0,17.1,66.0,6,2,6.72,6.27,MEDIUM
2025-04-29 08:00:00,8,29,4,1,0,19.4,60.1,6,3,9.78,6.72,MEDIUM
2025-04-29 09:00:00,9,29,4,1,0,16.2,62.9,3,4,10.15,9.78,MEDIUM
2025-04-29 10:00:00,10,29,4,1,0,25.0,66.3,1,1,6.55,10.15,MEDIUM
2025-04-29 11:00:00,11,29,4,1,0,19.6,63.0,2,2,6.14,6.55,LOW
2025-04-29 12:00:00,12,29,4,1,0,24.1,59.6,2,3,6.97,6.14,MEDIUM
2025-04-29 13:00:00,13,29,4,1,0,21.6,53.6,2,2,5.96,6.97,LOW
2025-04-29 14:00:00,14,29,4,1,0,23.4,62.7,2,1,5.02,5.96,LOW
2025-04-29 15:00:00,15,29,4,1,0,22.9,60.8,1,1,3.89,5.02,LOW
2025-04-29 16:00:00,16,29,4,1,0,23.3,66.4,1,2,4.83,3.89,LOW
2025-04-29 17:00:00,17,29,4,1,0,23.0,59.1,2,1,4.94,4.83,LOW
2025-04-29 18:00:00,18,29,4,1,0,22.2,48.2,6,2,9.93,4.94,MEDIUM
2025-04-29 19:00:00,19,29,4,1,0,24.6,48.0,4,4,12.01,9.93,HIGH
2025-04-29 20:00:00,20,29,4,1,0,18.5,65.0,4,5,13.52,12.01,HIGH
2025-04-29 21:00:00,21,29,4,1,0,20.6,56.3,5,3,13.07,13.52,HIGH
2025-04-29 22:00:00,22,29,4,1,0,21.8,61.9,4,2,8.67,13.07,MEDIUM
2025-04-29 23:00:00,23,29,4,1,0,16.2,62.2,2,1,6.36,8.67,MEDIUM
2025-04-30 00:00:00,0,30,4,2,0,14.7,61.1,5,1,5.7,6.36,LOW
2025-04-30 01:00:00,1,30,4,2,0,15.1,61.4,2,0,3.43,5.7,LOW
2025-04-30 02:00:00,2,30,4,2,0,18.1,55.6,2,4,3.84,3.43,LOW
2025-04-30 03:00:00,3,30,4,2,0,15.5,61.7,3,1,3.95,3.84,LOW
2025-04-30 04:00:00,4,30,4,2,0,13.8,59.0,3,3,3.7,3.95,LOW
2025-04-30 05:00:00,5,30,4,2,0,16.9,59.0,3,1,2.87,3.7,LOW
2025-04-30 06:00:00,6,30,4,2,0,13.7,60.6,4,1,3.89,2.87,LOW
2025-04-30 07:00:00,7,30,4,2,0,19.2,59.0,5,1,4.54,3.89,LOW
2025-04-30 08:00:00,8,30,4,2,0,19.7,65.7,5,5,9.97,4.54,MEDIUM
2025-04-30 09:00:00,9,30,4,2,0,19.2,59.5,1,1,6.51,9.97,MEDIUM
2025-04-30 10:00:00,10,30,4,2,0,19.2,66.5,2,3,7.24,6.51,MEDIUM
2025-04-30 11:00:00,11,30,4,2,0,20.3,69.1,3,1,6.4,7.24,MEDIUM
2025-04-30 12:00:00,12,30,4,2,0,24.9,63.2,1,2,5.9,6.4,LOW
2025-04-30 13:00:00,13,30,4,2,0,27.4,60.2,3,0,5.94,5.9,LOW
2025-04-30 14:00:00,14,30,4,2,0,23.2,60.7,1,1,4.23,5.94,LOW
2025-04-30 15:00:00,15,30,4,2,0,26.1,62.8,2,2,5.57,4.23,LOW
2025-04-30 16:00:00,16,30,4,2,0,19.6,60.7,1,0,3.19,5.57,LOW
2025-04-30 17:00:00,17,30,4,2,0,22.9,64.7,3,5,8.58,3.19,MEDIUM
2025-04-30 18:00:00,18,30,4,2,0,23.5,62.3,5,3,11.25,8.58,HIGH
2025-04-30 19:00:00,19,30,4,2,0,20.2,57.8,4,2,10.62,11.25,MEDIUM
2025-04-30 20:00:00,20,30,4,2,0,19.0,65.8,5,4,13.09,10.62,HIGH
2025-04-30 21:00:00,21,30,4,2,0,18.3,61.2,6,3,13.71,13.09,HIGH
2025-04-30 22:00:00,22,30,4,2,0,19.4,59.6,5,7,12.59,13.71,HIGH
2025-04-30 23:00:00,23,30,4,2,0,17.0,58.3,5,1,8.85,12.59,MEDIUM
2025-05-01 00:00:00,0,1,5,3,0,16.9,62.2,2,1,6.47,8.85,MEDIUM
2025-05-01 01:00:00,1,1,5,3,0,16.4,67.4,2,2,4.39,6.47,LOW
2025-05-01 02:00:00,2,1,5,3,0,19.7,65.5,3,0,2.98,4.39,LOW
2025-05-01 03:00:00,3,1,5,3,0,22.1,61.3,2,0,1.66,2.98,LOW
2025-05-01 04:00:00,4,1,5,3,0,14.3,65.9,3,3,2.35,1.66,LOW
2025-05-01 05:00:00,5,1,5,3,0,20.4,67.5,3,3,2.43,2.35,LOW
2025-05-01 06:00:00,6,1,5,3,0,21.1,58.7,3,0,2.51,2.43,LOW
2025-05-01 07:00:00,7,1,5,3,0,27.0,50.5,5,4,6.15,2.51,LOW
2025-05-01 08:00:00,8,1,5,3,0,23.7,66.3,5,1,6.87,6.15,MEDIUM
2025-05-01 09:00:00,9,1,5,3,0,27.0,54.0,2,2,6.35,6.87,MEDIUM
2025-05-01 10:00:00,10,1,5,3,0,27.6,52.8,1,1,4.36,6.35,LOW
2025-05-01 11:00:00,11,1,5,3,0,23.2,47.9,2,1,4.1,4.36,LOW
2025-05-01 12:00:00,12,1,5,3,0,31.5,58.8,1,2,5.86,4.1,LOW
2025-05-01 13:00:00,13,1,5,3,0,30.9,45.9,5,1,7.59,5.86,MEDIUM
2025-05-01 14:00:00,14,1,5,3,0,32.1,50.7,3,0,6.74,7.59,MEDIUM
2025-05-01 15:00:00,15,1,5,3,0,40.8,55.2,2,1,7.41,6.74,MEDIUM
2025-05-01 16:00:00,16,1,5,3,0,25.6,62.1,1,1,5.35,7.41,LOW
2025-05-01 17:00:00,17,1,5,3,0,34.6,50.2,3,5,12.59,5.35,HIGH
2025-05-01 18:00:00,18,1,5,3,0,28.8,55.7,4,7,17.11,12.59,HIGH
2025-05-01 19:00:00,19,1,5,3,0,29.2,51.1,5,3,16.4,17.11,HIGH
2025-05-01 20:00:00,20,1,5,3,0,27.2,53.8,6,5,18.56,16.4,HIGH
2025-05-01 21:00:00,21,1,5,3,0,24.9,59.6,5,5,18.63,18.56,HIGH
2025-05-01 22:00:00,22,1,5,3,0,23.3,55.7,5,6,13.86,18.63,HIGH
2025-05-01 23:00:00,23,1,5,3,0,24.3,56.8,6,3,10.87,13.86,MEDIUM
2025-05-02 00:00:00,0,2,5,4,0,18.7,51.7,3,1,6.57,10.87,MEDIUM
2025-05-02 01:00:00,1,2,5,4,0,23.5,65.4,3,1,4.27,6.57,LOW
2025-05-02 02:00:00,2,2,5,4,0,20.1,63.0,4,3,4.02,4.27,LOW
2025-05-02 03:00:00,3,2,5,4,0,18.2,65.5,2,2,2.32,4.02,LOW
2025-05-02 04:00:00,4,2,5,4,0,20.0,67.7,3,2,2.56,2.32,LOW
2025-05-02 05:00:00,5,2,5,4,0,24.8,53.1,2,1,2.01,2.56,LOW
2025-05-02 06:00:00,6,2,5,4,0,21.1,57.4,2,3,3.31,2.01,LOW
2025-05-02 07:00:00,7,2,5,4,0,24.4,46.9,7,0,4.62,3.31,LOW
2025-05-02 08:00:00,8,2,5,4,0,22.9,77.7,5,5,10.13,4.62,MEDIUM
2025-05-02 09:00:00,9,2,5,4,0,27.9,55.9,1,2,7.88,10.13,MEDIUM
2025-05-02 10:00:00,10,2,5,4,0,29.0,62.6,2,6,10.26,7.88,MEDIUM
2025-05-02 11:00:00,11,2,5,4,0,33.1,47.3,2,1,8.22,10.26,MEDIUM
2025-05-02 12:00:00,12,2,5,4,0,29.1,62.3,1,2,6.33,8.22,MEDIUM
2025-05-02 13:00:00,13,2,5,4,0,32.0,66.3,2,1,6.04,6.33,LOW
2025-05-02 14:00:00,14,2,5,4,0,31.1,55.2,3,4,9.64,6.04,MEDIUM
2025-05-02 15:00:00,15,2,5,4,0,34.2,48.3,2,0,7.76,9.64,MEDIUM
2025-05-02 16:00:00,16,2,5,4,0,29.0,55.6,4,1,7.87,7.76,MEDIUM
2025-05-02 17:00:00,17,2,5,4,0,32.2,41.8,3,4,12.19,7.87,HIGH
2025-05-02 18:00:00,18,2,5,4,0,29.0,56.2,6,5,17.11,12.19,HIGH
2025-05-02 19:00:00,19,2,5,4,0,28.3,61.6,6,7,20.85,17.11,HIGH
2025-05-02 20:00:00,20,2,5,4,0,27.5,56.8,4,3,16.55,20.85,HIGH
2025-05-02 21:00:00,21,2,5,4,0,26.6,55.7,6,5,18.05,16.55,HIGH
2025-05-02 22:00:00,22,2,5,4,0,24.4,61.4,4,4,12.31,18.05,HIGH
2025-05-02 23:00:00,23,2,5,4,0,24.0,62.0,3,2,8.11,12.31,MEDIUM
2025-05-03 00:00:00,0,3,5,5,1,26.4,47.5,2,7,10.45,8.11,MEDIUM
2025-05-03 01:00:00,1,3,5,5,1,24.1,58.9,4,4,6.9,10.45,MEDIUM
2025-05-03 02:00:00,2,3,5,5,1,23.3,73.3,4,0,4.15,6.9,LOW
2025-05-03 03:00:00,3,3,5,5,1,19.9,52.0,2,3,2.94,4.15,LOW
2025-05-03 04:00:00,4,3,5,5,1,18.9,59.9,3,5,4.33,2.94,LOW
2025-05-03 05:00:00,5,3,5,5,1,24.1,70.0,6,1,4.13,4.33,LOW
2025-05-03 06:00:00,6,3,5,5,1,24.7,64.7,3,3,6.28,4.13,MEDIUM
2025-05-03 07:00:00,7,3,5,5,1,27.2,54.0,6,3,8.19,6.28,MEDIUM
2025-05-03 08:00:00,8,3,5,5,1,23.2,60.0,4,3,9.16,8.19,MEDIUM
2025-05-03 09:00:00,9,3,5,5,1,25.4,57.8,5,3,10.38,9.16,MEDIUM
2025-05-03 10:00:00,10,3,5,5,1,23.2,54.2,6,3,11.9,10.38,HIGH
2025-05-03 11:00:00,11,3,5,5,1,27.5,56.6,4,6,14.33,11.9,HIGH
2025-05-03 12:00:00,12,3,5,5,1,32.0,53.5,6,4,15.98,14.33,HIGH
2025-05-03 13:00:00,13,3,5,5,1,29.2,57.0,6,4,15.96,15.98,HIGH
2025-05-03 14:00:00,14,3,5,5,1,32.4,50.5,7,6,19.65,15.96,HIGH
2025-05-03 15:00:00,15,3,5,5,1,30.5,48.1,4,4,17.12,19.65,HIGH
2025-05-03 16:00:00,16,3,5,5,1,31.6,55.1,4,2,13.96,17.12,HIGH
2025-05-03 17:00:00,17,3,5,5,1,27.5,67.3,6,5,19.14,13.96,HIGH
2025-05-03 18:00:00,18,3,5,5,1,29.7,56.6,4,1,15.08,19.14,HIGH
2025-05-03 19:00:00,19,3,5,5,1,21.0,57.6,4,4,15.48,15.08,HIGH
2025-05-03 20:00:00,20,3,5,5,1,26.8,61.8,6,8,22.03,15.48,HIGH
2025-05-03 21:00:00,21,3,5,5,1,21.9,58.3,4,6,21.17,22.03,HIGH
2025-05-03 22:00:00,22,3,5,5,1,27.7,68.1,4,3,14.27,21.17,HIGH
2025-05-03 23:00:00,23,3,5,5,1,25.4,57.8,3,2,9.98,14.27,MEDIUM
2025-05-04 00:00:00,0,4,5,6,1,23.6,62.8,3,5,9.79,9.98,MEDIUM
2025-05-04 01:00:00,1,4,5,6,1,25.5,53.3,2,2,5.61,9.79,LOW
2025-05-04 02:00:00,2,4,5,6,1,18.8,63.5,4,5,5.37,5.61,LOW
2025-05-04 03:00:00,3,4,5,6,1,25.4,59.5,4,1,3.86,5.37,LOW
2025-05-04 04:00:00,4,4,5,6,1,23.5,58.3,2,5,4.51,3.86,LOW
2025-05-04 05:00:00,5,4,5,6,1,21.1,56.5,3,6,5.58,4.51,LOW
2025-05-04 06:00:00,6,4,5,6,1,25.3,54.1,4,1,5.85,5.58,LOW
2025-05-04 07:00:00,7,4,5,6,1,20.7,61.4,5,3,8.01,5.85,MEDIUM
2025-05-04 08:00:00,8,4,5,6,1,22.6,62.7,4,2,8.64,8.01,MEDIUM
2025-05-04 09:00:00,9,4,5,6,1,24.5,57.4,4,1,7.58,8.64,MEDIUM
2025-05-04 10:00:00,10,4,5,6,1,26.0,59.3,6,2,9.45,7.58,MEDIUM
2025-05-04 11:00:00,11,4,5,6,1,25.9,57.4,5,1,8.88,9.45,MEDIUM
2025-05-04 12:00:00,12,4,5,6,1,32.6,55.6,4,3,11.15,8.88,HIGH
2025-05-04 13:00:00,13,4,5,6,1,29.7,54.9,4,5,13.38,11.15,HIGH
2025-05-04 14:00:00,14,4,5,6,1,31.7,55.4,4,3,13.19,13.38,HIGH
2025-05-04 15:00:00,15,4,5,6,1,29.6,72.3,4,4,13.67,13.19,HIGH
2025-05-04 16:00:00,16,4,5,6,1,26.3,59.3,7,0,11.61,13.67,HIGH
2025-05-04 17:00:00,17,4,5,6,1,31.0,59.5,6,3,16.98,11.61,HIGH
2025-05-04 18:00:00,18,4,5,6,1,24.8,60.7,4,6,19.21,16.98,HIGH
2025-05-04 19:00:00,19,4,5,6,1,28.3,55.1,7,4,21.05,19.21,HIGH
2025-05-04 20:00:00,20,4,5,6,1,23.9,66.2,5,2,17.07,21.05,HIGH
2025-05-04 21:00:00,21,4,5,6,1,31.0,53.9,5,6,20.99,17.07,HIGH
2025-05-04 22:00:00,22,4,5,6,1,27.0,63.5,4,3,13.75,20.99,HIGH
2025-05-04 23:00:00,23,4,5,6,1,23.8,56.5,3,4,10.89,13.75,MEDIUM
2025-05-05 00:00:00,0,5,5,0,0,25.6,52.0,2,2,7.33,10.89,MEDIUM
2025-05-05 01:00:00,1,5,5,0,0,19.6,62.4,3,2,4.74,7.33,LOW
2025-05-05 02:00:00,2,5,5,0,0,22.5,52.4,3,1,2.83,4.74,LOW
2025-05-05 03:00:00,3,5,5,0,0,21.5,62.6,3,2,2.51,2.83,LOW
2025-05-05 04:00:00,4,5,5,0,0,21.8,52.1,2,3,2.47,2.51,LOW
2025-05-05 05:00:00,5,5,5,0,0,24.9,56.1,3,1,2.1,2.47,LOW
2025-05-05 06:00:00,6,5,5,0,0,24.3,49.7,2,4,5.13,2.1,LOW
2025-05-05 07:00:00,7,5,5,0,0,24.2,75.3,5,4,7.83,5.13,MEDIUM
2025-05-05 08:00:00,8,5,5,0,0,20.6,49.8,4,1,7.35,7.83,MEDIUM
2025-05-05 09:00:00,9,5,5,0,0,23.6,58.6,3,1,6.2,7.35,LOW
2025-05-05 10:00:00,10,5,5,0,0,27.0,64.1,2,1,5.34,6.2,LOW
2025-05-05 11:00:00,11,5,5,0,0,28.7,62.7,2,1,5.07,5.34,LOW
2025-05-05 12:00:00,12,5,5,0,0,26.7,62.4,1,2,5.33,5.07,LOW
2025-05-05 13:00:00,13,5,5,0,0,36.4,51.5,2,1,7.08,5.33,MEDIUM
2025-05-05 14:00:00,14,5,5,0,0,34.6,62.3,2,2,8.2,7.08,MEDIUM
2025-05-05 15:00:00,15,5,5,0,0,32.5,60.5,1,3,8.35,8.2,MEDIUM
2025-05-05 16:00:00,16,5,5,0,0,31.0,56.9,3,1,7.95,8.35,MEDIUM
2025-05-05 17:00:00,17,5,5,0,0,29.8,57.5,1,7,13.18,7.95,HIGH
2025-05-05 18:00:00,18,5,5,0,0,27.2,55.3,4,3,13.04,13.18,HIGH
2025-05-05 19:00:00,19,5,5,0,0,28.7,51.1,4,5,15.08,13.04,HIGH
2025-05-05 20:00:00,20,5,5,0,0,27.9,64.3,6,4,16.54,15.08,HIGH
2025-05-05 21:00:00,21,5,5,0,0,22.9,66.7,6,5,17.68,16.54,HIGH
2025-05-05 22:00:00,22,5,5,0,0,25.5,52.5,5,4,12.63,17.68,HIGH
2025-05-05 23:00:00,23,5,5,0,0,23.1,57.8,3,3,8.52,12.63,MEDIUM
2025-05-06 00:00:00,0,6,5,1,0,17.7,60.1,3,1,6.0,8.52,LOW
2025-05-06 01:00:00,1,6,5,1,0,19.5,60.0,2,2,3.99,6.0,LOW
2025-05-06 02:00:00,2,6,5,1,0,20.1,60.3,2,5,3.76,3.99,LOW
2025-05-06 03:00:00,3,6,5,1,0,25.7,63.4,2,1,2.67,3.76,LOW
2025-05-06 04:00:00,4,6,5,1,0,22.6,54.5,3,1,1.42,2.67,LOW
2025-05-06 05:00:00,5,6,5,1,0,18.3,55.6,3,1,2.0,1.42,LOW
2025-05-06 06:00:00,6,6,5,1,0,23.7,65.9,3,3,4.25,2.0,LOW
2025-05-06 07:00:00,7,6,5,1,0,19.6,57.4,6,0,5.18,4.25,LOW
2025-05-06 08:00:00,8,6,5,1,0,27.4,49.5,5,1,6.8,5.18,MEDIUM
2025-05-06 09:00:00,9,6,5,1,0,24.8,55.2,1,2,5.95,6.8,LOW
2025-05-06 10:00:00,10,6,5,1,0,27.1,55.2,2,0,5.08,5.95,LOW
2025-05-06 11:00:00,11,6,5,1,0,31.8,64.6,2,3,7.38,5.08,MEDIUM
2025-05-06 12:00:00,12,6,5,1,0,26.3,63.0,1,3,7.09,7.38,MEDIUM
2025-05-06 13:00:00,13,6,5,1,0,26.8,64.2,1,0,4.61,7.09,LOW
2025-05-06 14:00:00,14,6,5,1,0,29.4,61.2,1,2,4.87,4.61,LOW
2025-05-06 15:00:00,15,6,5,1,0,33.6,60.2,2,4,8.48,4.87,MEDIUM
2025-05-06 16:00:00,16,6,5,1,0,27.0,53.1,2,0,5.46,8.48,LOW
2025-05-06 17:00:00,17,6,5,1,0,23.2,57.5,3,7,12.07,5.46,HIGH
2025-05-06 18:00:00,18,6,5,1,0,28.4,50.7,4,3,13.07,12.07,HIGH
2025-05-06 19:00:00,19,6,5,1,0,29.9,54.8,5,4,15.87,13.07,HIGH
2025-05-06 20:00:00,20,6,5,1,0,30.3,60.0,4,5,17.31,15.87,HIGH
2025-05-06 21:00:00,21,6,5,1,0,24.8,58.9,4,9,20.87,17.31,HIGH
2025-05-06 22:00:00,22,6,5,1,0,23.7,66.4,5,2,13.03,20.87,HIGH
2025-05-06 23:00:00,23,6,5,1,0,26.4,50.6,4,2,9.53,13.03,MEDIUM
2025-05-07 00:00:00,0,7,5,2,0,17.8,63.9,2,2,7.15,9.53,MEDIUM
2025-05-07 01:00:00,1,7,5,2,0,20.7,52.2,2,0,3.59,7.15,LOW
2025-05-07 02:00:00,2,7,5,2,0,21.6,59.9,3,0,2.22,3.59,LOW
2025-05-07 03:00:00,3,7,5,2,0,22.1,63.6,4,2,2.88,2.22,LOW
2025-05-07 04:00:00,4,7,5,2,0,19.9,58.8,5,1,2.24,2.88,LOW
2025-05-07 05:00:00,5,7,5,2,0,21.8,62.6,4,3,2.9,2.24,LOW
2025-05-07 06:00:00,6,7,5,2,0,16.2,55.8,3,4,5.42,2.9,LOW
2025-05-07 07:00:00,7,7,5,2,0,21.9,49.3,4,0,4.18,5.42,LOW
2025-05-07 08:00:00,8,7,5,2,0,25.8,61.0,4,2,5.71,4.18,LOW
2025-05-07 09:00:00,9,7,5,2,0,23.5,69.1,1,0,4.04,5.71,LOW
2025-05-07 10:00:00,10,7,5,2,0,27.4,51.1,1,4,6.22,4.04,LOW
2025-05-07 11:00:00,11,7,5,2,0,29.6,63.5,2,2,6.56,6.22,MEDIUM
2025-05-07 12:00:00,12,7,5,2,0,28.7,56.8,3,3,8.59,6.56,MEDIUM
2025-05-07 13:00:00,13,7,5,2,0,30.8,47.7,2,0,5.4,8.59,LOW
2025-05-07 14:00:00,14,7,5,2,0,28.4,49.9,2,1,5.94,5.4,LOW
2025-05-07 15:00:00,15,7,5,2,0,30.5,55.9,2,1,6.76,5.94,MEDIUM
2025-05-07 16:00:00,16,7,5,2,0,32.4,52.6,3,2,7.7,6.76,MEDIUM
2025-05-07 17:00:00,17,7,5,2,0,30.7,47.8,1,4,10.0,7.7,MEDIUM
2025-05-07 18:00:00,18,7,5,2,0,28.1,46.6,5,8,17.95,10.0,HIGH
2025-05-07 19:00:00,19,7,5,2,0,29.1,51.3,5,8,21.65,17.95,HIGH
2025-05-07 20:00:00,20,7,5,2,0,29.1,57.5,4,2,16.65,21.65,HIGH
2025-05-07 21:00:00,21,7,5,2,0,20.9,59.6,4,1,12.15,16.65,HIGH
2025-05-07 22:00:00,22,7,5,2,0,27.6,54.0,4,4,10.4,12.15,MEDIUM
2025-05-07 23:00:00,23,7,5,2,0,22.7,60.1,2,1,7.56,10.4,MEDIUM
2025-05-08 00:00:00,0,8,5,3,0,23.5,64.8,2,3,5.67,7.56,LOW
2025-05-08 01:00:00,1,8,5,3,0,24.7,60.5,2,1,3.94,5.67,LOW
2025-05-08 02:00:00,2,8,5,3,0,17.7,60.2,2,3,3.79,3.94,LOW
2025-05-08 03:00:00,3,8,5,3,0,19.2,65.9,4,3,3.25,3.79,LOW
2025-05-08 04:00:00,4,8,5,3,0,20.4,54.1,2,1,2.06,3.25,LOW
2025-05-08 05:00:00,5,8,5,3,0,19.7,58.8,4,2,2.73,2.06,LOW
2025-05-08 06:00:00,6,8,5,3,0,26.8,56.1,3,0,2.63,2.73,LOW
2025-05-08 07:00:00,7,8,5,3,0,21.4,52.0,6,5,6.61,2.63,MEDIUM
2025-05-08 08:00:00,8,8,5,3,0,23.3,56.2,5,0,6.28,6.61,MEDIUM
2025-05-08 09:00:00,9,8,5,3,0,26.5,45.0,2,3,6.84,6.28,MEDIUM
2025-05-08 10:00:00,10,8,5,3,0,24.3,69.8,2,2,6.19,6.84,LOW
2025-05-08 11:00:00,11,8,5,3,0,27.5,51.4,3,1,5.89,6.19,LOW
2025-05-08 12:00:00,12,8,5,3,0,30.3,65.4,1,2,5.82,5.89,LOW
2025-05-08 13:00:00,13,8,5,3,0,29.5,56.4,1,3,6.94,5.82,MEDIUM
2025-05-08 14:00:00,14,8,5,3,0,30.6,59.1,3,1,6.99,6.94,MEDIUM
2025-05-08 15:00:00,15,8,5,3,0,29.7,53.2,2,2,7.16,6.99,MEDIUM
2025-05-08 16:00:00,16,8,5,3,0,27.0,58.4,2,1,6.23,7.16,MEDIUM
2025-05-08 17:00:00,17,8,5,3,0,31.1,59.5,4,6,13.96,6.23,HIGH
2025-05-08 18:00:00,18,8,5,3,0,33.9,58.4,5,5,17.55,13.96,HIGH
2025-05-08 19:00:00,19,8,5,3,0,28.5,61.2,4,2,14.03,17.55,HIGH
2025-05-08 20:00:00,20,8,5,3,0,27.9,54.6,4,3,13.82,14.03,HIGH
2025-05-08 21:00:00,21,8,5,3,0,27.7,54.0,4,3,14.22,13.82,HIGH
2025-05-08 22:00:00,22,8,5,3,0,21.5,49.8,5,4,11.36,14.22,HIGH
2025-05-08 23:00:00,23,8,5,3,0,27.8,60.0,3,0,6.54,11.36,MEDIUM
2025-05-09 00:00:00,0,9,5,4,0,23.0,65.3,2,3,5.06,6.54,LOW
2025-05-09 01:00:00,1,9,5,4,0,25.7,67.4,2,3,3.62,5.06,LOW
2025-05-09 02:00:00,2,9,5,4,0,19.3,62.1,2,1,1.97,3.62,LOW
2025-05-09 03:00:00,3,9,5,4,0,25.5,53.2,4,2,2.15,1.97,LOW
2025-05-09 04:00:00,4,9,5,4,0,23.1,48.6,3,1,1.24,2.15,LOW
2025-05-09 05:00:00,5,9,5,4,0,23.1,65.0,2,5,2.73,1.24,LOW
2025-05-09 06:00:00,6,9,5,4,0,23.0,48.0,3,2,3.49,2.73,LOW
2025-05-09 07:00:00,7,9,5,4,0,22.9,56.8,6,1,4.51,3.49,LOW
2025-05-09 08:00:00,8,9,5,4,0,27.7,55.6,5,3,7.96,4.51,MEDIUM
2025-05-09 09:00:00,9,9,5,4,0,26.4,57.0,1,2,6.24,7.96,MEDIUM
2025-05-09 10:00:00,10,9,5,4,0,22.4,59.3,2,1,5.0,6.24,LOW
2025-05-09 11:00:00,11,9,5,4,0,25.7,58.5,2,2,5.1,5.0,LOW
2025-05-09 12:00:00,12,9,5,4,0,29.1,41.9,1,2,5.94,5.1,LOW
2025-05-09 13:00:00,13,9,5,4,0,31.1,55.6,1,2,6.39,5.94,MEDIUM
2025-05-09 14:00:00,14,9,5,4,0,30.7,42.3,3,1,6.93,6.39,MEDIUM
2025-05-09 15:00:00,15,9,5,4,0,34.0,58.8,2,3,8.4,6.93,MEDIUM
2025-05-09 16:00:00,16,9,5,4,0,26.0,54.3,1,1,6.19,8.4,LOW
2025-05-09 17:00:00,17,9,5,4,0,30.7,42.8,1,4,9.66,6.19,MEDIUM
2025-05-09 18:00:00,18,9,5,4,0,25.0,53.1,6,5,14.72,9.66,HIGH
2025-05-09 19:00:00,19,9,5,4,0,30.4,52.4,4,3,14.83,14.72,HIGH
2025-05-09 20:00:00,20,9,5,4,0,27.1,64.3,7,6,18.6,14.83,HIGH
2025-05-09 21:00:00,21,9,5,4,0,27.0,58.4,6,3,17.1,18.6,HIGH
2025-05-09 22:00:00,22,9,5,4,0,22.5,61.1,5,3,11.54,17.1,HIGH
2025-05-09 23:00:00,23,9,5,4,0,26.7,64.4,2,1,6.92,11.54,MEDIUM
2025-05-10 00:00:00,0,10,5,5,1,25.1,57.4,5,2,7.56,6.92,MEDIUM
2025-05-10 01:00:00,1,10,5,5,1,23.1,63.3,3,5,6.54,7.56,MEDIUM
2025-05-10 02:00:00,2,10,5,5,1,20.8,63.8,2,8,6.84,6.54,MEDIUM
2025-05-10 03:00:00,3,10,5,5,1,22.4,51.3,3,4,5.39,6.84,LOW
2025-05-10 04:00:00,4,10,5,5,1,19.4,69.1,2,3,4.05,5.39,LOW
2025-05-10 05:00:00,5,10,5,5,1,23.8,50.0,3,3,4.22,4.05,LOW
2025-05-10 06:00:00,6,10,5,5,1,26.6,62.9,5,3,6.59,4.22,MEDIUM
2025-05-10 07:00:00,7,10,5,5,1,26.2,48.4,4,5,9.38,6.59,MEDIUM
2025-05-10 08:00:00,8,10,5,5,1,22.9,62.4,6,1,9.35,9.38,MEDIUM
2025-05-10 09:00:00,9,10,5,5,1,26.9,68.4,5,3,11.18,9.35,HIGH
2025-05-10 10:00:00,10,10,5,5,1,24.1,57.1,4,5,12.43,11.18,HIGH
2025-05-10 11:00:00,11,10,5,5,1,29.9,54.5,6,5,15.55,12.43,HIGH
2025-05-10 12:00:00,12,10,5,5,1,30.7,59.4,6,4,15.87,15.55,HIGH
2025-05-10 13:00:00,13,10,5,5,1,25.7,55.7,5,2,12.83,15.87,HIGH
2025-05-10 14:00:00,14,10,5,5,1,27.9,67.7,5,3,12.99,12.83,HIGH
2025-05-10 15:00:00,15,10,5,5,1,30.3,57.0,5,5,15.17,12.99,HIGH
2025-05-10 16:00:00,16,10,5,5,1,30.1,54.0,5,3,13.47,15.17,HIGH
2025-05-10 17:00:00,17,10,5,5,1,27.3,53.8,5,9,23.19,13.47,HIGH
2025-05-10 18:00:00,18,10,5,5,1,30.5,50.2,5,6,24.46,23.19,HIGH
2025-05-10 19:00:00,19,10,5,5,1,29.1,52.6,5,6,23.74,24.46,HIGH
2025-05-10 20:00:00,20,10,5,5,1,26.8,55.2,7,4,22.42,23.74,HIGH
2025-05-10 21:00:00,21,10,5,5,1,24.1,55.4,4,3,17.58,22.42,HIGH
2025-05-10 22:00:00,22,10,5,5,1,27.3,53.1,4,3,12.79,17.58,HIGH
2025-05-10 23:00:00,23,10,5,5,1,27.6,69.6,5,2,10.48,12.79,MEDIUM
2025-05-11 00:00:00,0,11,5,6,1,21.3,53.3,4,3,8.54,10.48,MEDIUM
2025-05-11 01:00:00,1,11,5,6,1,20.1,60.8,2,4,6.72,8.54,MEDIUM
2025-05-11 02:00:00,2,11,5,6,1,22.4,62.6,3,5,5.54,6.72,LOW
2025-05-11 03:00:00,3,11,5,6,1,20.1,63.7,3,3,5.09,5.54,LOW
2025-05-11 04:00:00,4,11,5,6,1,20.8,59.3,5,2,4.2,5.09,LOW
2025-05-11 05:00:00,5,11,5,6,1,23.5,57.2,2,5,4.66,4.2,LOW
2025-05-11 06:00:00,6,11,5,6,1,17.7,63.6,5,4,7.62,4.66,MEDIUM
2025-05-11 07:00:00,7,11,5,6,1,26.8,58.9,4,5,9.03,7.62,MEDIUM
2025-05-11 08:00:00,8,11,5,6,1,24.9,56.5,4,7,13.81,9.03,HIGH
2025-05-11 09:00:00,9,11,5,6,1,25.0,48.6,4,4,13.12,13.81,HIGH
2025-05-11 10:00:00,10,11,5,6,1,27.1,54.4,6,2,12.95,13.12,HIGH
2025-05-11 11:00:00,11,11,5,6,1,28.4,49.8,7,5,15.89,12.95,HIGH
2025-05-11 12:00:00,12,11,5,6,1,25.2,53.9,4,2,12.19,15.89,HIGH
2025-05-11 13:00:00,13,11,5,6,1,34.1,54.6,6,4,15.57,12.19,HIGH
2025-05-11 14:00:00,14,11,5,6,1,30.9,57.8,8,3,16.0,15.57,HIGH
2025-05-11 15:00:00,15,11,5,6,1,32.1,65.8,4,9,19.46,16.0,HIGH
2025-05-11 16:00:00,16,11,5,6,1,33.2,51.5,4,1,14.38,19.46,HIGH
2025-05-11 17:00:00,17,11,5,6,1,27.8,61.5,4,7,19.69,14.38,HIGH
2025-05-11 18:00:00,18,11,5,6,1,30.7,57.6,4,8,23.85,19.69,HIGH
2025-05-11 19:00:00,19,11,5,6,1,27.8,64.7,5,2,19.11,23.85,HIGH
2025-05-11 20:00:00,20,11,5,6,1,29.4,59.7,6,5,21.45,19.11,HIGH
2025-05-11 21:00:00,21,11,5,6,1,20.7,53.7,5,7,23.13,21.45,HIGH
2025-05-11 22:00:00,22,11,5,6,1,24.5,47.9,5,6,17.26,23.13,HIGH
2025-05-11 23:00:00,23,11,5,6,1,22.0,61.1,3,1,9.78,17.26,MEDIUM
2025-05-12 00:00:00,0,12,5,0,0,23.5,55.4,2,0,5.55,9.78,LOW
2025-05-12 01:00:00,1,12,5,0,0,22.8,53.0,2,1,3.35,5.55,LOW
2025-05-12 02:00:00,2,12,5,0,0,19.4,52.6,4,1,2.59,3.35,LOW
2025-05-12 03:00:00,3,12,5,0,0,19.2,61.3,2,5,2.72,2.59,LOW
2025-05-12 04:00:00,4,12,5,0,0,20.9,68.7,3,4,2.84,2.72,LOW
2025-05-12 05:00:00,5,12,5,0,0,19.4,57.8,4,3,2.91,2.84,LOW
2025-05-12 06:00:00,6,12,5,0,0,24.6,61.7,2,1,3.42,2.91,LOW
2025-05-12 07:00:00,7,12,5,0,0,22.6,58.3,5,1,4.35,3.42,LOW
2025-05-12 08:00:00,8,12,5,0,0,17.4,53.3,6,1,7.06,4.35,MEDIUM
2025-05-12 09:00:00,9,12,5,0,0,25.1,62.4,1,0,3.92,7.06,LOW
2025-05-12 10:00:00,10,12,5,0,0,24.7,51.6,2,3,5.49,3.92,LOW
2025-05-12 11:00:00,11,12,5,0,0,24.4,58.4,2,1,4.62,5.49,LOW
2025-05-12 12:00:00,12,12,5,0,0,26.4,55.4,1,2,4.86,4.62,LOW
2025-05-12 13:00:00,13,12,5,0,0,30.6,61.1,2,0,4.81,4.86,LOW
2025-05-12 14:00:00,14,12,5,0,0,34.2,48.0,1,2,6.49,4.81,MEDIUM
2025-05-12 15:00:00,15,12,5,0,0,31.8,57.6,1,1,6.3,6.49,MEDIUM
2025-05-12 16:00:00,16,12,5,0,0,29.3,51.2,3,0,4.97,6.3,LOW
2025-05-12 17:00:00,17,12,5,0,0,31.5,52.3,2,2,8.51,4.97,MEDIUM
2025-05-12 18:00:00,18,12,5,0,0,28.4,34.8,4,6,13.99,8.51,HIGH
2025-05-12 19:00:00,19,12,5,0,0,26.8,69.8,6,3,15.04,13.99,HIGH
2025-05-12 20:00:00,20,12,5,0,0,24.4,61.5,4,8,18.87,15.04,HIGH
2025-05-12 21:00:00,21,12,5,0,0,21.6,54.8,4,6,18.35,18.87,HIGH
2025-05-12 22:00:00,22,12,5,0,0,23.7,51.8,5,5,13.87,18.35,HIGH
2025-05-12 23:00:00,23,12,5,0,0,23.9,55.5,2,2,8.84,13.87,MEDIUM
2025-05-13 00:00:00,0,13,5,1,0,22.2,63.4,2,0,5.22,8.84,LOW
2025-05-13 01:00:00,1,13,5,1,0,20.6,48.4,3,1,3.71,5.22,LOW
2025-05-13 02:00:00,2,13,5,1,0,18.8,59.6,2,5,3.33,3.71,LOW
2025-05-13 03:00:00,3,13,5,1,0,22.5,69.6,3,1,2.38,3.33,LOW
2025-05-13 04:00:00,4,13,5,1,0,17.9,54.0,3,4,2.74,2.38,LOW
2025-05-13 05:00:00,5,13,5,1,0,23.6,59.0,2,2,1.59,2.74,LOW
2025-05-13 06:00:00,6,13,5,1,0,20.0,73.2,2,0,1.57,1.59,LOW
2025-05-13 07:00:00,7,13,5,1,0,21.6,63.2,6,0,3.11,1.57,LOW
2025-05-13 08:00:00,8,13,5,1,0,21.0,60.4,4,1,4.51,3.11,LOW
2025-05-13 09:00:00,9,13,5,1,0,24.7,61.2,1,2,4.88,4.51,LOW
2025-05-13 10:00:00,10,13,5,1,0,29.7,53.7,4,1,6.26,4.88,MEDIUM
2025-05-13 11:00:00,11,13,5,1,0,29.8,63.9,1,2,6.53,6.26,MEDIUM
2025-05-13 12:00:00,12,13,5,1,0,32.0,52.8,2,2,6.72,6.53,MEDIUM
2025-05-13 13:00:00,13,13,5,1,0,31.6,43.6,2,3,7.85,6.72,MEDIUM
2025-05-13 14:00:00,14,13,5,1,0,28.1,54.4,1,1,5.76,7.85,LOW
2025-05-13 15:00:00,15,13,5,1,0,30.2,50.1,1,0,4.91,5.76,LOW
2025-05-13 16:00:00,16,13,5,1,0,28.9,54.8,2,1,5.29,4.91,LOW
2025-05-13 17:00:00,17,13,5,1,0,33.7,53.0,4,5,13.08,5.29,HIGH
2025-05-13 18:00:00,18,13,5,1,0,26.5,64.6,5,4,14.34,13.08,HIGH
2025-05-13 19:00:00,19,13,5,1,0,30.7,59.9,5,3,15.42,14.34,HIGH
2025-05-13 20:00:00,20,13,5,1,0,29.5,57.8,4,8,19.74,15.42,HIGH
2025-05-13 21:00:00,21,13,5,1,0,30.6,55.7,4,3,16.17,19.74,HIGH
2025-05-13 22:00:00,22,13,5,1,0,23.7,52.2,6,3,12.02,16.17,HIGH
2025-05-13 23:00:00,23,13,5,1,0,25.3,44.8,3,0,7.18,12.02,MEDIUM
2025-05-14 00:00:00,0,14,5,2,0,28.2,57.4,2,3,6.41,7.18,MEDIUM
2025-05-14 01:00:00,1,14,5,2,0,20.1,64.7,3,1,3.86,6.41,LOW
2025-05-14 02:00:00,2,14,5,2,0,17.3,60.4,2,4,3.19,3.86,LOW
2025-05-14 03:00:00,3,14,5,2,0,16.3,58.3,5,1,3.48,3.19,LOW
2025-05-14 04:00:00,4,14,5,2,0,23.0,61.6,2,2,3.0,3.48,LOW
2025-05-14 05:00:00,5,14,5,2,0,17.0,60.7,2,1,1.92,3.0,LOW
2025-05-14 06:00:00,6,14,5,2,0,21.5,69.5,3,1,3.02,1.92,LOW
2025-05-14 07:00:00,7,14,5,2,0,24.6,65.6,4,3,4.84,3.02,LOW
2025-05-14 08:00:00,8,14,5,2,0,25.2,63.7,4,3,6.93,4.84,MEDIUM
2025-05-14 09:00:00,9,14,5,2,0,27.1,61.7,2,1,6.44,6.93,MEDIUM
2025-05-14 10:00:00,10,14,5,2,0,27.8,49.1,1,4,7.45,6.44,MEDIUM
2025-05-14 11:00:00,11,14,5,2,0,31.7,59.3,2,3,8.13,7.45,MEDIUM
2025-05-14 12:00:00,12,14,5,2,0,27.2,59.4,1,1,5.46,8.13,LOW
2025-05-14 13:00:00,13,14,5,2,0,28.6,60.2,1,3,6.39,5.46,MEDIUM
2025-05-14 14:00:00,14,14,5,2,0,28.9,59.4,2,1,5.19,6.39,LOW
2025-05-14 15:00:00,15,14,5,2,0,33.1,57.5,1,1,5.43,5.19,LOW
2025-05-14 16:00:00,16,14,5,2,0,33.1,71.0,1,2,6.89,5.43,MEDIUM
2025-05-14 17:00:00,17,14,5,2,0,31.5,54.9,2,4,11.05,6.89,HIGH
2025-05-14 18:00:00,18,14,5,2,0,32.5,60.6,6,6,18.02,11.05,HIGH
2025-05-14 19:00:00,19,14,5,2,0,25.6,54.9,4,9,22.0,18.02,HIGH
2025-05-14 20:00:00,20,14,5,2,0,31.5,60.1,7,4,21.35,22.0,HIGH
2025-05-14 21:00:00,21,14,5,2,0,29.8,61.7,4,5,19.08,21.35,HIGH
2025-05-14 22:00:00,22,14,5,2,0,26.5,59.6,5,4,13.82,19.08,HIGH
2025-05-14 23:00:00,23,14,5,2,0,28.0,66.8,3,2,9.41,13.82,MEDIUM
2025-05-15 00:00:00,0,15,5,3,0,18.3,55.4,2,4,7.64,9.41,MEDIUM
2025-05-15 01:00:00,1,15,5,3,0,20.4,56.9,2,2,4.72,7.64,LOW
2025-05-15 02:00:00,2,15,5,3,0,19.3,61.6,2,3,3.47,4.72,LOW
2025-05-15 03:00:00,3,15,5,3,0,22.8,64.2,4,0,3.23,3.47,LOW
2025-05-15 04:00:00,4,15,5,3,0,18.5,61.7,3,1,1.98,3.23,LOW
2025-05-15 05:00:00,5,15,5,3,0,23.6,66.3,2,0,1.76,1.98,LOW
2025-05-15 06:00:00,6,15,5,3,0,25.9,53.7,2,5,5.03,1.76,LOW
2025-05-15 07:00:00,7,15,5,3,0,25.2,51.1,4,1,5.07,5.03,LOW
2025-05-15 08:00:00,8,15,5,3,0,25.4,59.7,6,0,6.16,5.07,LOW
2025-05-15 09:00:00,9,15,5,3,0,23.5,58.1,2,3,7.16,6.16,MEDIUM
2025-05-15 10:00:00,10,15,5,3,0,25.2,61.2,1,1,5.44,7.16,LOW
2025-05-15 11:00:00,11,15,5,3,0,31.6,55.2,1,3,6.66,5.44,MEDIUM
2025-05-15 12:00:00,12,15,5,3,0,31.5,53.4,2,0,6.07,6.66,LOW
2025-05-15 13:00:00,13,15,5,3,0,30.2,55.5,1,2,6.31,6.07,MEDIUM
2025-05-15 14:00:00,14,15,5,3,0,29.8,56.3,2,2,6.62,6.31,MEDIUM
2025-05-15 15:00:00,15,15,5,3,0,25.9,55.8,1,1,4.4,6.62,LOW
2025-05-15 16:00:00,16,15,5,3,0,28.2,55.5,3,0,4.98,4.4,LOW
2025-05-15 17:00:00,17,15,5,3,0,35.1,51.5,2,4,10.35,4.98,MEDIUM
2025-05-15 18:00:00,18,15,5,3,0,26.3,62.6,6,6,16.44,10.35,HIGH
2025-05-15 19:00:00,19,15,5,3,0,29.0,57.6,4,2,14.45,16.44,HIGH
2025-05-15 20:00:00,20,15,5,3,0,29.8,69.6,5,8,19.93,14.45,HIGH
2025-05-15 21:00:00,21,15,5,3,0,22.9,59.8,4,4,17.01,19.93,HIGH
2025-05-15 22:00:00,22,15,5,3,0,25.2,54.6,5,6,13.19,17.01,HIGH
2025-05-15 23:00:00,23,15,5,3,0,25.8,73.7,2,0,7.85,13.19,MEDIUM
2025-05-16 00:00:00,0,16,5,4,0,22.5,61.5,4,2,7.25,7.85,MEDIUM
2025-05-16 01:00:00,1,16,5,4,0,28.8,62.4,4,0,4.89,7.25,LOW
2025-05-16 02:00:00,2,16,5,4,0,17.0,64.8,3,2,3.82,4.89,LOW
2025-05-16 03:00:00,3,16,5,4,0,23.6,62.3,3,0,2.83,3.82,LOW
2025-05-16 04:00:00,4,16,5,4,0,20.7,62.9,2,0,1.73,2.83,LOW
2025-05-16 05:00:00,5,16,5,4,0,23.6,51.9,6,2,2.38,1.73,LOW
2025-05-16 06:00:00,6,16,5,4,0,23.6,60.8,5,2,4.31,2.38,LOW
2025-05-16 07:00:00,7,16,5,4,0,21.7,51.4,5,2,6.24,4.31,MEDIUM
2025-05-16 08:00:00,8,16,5,4,0,25.3,56.8,4,0,5.25,6.24,LOW
2025-05-16 09:00:00,9,16,5,4,0,21.4,55.1,2,2,5.77,5.25,LOW
2025-05-16 10:00:00,10,16,5,4,0,28.8,58.6,1,1,5.03,5.77,LOW
2025-05-16 11:00:00,11,16,5,4,0,29.2,58.3,5,0,6.17,5.03,LOW
2025-05-16 12:00:00,12,16,5,4,0,31.1,58.4,1,1,6.2,6.17,LOW
2025-05-16 13:00:00,13,16,5,4,0,33.0,56.5,1,1,5.95,6.2,LOW
2025-05-16 14:00:00,14,16,5,4,0,31.7,51.7,2,0,5.72,5.95,LOW
2025-05-16 15:00:00,15,16,5,4,0,31.4,53.9,2,3,8.44,5.72,MEDIUM
2025-05-16 16:00:00,16,16,5,4,0,28.6,62.1,1,1,6.16,8.44,LOW
2025-05-16 17:00:00,17,16,5,4,0,28.5,63.0,2,4,9.94,6.16,MEDIUM
2025-05-16 18:00:00,18,16,5,4,0,32.5,48.1,5,6,16.85,9.94,HIGH
2025-05-16 19:00:00,19,16,5,4,0,32.1,46.0,5,4,17.46,16.85,HIGH
2025-05-16 20:00:00,20,16,5,4,0,26.7,53.0,5,3,15.88,17.46,HIGH
2025-05-16 21:00:00,21,16,5,4,0,26.1,63.8,4,3,14.52,15.88,HIGH
2025-05-16 22:00:00,22,16,5,4,0,22.4,66.3,7,4,12.31,14.52,HIGH
2025-05-16 23:00:00,23,16,5,4,0,26.4,51.9,3,1,7.95,12.31,MEDIUM
2025-05-17 00:00:00,0,17,5,5,1,24.1,60.2,2,0,3.84,7.95,LOW
2025-05-17 01:00:00,1,17,5,5,1,26.5,68.4,3,2,3.03,3.84,LOW
2025-05-17 02:00:00,2,17,5,5,1,19.0,62.9,4,1,3.52,3.03,LOW
2025-05-17 03:00:00,3,17,5,5,1,20.1,68.5,2,3,2.98,3.52,LOW
2025-05-17 04:00:00,4,17,5,5,1,21.7,65.3,3,3,3.71,2.98,LOW
2025-05-17 05:00:00,5,17,5,5,1,23.3,53.2,5,2,3.36,3.71,LOW
2025-05-17 06:00:00,6,17,5,5,1,21.9,58.1,3,6,6.88,3.36,MEDIUM
2025-05-17 07:00:00,7,17,5,5,1,21.3,59.7,5,5,9.34,6.88,MEDIUM
2025-05-17 08:00:00,8,17,5,5,1,26.9,57.9,5,2,10.78,9.34,MEDIUM
2025-05-17 09:00:00,9,17,5,5,1,27.8,62.4,5,5,13.99,10.78,HIGH
2025-05-17 10:00:00,10,17,5,5,1,25.0,60.5,6,2,12.77,13.99,HIGH
2025-05-17 11:00:00,11,17,5,5,1,31.9,37.6,4,5,14.26,12.77,HIGH
2025-05-17 12:00:00,12,17,5,5,1,32.5,47.1,6,7,17.9,14.26,HIGH
2025-05-17 13:00:00,13,17,5,5,1,30.7,42.6,7,5,18.65,17.9,HIGH
2025-05-17 14:00:00,14,17,5,5,1,31.0,56.7,5,4,17.03,18.65,HIGH
2025-05-17 15:00:00,15,17,5,5,1,32.4,56.5,6,4,17.14,17.03,HIGH
2025-05-17 16:00:00,16,17,5,5,1,28.7,58.2,5,2,14.85,17.14,HIGH
2025-05-17 17:00:00,17,17,5,5,1,30.4,50.1,5,4,17.23,14.85,HIGH
2025-05-17 18:00:00,18,17,5,5,1,24.2,62.4,4,3,15.22,17.23,HIGH
2025-05-17 19:00:00,19,17,5,5,1,30.7,60.0,5,4,18.59,15.22,HIGH
2025-05-17 20:00:00,20,17,5,5,1,23.4,51.1,7,3,18.7,18.59,HIGH
2025-05-17 21:00:00,21,17,5,5,1,29.8,47.3,6,3,18.65,18.7,HIGH
2025-05-17 22:00:00,22,17,5,5,1,23.9,58.4,6,3,12.78,18.65,HIGH
2025-05-17 23:00:00,23,17,5,5,1,23.0,69.6,2,2,8.25,12.78,MEDIUM
2025-05-18 00:00:00,0,18,5,6,1,20.9,69.8,2,4,7.32,8.25,MEDIUM
2025-05-18 01:00:00,1,18,5,6,1,20.9,63.0,4,3,5.35,7.32,LOW
2025-05-18 02:00:00,2,18,5,6,1,24.7,53.7,4,4,5.82,5.35,LOW
2025-05-18 03:00:00,3,18,5,6,1,14.8,67.4,3,8,6.2,5.82,LOW
2025-05-18 04:00:00,4,18,5,6,1,24.4,55.5,2,4,4.65,6.2,LOW
2025-05-18 05:00:00,5,18,5,6,1,22.5,54.4,4,4,4.97,4.65,LOW
2025-05-18 06:00:00,6,18,5,6,1,19.4,47.4,2,6,7.57,4.97,MEDIUM
2025-05-18 07:00:00,7,18,5,6,1,20.8,60.3,4,4,8.8,7.57,MEDIUM
2025-05-18 08:00:00,8,18,5,6,1,28.9,52.7,4,1,9.08,8.8,MEDIUM
2025-05-18 09:00:00,9,18,5,6,1,23.6,59.1,5,3,10.26,9.08,MEDIUM
2025-05-18 10:00:00,10,18,5,6,1,24.4,44.4,5,1,9.47,10.26,MEDIUM
2025-05-18 11:00:00,11,18,5,6,1,31.3,56.5,7,3,13.35,9.47,HIGH
2025-05-18 12:00:00,12,18,5,6,1,30.4,41.3,4,3,12.3,13.35,HIGH
2025-05-18 13:00:00,13,18,5,6,1,28.0,63.3,6,1,12.28,12.3,HIGH
2025-05-18 14:00:00,14,18,5,6,1,31.4,58.6,4,3,12.25,12.28,HIGH
2025-05-18 15:00:00,15,18,5,6,1,28.4,55.0,6,2,12.44,12.25,HIGH
2025-05-18 16:00:00,16,18,5,6,1,33.6,57.9,4,2,12.02,12.44,HIGH
2025-05-18 17:00:00,17,18,5,6,1,33.0,48.9,7,1,15.32,12.02,HIGH
2025-05-18 18:00:00,18,18,5,6,1,30.9,56.1,6,7,22.57,15.32,HIGH
2025-05-18 19:00:00,19,18,5,6,1,29.4,61.0,4,10,27.44,22.57,HIGH
2025-05-18 20:00:00,20,18,5,6,1,31.7,36.8,6,8,29.16,27.44,HIGH
2025-05-18 21:00:00,21,18,5,6,1,26.0,54.9,7,2,22.9,29.16,HIGH
2025-05-18 22:00:00,22,18,5,6,1,21.8,59.1,6,6,17.22,22.9,HIGH
2025-05-18 23:00:00,23,18,5,6,1,24.6,57.0,3,4,12.03,17.22,HIGH
2025-05-19 00:00:00,0,19,5,0,0,27.7,65.7,3,3,8.48,12.03,MEDIUM
2025-05-19 01:00:00,1,19,5,0,0,19.1,53.6,2,2,5.08,8.48,LOW
2025-05-19 02:00:00,2,19,5,0,0,20.3,56.2,4,1,4.14,5.08,LOW
2025-05-19 03:00:00,3,19,5,0,0,22.0,47.7,3,1,2.88,4.14,LOW
2025-05-19 04:00:00,4,19,5,0,0,21.0,68.7,2,1,2.81,2.88,LOW
2025-05-19 05:00:00,5,19,5,0,0,19.2,58.8,3,1,1.98,2.81,LOW
2025-05-19 06:00:00,6,19,5,0,0,25.3,55.2,2,2,2.81,1.98,LOW
2025-05-19 07:00:00,7,19,5,0,0,29.3,56.0,4,2,5.44,2.81,LOW
2025-05-19 08:00:00,8,19,5,0,0,25.2,61.7,4,0,5.22,5.44,LOW
2025-05-19 09:00:00,9,19,5,0,0,23.7,60.6,1,2,4.51,5.22,LOW
2025-05-19 10:00:00,10,19,5,0,0,23.4,74.5,2,2,5.33,4.51,LOW
2025-05-19 11:00:00,11,19,5,0,0,29.1,59.1,1,1,5.03,5.33,LOW
2025-05-19 12:00:00,12,19,5,0,0,32.3,52.3,1,1,5.62,5.03,LOW
2025-05-19 13:00:00,13,19,5,0,0,31.5,52.0,3,1,6.45,5.62,MEDIUM
2025-05-19 14:00:00,14,19,5,0,0,30.8,53.3,1,3,6.79,6.45,MEDIUM
2025-05-19 15:00:00,15,19,5,0,0,29.5,47.2,3,0,5.9,6.79,LOW
2025-05-19 16:00:00,16,19,5,0,0,28.1,57.0,2,0,4.79,5.9,LOW
2025-05-19 17:00:00,17,19,5,0,0,32.4,59.7,1,7,12.69,4.79,HIGH
2025-05-19 18:00:00,18,19,5,0,0,31.8,51.6,4,3,13.33,12.69,HIGH
2025-05-19 19:00:00,19,19,5,0,0,24.6,53.3,4,5,14.59,13.33,HIGH
2025-05-19 20:00:00,20,19,5,0,0,31.3,64.6,5,4,16.49,14.59,HIGH
2025-05-19 21:00:00,21,19,5,0,0,27.4,48.5,6,4,17.73,16.49,HIGH
2025-05-19 22:00:00,22,19,5,0,0,28.2,44.3,5,5,13.45,17.73,HIGH
2025-05-19 23:00:00,23,19,5,0,0,20.1,53.0,3,0,7.28,13.45,MEDIUM
2025-05-20 00:00:00,0,20,5,1,0,19.0,51.2,4,3,7.17,7.28,MEDIUM
2025-05-20 01:00:00,1,20,5,1,0,21.3,61.8,2,3,3.91,7.17,LOW
2025-05-20 02:00:00,2,20,5,1,0,22.4,56.9,2,2,2.74,3.91,LOW
2025-05-20 03:00:00,3,20,5,1,0,25.5,56.5,3,1,2.63,2.74,LOW
2025-05-20 04:00:00,4,20,5,1,0,22.9,65.8,2,0,1.89,2.63,LOW
2025-05-20 05:00:00,5,20,5,1,0,21.1,55.4,4,1,2.24,1.89,LOW
2025-05-20 06:00:00,6,20,5,1,0,19.9,64.7,4,0,2.37,2.24,LOW
2025-05-20 07:00:00,7,20,5,1,0,26.6,66.4,5,2,4.43,2.37,LOW
2025-05-20 08:00:00,8,20,5,1,0,22.3,56.3,9,4,11.11,4.43,HIGH
2025-05-20 09:00:00,9,20,5,1,0,30.1,60.4,1,2,8.43,11.11,MEDIUM
2025-05-20 10:00:00,10,20,5,1,0,26.6,55.9,1,3,7.42,8.43,MEDIUM
2025-05-20 11:00:00,11,20,5,1,0,32.5,60.5,1,2,6.9,7.42,MEDIUM
2025-05-20 12:00:00,12,20,5,1,0,31.2,46.1,2,3,8.11,6.9,MEDIUM
2025-05-20 13:00:00,13,20,5,1,0,30.0,46.1,1,2,6.92,8.11,MEDIUM
2025-05-20 14:00:00,14,20,5,1,0,29.5,53.9,5,2,9.07,6.92,MEDIUM
2025-05-20 15:00:00,15,20,5,1,0,30.1,50.6,4,3,9.68,9.07,MEDIUM
2025-05-20 16:00:00,16,20,5,1,0,31.9,52.1,3,1,8.75,9.68,MEDIUM
2025-05-20 17:00:00,17,20,5,1,0,30.5,54.5,4,9,18.57,8.75,HIGH
2025-05-20 18:00:00,18,20,5,1,0,28.1,61.1,4,5,18.02,18.57,HIGH
2025-05-20 19:00:00,19,20,5,1,0,28.1,54.3,4,2,14.04,18.02,HIGH
2025-05-20 20:00:00,20,20,5,1,0,27.5,52.1,4,6,16.96,14.04,HIGH
2025-05-20 21:00:00,21,20,5,1,0,20.7,57.6,4,3,14.01,16.96,HIGH
2025-05-20 22:00:00,22,20,5,1,0,25.9,53.0,5,4,10.99,14.01,MEDIUM
2025-05-20 23:00:00,23,20,5,1,0,21.1,54.0,4,3,8.65,10.99,MEDIUM
2025-05-21 00:00:00,0,21,5,2,0,19.6,50.5,2,2,6.05,8.65,LOW
2025-05-21 01:00:00,1,21,5,2,0,17.5,61.4,4,2,4.21,6.05,LOW
2025-05-21 02:00:00,2,21,5,2,0,16.7,57.9,2,0,2.79,4.21,LOW
2025-05-21 03:00:00,3,21,5,2,0,17.6,66.8,2,1,2.21,2.79,LOW
2025-05-21 04:00:00,4,21,5,2,0,19.4,51.6,5,2,2.17,2.21,LOW
2025-05-21 05:00:00,5,21,5,2,0,26.6,54.1,2,0,2.07,2.17,LOW
2025-05-21 06:00:00,6,21,5,2,0,21.1,70.4,2,2,3.65,2.07,LOW
2025-05-21 07:00:00,7,21,5,2,0,23.9,52.8,4,1,4.36,3.65,LOW
2025-05-21 08:00:00,8,21,5,2,0,25.7,56.3,4,2,6.68,4.36,MEDIUM
2025-05-21 09:00:00,9,21,5,2,0,26.3,50.2,1,3,6.58,6.68,MEDIUM
2025-05-21 10:00:00,10,21,5,2,0,27.1,49.1,2,2,6.1,6.58,LOW
2025-05-21 11:00:00,11,21,5,2,0,25.5,67.1,2,2,6.15,6.1,LOW
2025-05-21 12:00:00,12,21,5,2,0,33.2,55.7,3,1,7.62,6.15,MEDIUM
2025-05-21 13:00:00,13,21,5,2,0,34.8,54.9,3,0,7.3,7.62,MEDIUM
2025-05-21 14:00:00,14,21,5,2,0,26.6,47.2,1,4,8.35,7.3,MEDIUM
2025-05-21 15:00:00,15,21,5,2,0,28.4,58.8,3,2,8.69,8.35,MEDIUM
2025-05-21 16:00:00,16,21,5,2,0,30.1,62.9,1,2,7.36,8.69,MEDIUM
2025-05-21 17:00:00,17,21,5,2,0,27.9,63.7,2,4,10.03,7.36,MEDIUM
2025-05-21 18:00:00,18,21,5,2,0,30.8,59.7,5,2,12.03,10.03,HIGH
2025-05-21 19:00:00,19,21,5,2,0,26.7,50.5,5,6,16.3,12.03,HIGH
2025-05-21 20:00:00,20,21,5,2,0,32.7,56.8,4,3,15.33,16.3,HIGH
2025-05-21 21:00:00,21,21,5,2,0,29.0,60.4,5,6,18.5,15.33,HIGH
2025-05-21 22:00:00,22,21,5,2,0,25.2,47.2,4,4,13.03,18.5,HIGH
2025-05-21 23:00:00,23,21,5,2,0,26.1,50.8,3,0,6.97,13.03,MEDIUM
2025-05-22 00:00:00,0,22,5,3,0,25.2,63.2,2,1,5.57,6.97,LOW
2025-05-22 01:00:00,1,22,5,3,0,20.3,65.1,2,2,3.5,5.57,LOW
2025-05-22 02:00:00,2,22,5,3,0,19.1,51.1,5,0,2.71,3.5,LOW
2025-05-22 03:00:00,3,22,5,3,0,21.2,64.3,3,3,3.03,2.71,LOW
2025-05-22 04:00:00,4,22,5,3,0,23.3,59.3,6,0,2.53,3.03,LOW
2025-05-22 05:00:00,5,22,5,3,0,22.0,63.9,3,0,1.73,2.53,LOW
2025-05-22 06:00:00,6,22,5,3,0,18.5,56.8,2,1,2.16,1.73,LOW
2025-05-22 07:00:00,7,22,5,3,0,21.5,63.3,4,1,3.48,2.16,LOW
2025-05-22 08:00:00,8,22,5,3,0,24.5,63.3,6,0,5.23,3.48,LOW
2025-05-22 09:00:00,9,22,5,3,0,25.8,55.6,3,1,5.63,5.23,LOW
2025-05-22 10:00:00,10,22,5,3,0,32.2,55.2,2,4,8.01,5.63,MEDIUM
2025-05-22 11:00:00,11,22,5,3,0,25.0,54.1,4,1,7.35,8.01,MEDIUM
2025-05-22 12:00:00,12,22,5,3,0,30.8,65.6,4,0,6.64,7.35,MEDIUM
2025-05-22 13:00:00,13,22,5,3,0,34.1,53.6,2,0,6.43,6.64,MEDIUM
2025-05-22 14:00:00,14,22,5,3,0,36.5,47.9,2,1,7.43,6.43,MEDIUM
2025-05-22 15:00:00,15,22,5,3,0,30.0,51.7,3,4,8.76,7.43,MEDIUM
2025-05-22 16:00:00,16,22,5,3,0,32.1,55.9,1,4,9.59,8.76,MEDIUM
2025-05-22 17:00:00,17,22,5,3,0,31.8,59.8,1,7,13.42,9.59,HIGH
2025-05-22 18:00:00,18,22,5,3,0,30.0,48.0,4,6,16.49,13.42,HIGH
2025-05-22 19:00:00,19,22,5,3,0,28.3,67.8,5,2,14.98,16.49,HIGH
2025-05-22 20:00:00,20,22,5,3,0,28.4,58.5,4,6,17.09,14.98,HIGH
2025-05-22 21:00:00,21,22,5,3,0,19.7,62.9,4,0,11.7,17.09,HIGH
2025-05-22 22:00:00,22,22,5,3,0,26.4,56.9,6,6,12.01,11.7,HIGH
2025-05-22 23:00:00,23,22,5,3,0,23.8,58.6,3,1,7.34,12.01,MEDIUM
2025-05-23 00:00:00,0,23,5,4,0,21.9,58.4,2,2,5.35,7.34,LOW
2025-05-23 01:00:00,1,23,5,4,0,26.8,63.4,3,0,3.9,5.35,LOW
2025-05-23 02:00:00,2,23,5,4,0,19.5,60.2,4,2,3.21,3.9,LOW
2025-05-23 03:00:00,3,23,5,4,0,20.0,64.6,4,2,2.42,3.21,LOW
2025-05-23 04:00:00,4,23,5,4,0,26.1,55.0,3,2,2.29,2.42,LOW
2025-05-23 05:00:00,5,23,5,4,0,19.6,61.3,4,1,2.39,2.29,LOW
2025-05-23 06:00:00,6,23,5,4,0,21.1,54.7,2,2,3.05,2.39,LOW
2025-05-23 07:00:00,7,23,5,4,0,23.1,66.1,4,2,5.3,3.05,LOW
2025-05-23 08:00:00,8,23,5,4,0,26.8,52.3,5,2,7.39,5.3,MEDIUM
2025-05-23 09:00:00,9,23,5,4,0,26.5,55.5,1,3,6.79,7.39,MEDIUM
2025-05-23 10:00:00,10,23,5,4,0,24.1,56.5,2,1,5.01,6.79,LOW
2025-05-23 11:00:00,11,23,5,4,0,27.2,55.0,1,6,8.71,5.01,MEDIUM
2025-05-23 12:00:00,12,23,5,4,0,28.0,61.1,2,0,5.95,8.71,LOW
2025-05-23 13:00:00,13,23,5,4,0,30.1,54.1,1,0,4.85,5.95,LOW
2025-05-23 14:00:00,14,23,5,4,0,31.9,63.6,1,1,5.55,4.85,LOW
2025-05-23 15:00:00,15,23,5,4,0,32.0,50.3,1,1,5.6,5.55,LOW
2025-05-23 16:00:00,16,23,5,4,0,26.4,58.5,2,2,6.08,5.6,LOW
2025-05-23 17:00:00,17,23,5,4,0,33.0,50.1,2,4,10.24,6.08,MEDIUM
2025-05-23 18:00:00,18,23,5,4,0,30.2,58.4,4,4,12.93,10.24,HIGH
2025-05-23 19:00:00,19,23,5,4,0,32.0,55.1,5,2,13.2,12.93,HIGH
2025-05-23 20:00:00,20,23,5,4,0,28.4,55.7,4,5,15.47,13.2,HIGH
2025-05-23 21:00:00,21,23,5,4,0,28.8,63.6,7,5,19.6,15.47,HIGH
2025-05-23 22:00:00,22,23,5,4,0,25.9,53.7,4,3,12.5,19.6,HIGH
2025-05-23 23:00:00,23,23,5,4,0,26.9,60.8,4,2,9.4,12.5,MEDIUM
2025-05-24 00:00:00,0,24,5,5,1,23.8,53.9,3,1,6.82,9.4,MEDIUM
2025-05-24 01:00:00,1,24,5,5,1,21.4,60.1,3,3,5.04,6.82,LOW
2025-05-24 02:00:00,2,24,5,5,1,26.9,50.1,3,3,4.35,5.04,LOW
2025-05-24 03:00:00,3,24,5,5,1,23.2,54.7,3,1,3.07,4.35,LOW
2025-05-24 04:00:00,4,24,5,5,1,22.6,58.5,3,6,4.23,3.07,LOW
2025-05-24 05:00:00,5,24,5,5,1,18.5,71.5,3,4,4.47,4.23,LOW
2025-05-24 06:00:00,6,24,5,5,1,19.2,60.9,3,2,5.38,4.47,LOW
2025-05-24 07:00:00,7,24,5,5,1,24.2,68.2,7,1,6.66,5.38,MEDIUM
2025-05-24 08:00:00,8,24,5,5,1,25.1,59.3,5,6,12.17,6.66,HIGH
2025-05-24 09:00:00,9,24,5,5,1,24.5,55.9,6,1,10.63,12.17,MEDIUM
2025-05-24 10:00:00,10,24,5,5,1,27.6,66.2,4,1,9.75,10.63,MEDIUM
2025-05-24 11:00:00,11,24,5,5,1,32.5,57.6,6,8,17.83,9.75,HIGH
2025-05-24 12:00:00,12,24,5,5,1,31.3,51.6,5,2,15.37,17.83,HIGH
2025-05-24 13:00:00,13,24,5,5,1,27.5,59.8,6,5,16.15,15.37,HIGH
2025-05-24 14:00:00,14,24,5,5,1,30.6,54.0,4,4,14.91,16.15,HIGH
2025-05-24 15:00:00,15,24,5,5,1,29.0,44.5,6,6,17.98,14.91,HIGH
2025-05-24 16:00:00,16,24,5,5,1,29.9,61.7,7,4,18.26,17.98,HIGH
2025-05-24 17:00:00,17,24,5,5,1,29.3,62.8,7,5,21.6,18.26,HIGH
2025-05-24 18:00:00,18,24,5,5,1,28.3,67.7,5,4,20.05,21.6,HIGH
2025-05-24 19:00:00,19,24,5,5,1,25.4,60.4,5,7,22.56,20.05,HIGH
2025-05-24 20:00:00,20,24,5,5,1,27.0,55.7,5,3,19.68,22.56,HIGH
2025-05-24 21:00:00,21,24,5,5,1,24.6,63.2,5,5,19.43,19.68,HIGH
2025-05-24 22:00:00,22,24,5,5,1,17.4,66.1,4,1,11.75,19.43,HIGH
2025-05-24 23:00:00,23,24,5,5,1,28.6,66.4,3,3,10.02,11.75,MEDIUM
2025-05-25 00:00:00,0,25,5,6,1,25.2,57.7,2,5,9.16,10.02,MEDIUM
2025-05-25 01:00:00,1,25,5,6,1,20.7,58.7,3,1,5.36,9.16,LOW
2025-05-25 02:00:00,2,25,5,6,1,21.2,55.2,2,3,4.62,5.36,LOW
2025-05-25 03:00:00,3,25,5,6,1,18.1,64.0,4,2,3.8,4.62,LOW
2025-05-25 04:00:00,4,25,5,6,1,25.4,48.6,2,6,5.0,3.8,LOW
2025-05-25 05:00:00,5,25,5,6,1,26.4,62.1,3,3,4.33,5.0,LOW
2025-05-25 06:00:00,6,25,5,6,1,22.9,62.4,3,2,4.63,4.33,LOW
2025-05-25 07:00:00,7,25,5,6,1,26.1,61.1,6,4,8.38,4.63,MEDIUM
2025-05-25 08:00:00,8,25,5,6,1,25.1,58.8,5,1,8.36,8.38,MEDIUM
2025-05-25 09:00:00,9,25,5,6,1,22.7,68.1,8,3,11.79,8.36,HIGH
2025-05-25 10:00:00,10,25,5,6,1,26.3,62.7,5,3,12.82,11.79,HIGH
2025-05-25 11:00:00,11,25,5,6,1,28.8,52.8,4,2,11.64,12.82,HIGH
2025-05-25 12:00:00,12,25,5,6,1,28.4,53.1,6,2,12.09,11.64,HIGH
2025-05-25 13:00:00,13,25,5,6,1,29.8,50.8,5,3,12.8,12.09,HIGH
2025-05-25 14:00:00,14,25,5,6,1,30.6,59.1,5,4,14.81,12.8,HIGH
2025-05-25 15:00:00,15,25,5,6,1,30.8,49.7,5,1,13.06,14.81,HIGH
2025-05-25 16:00:00,16,25,5,6,1,31.0,62.1,5,3,13.37,13.06,HIGH
2025-05-25 17:00:00,17,25,5,6,1,27.7,64.9,5,1,13.01,13.37,HIGH
2025-05-25 18:00:00,18,25,5,6,1,27.7,51.6,5,6,18.54,13.01,HIGH
2025-05-25 19:00:00,19,25,5,6,1,25.3,56.8,7,5,21.39,18.54,HIGH
2025-05-25 20:00:00,20,25,5,6,1,29.7,56.2,4,1,16.01,21.39,HIGH
2025-05-25 21:00:00,21,25,5,6,1,20.7,65.0,6,3,15.78,16.01,HIGH
2025-05-25 22:00:00,22,25,5,6,1,27.6,66.6,5,3,11.92,15.78,HIGH
2025-05-25 23:00:00,23,25,5,6,1,27.0,47.1,2,6,11.35,11.92,HIGH
2025-05-26 00:00:00,0,26,5,0,0,21.7,57.4,5,3,8.93,11.35,MEDIUM
2025-05-26 01:00:00,1,26,5,0,0,15.2,60.3,6,1,6.22,8.93,LOW
2025-05-26 02:00:00,2,26,5,0,0,20.3,51.5,2,2,4.11,6.22,LOW
2025-05-26 03:00:00,3,26,5,0,0,20.8,56.8,4,3,3.53,4.11,LOW
2025-05-26 04:00:00,4,26,5,0,0,18.6,63.1,4,1,2.85,3.53,LOW
2025-05-26 05:00:00,5,26,5,0,0,20.4,58.2,2,2,2.25,2.85,LOW
2025-05-26 06:00:00,6,26,5,0,0,26.3,48.2,2,2,3.39,2.25,LOW
2025-05-26 07:00:00,7,26,5,0,0,25.2,75.2,4,3,4.8,3.39,LOW
2025-05-26 08:00:00,8,26,5,0,0,22.4,60.6,5,1,6.12,4.8,LOW
2025-05-26 09:00:00,9,26,5,0,0,22.0,59.9,1,2,5.05,6.12,LOW
2025-05-26 10:00:00,10,26,5,0,0,26.5,50.8,2,1,4.98,5.05,LOW
2025-05-26 11:00:00,11,26,5,0,0,28.0,58.4,3,3,7.49,4.98,MEDIUM
2025-05-26 12:00:00,12,26,5,0,0,30.8,54.7,5,1,8.66,7.49,MEDIUM
2025-05-26 13:00:00,13,26,5,0,0,29.0,45.1,3,4,9.7,8.66,MEDIUM
2025-05-26 14:00:00,14,26,5,0,0,32.1,48.7,3,1,8.27,9.7,MEDIUM
2025-05-26 15:00:00,15,26,5,0,0,35.8,58.4,1,0,6.45,8.27,MEDIUM
2025-05-26 16:00:00,16,26,5,0,0,32.9,66.5,1,2,7.21,6.45,MEDIUM
2025-05-26 17:00:00,17,26,5,0,0,30.2,58.1,2,2,8.36,7.21,MEDIUM
2025-05-26 18:00:00,18,26,5,0,0,29.1,63.0,4,3,11.12,8.36,HIGH
2025-05-26 19:00:00,19,26,5,0,0,27.6,56.0,5,9,18.82,11.12,HIGH
2025-05-26 20:00:00,20,26,5,0,0,30.2,55.4,5,6,20.3,18.82,HIGH
2025-05-26 21:00:00,21,26,5,0,0,24.4,64.8,6,5,19.21,20.3,HIGH
2025-05-26 22:00:00,22,26,5,0,0,24.8,68.1,6,8,15.78,19.21,HIGH
2025-05-26 23:00:00,23,26,5,0,0,23.6,66.4,4,3,10.49,15.78,MEDIUM
2025-05-27 00:00:00,0,27,5,1,0,21.2,53.1,3,0,6.47,10.49,MEDIUM
2025-05-27 01:00:00,1,27,5,1,0,18.2,60.3,3,0,3.76,6.47,LOW
2025-05-27 02:00:00,2,27,5,1,0,22.0,60.9,3,2,2.86,3.76,LOW
2025-05-27 03:00:00,3,27,5,1,0,20.8,58.1,2,2,2.67,2.86,LOW
2025-05-27 04:00:00,4,27,5,1,0,22.4,61.4,3,2,2.97,2.67,LOW
2025-05-27 05:00:00,5,27,5,1,0,20.3,64.8,4,3,3.49,2.97,LOW
2025-05-27 06:00:00,6,27,5,1,0,25.5,63.8,4,0,3.75,3.49,LOW
2025-05-27 07:00:00,7,27,5,1,0,21.3,69.6,6,5,7.97,3.75,MEDIUM
2025-05-27 08:00:00,8,27,5,1,0,29.0,54.4,4,3,9.84,7.97,MEDIUM
2025-05-27 09:00:00,9,27,5,1,0,21.6,51.2,3,2,8.1,9.84,MEDIUM
2025-05-27 10:00:00,10,27,5,1,0,28.4,58.8,2,1,6.98,8.1,MEDIUM
2025-05-27 11:00:00,11,27,5,1,0,29.7,67.4,2,2,7.37,6.98,MEDIUM
2025-05-27 12:00:00,12,27,5,1,0,27.5,54.1,1,2,6.18,7.37,LOW
2025-05-27 13:00:00,13,27,5,1,0,31.4,59.6,1,1,6.22,6.18,LOW
2025-05-27 14:00:00,14,27,5,1,0,34.0,58.6,2,3,8.82,6.22,MEDIUM
2025-05-27 15:00:00,15,27,5,1,0,25.5,58.9,4,0,7.27,8.82,MEDIUM
2025-05-27 16:00:00,16,27,5,1,0,32.1,55.2,1,2,7.27,7.27,MEDIUM
2025-05-27 17:00:00,17,27,5,1,0,24.1,52.8,2,2,7.64,7.27,MEDIUM
2025-05-27 18:00:00,18,27,5,1,0,27.1,43.5,7,8,17.89,7.64,HIGH
2025-05-27 19:00:00,19,27,5,1,0,32.6,48.3,7,3,18.99,17.89,HIGH
2025-05-27 20:00:00,20,27,5,1,0,25.8,55.3,6,6,19.59,18.99,HIGH
2025-05-27 21:00:00,21,27,5,1,0,23.1,65.3,5,1,13.94,19.59,HIGH
2025-05-27 22:00:00,22,27,5,1,0,24.2,57.7,6,4,10.49,13.94,MEDIUM
2025-05-27 23:00:00,23,27,5,1,0,28.7,53.4,2,2,7.65,10.49,MEDIUM
2025-05-28 00:00:00,0,28,5,2,0,17.9,55.5,3,2,6.48,7.65,MEDIUM
2025-05-28 01:00:00,1,28,5,2,0,19.0,64.3,3,1,4.59,6.48,LOW
2025-05-28 02:00:00,2,28,5,2,0,24.9,66.2,2,2,3.23,4.59,LOW
2025-05-28 03:00:00,3,28,5,2,0,25.6,64.1,3,3,3.34,3.23,LOW
2025-05-28 04:00:00,4,28,5,2,0,20.9,63.3,3,1,2.6,3.34,LOW
2025-05-28 05:00:00,5,28,5,2,0,18.6,51.7,3,3,3.51,2.6,LOW
2025-05-28 06:00:00,6,28,5,2,0,27.7,54.8,2,5,6.09,3.51,LOW
2025-05-28 07:00:00,7,28,5,2,0,27.5,68.7,4,3,7.49,6.09,MEDIUM
2025-05-28 08:00:00,8,28,5,2,0,26.4,64.2,4,1,7.62,7.49,MEDIUM
2025-05-28 09:00:00,9,28,5,2,0,24.0,49.2,2,1,5.98,7.62,LOW
2025-05-28 10:00:00,10,28,5,2,0,27.2,56.8,2,0,4.5,5.98,LOW
2025-05-28 11:00:00,11,28,5,2,0,28.1,58.9,1,0,3.22,4.5,LOW
2025-05-28 12:00:00,12,28,5,2,0,30.4,51.3,2,1,4.77,3.22,LOW
2025-05-28 13:00:00,13,28,5,2,0,34.0,40.5,4,1,7.19,4.77,MEDIUM
2025-05-28 14:00:00,14,28,5,2,0,33.0,55.4,3,1,7.1,7.19,MEDIUM
2025-05-28 15:00:00,15,28,5,2,0,28.3,52.0,1,2,6.75,7.1,MEDIUM
2025-05-28 16:00:00,16,28,5,2,0,34.3,49.6,4,1,8.15,6.75,MEDIUM
2025-05-28 17:00:00,17,28,5,2,0,31.1,53.4,2,4,11.41,8.15,HIGH
2025-05-28 18:00:00,18,28,5,2,0,31.3,54.7,4,2,12.75,11.41,HIGH
2025-05-28 19:00:00,19,28,5,2,0,32.2,55.1,5,4,15.47,12.75,HIGH
2025-05-28 20:00:00,20,28,5,2,0,24.5,52.9,5,3,13.63,15.47,HIGH
2025-05-28 21:00:00,21,28,5,2,0,25.9,56.3,4,2,11.84,13.63,HIGH
2025-05-28 22:00:00,22,28,5,2,0,23.4,48.1,9,4,12.26,11.84,HIGH
2025-05-28 23:00:00,23,28,5,2,0,19.6,62.0,4,0,7.45,12.26,MEDIUM
2025-05-29 00:00:00,0,29,5,3,0,23.3,41.5,4,4,7.52,7.45,MEDIUM
2025-05-29 01:00:00,1,29,5,3,0,27.9,55.1,4,7,6.57,7.52,MEDIUM
2025-05-29 02:00:00,2,29,5,3,0,16.6,66.9,3,3,4.75,6.57,LOW
2025-05-29 03:00:00,3,29,5,3,0,20.9,53.3,3,3,3.64,4.75,LOW
2025-05-29 04:00:00,4,29,5,3,0,22.8,63.2,6,1,3.23,3.64,LOW
2025-05-29 05:00:00,5,29,5,3,0,22.0,66.1,2,5,3.92,3.23,LOW
2025-05-29 06:00:00,6,29,5,3,0,22.2,39.3,3,0,4.19,3.92,LOW
2025-05-29 07:00:00,7,29,5,3,0,20.3,59.0,5,3,5.67,4.19,LOW
2025-05-29 08:00:00,8,29,5,3,0,25.3,40.6,6,3,8.72,5.67,MEDIUM
2025-05-29 09:00:00,9,29,5,3,0,24.1,57.7,1,2,6.25,8.72,MEDIUM
2025-05-29 10:00:00,10,29,5,3,0,21.8,59.2,2,0,4.87,6.25,LOW
2025-05-29 11:00:00,11,29,5,3,0,31.5,40.5,1,1,5.35,4.87,LOW
2025-05-29 12:00:00,12,29,5,3,0,31.9,66.8,2,4,8.23,5.35,MEDIUM
2025-05-29 13:00:00,13,29,5,3,0,30.5,57.5,1,2,7.05,8.23,MEDIUM
2025-05-29 14:00:00,14,29,5,3,0,31.4,50.3,1,1,6.6,7.05,MEDIUM
2025-05-29 15:00:00,15,29,5,3,0,33.7,63.3,5,0,7.73,6.6,MEDIUM
2025-05-29 16:00:00,16,29,5,3,0,31.4,44.7,1,2,7.13,7.73,MEDIUM
2025-05-29 17:00:00,17,29,5,3,0,32.6,47.6,1,4,9.55,7.13,MEDIUM
2025-05-29 18:00:00,18,29,5,3,0,28.8,42.7,5,5,14.91,9.55,HIGH
2025-05-29 19:00:00,19,29,5,3,0,31.8,66.1,5,4,16.65,14.91,HIGH
2025-05-29 20:00:00,20,29,5,3,0,28.1,58.8,4,5,16.98,16.65,HIGH
2025-05-29 21:00:00,21,29,5,3,0,26.5,61.4,4,3,14.74,16.98,HIGH
2025-05-29 22:00:00,22,29,5,3,0,21.5,61.2,5,5,12.19,14.74,HIGH
2025-05-29 23:00:00,23,29,5,3,0,24.2,61.8,3,4,8.54,12.19,MEDIUM
2025-05-30 00:00:00,0,30,5,4,0,20.4,60.3,3,2,6.09,8.54,LOW
2025-05-30 01:00:00,1,30,5,4,0,20.1,61.6,2,1,4.31,6.09,LOW
2025-05-30 02:00:00,2,30,5,4,0,19.1,61.0,2,4,3.3,4.31,LOW
2025-05-30 03:00:00,3,30,5,4,0,18.3,57.0,2,0,1.8,3.3,LOW
2025-05-30 04:00:00,4,30,5,4,0,26.5,57.1,2,1,2.28,1.8,LOW
2025-05-30 05:00:00,5,30,5,4,0,25.0,59.6,3,0,1.9,2.28,LOW
2025-05-30 06:00:00,6,30,5,4,0,27.3,57.7,2,0,2.35,1.9,LOW
2025-05-30 07:00:00,7,30,5,4,0,20.4,51.0,6,1,4.96,2.35,LOW
2025-05-30 08:00:00,8,30,5,4,0,24.9,50.0,6,2,7.53,4.96,MEDIUM
2025-05-30 09:00:00,9,30,5,4,0,22.8,65.4,2,4,7.85,7.53,MEDIUM
2025-05-30 10:00:00,10,30,5,4,0,25.6,55.9,1,3,7.34,7.85,MEDIUM
2025-05-30 11:00:00,11,30,5,4,0,26.2,61.0,2,3,7.57,7.34,MEDIUM
2025-05-30 12:00:00,12,30,5,4,0,32.6,48.4,1,0,6.05,7.57,LOW
2025-05-30 13:00:00,13,30,5,4,0,29.3,47.4,4,2,7.55,6.05,MEDIUM
2025-05-30 14:00:00,14,30,5,4,0,33.5,49.5,3,3,9.39,7.55,MEDIUM
2025-05-30 15:00:00,15,30,5,4,0,32.5,53.7,2,2,8.61,9.39,MEDIUM
2025-05-30 16:00:00,16,30,5,4,0,36.6,49.4,1,3,9.01,8.61,MEDIUM
2025-05-30 17:00:00,17,30,5,4,0,26.6,65.1,2,6,12.28,9.01,HIGH
2025-05-30 18:00:00,18,30,5,4,0,32.7,56.0,4,4,14.74,12.28,HIGH
2025-05-30 19:00:00,19,30,5,4,0,31.4,66.5,4,3,14.54,14.74,HIGH
2025-05-30 20:00:00,20,30,5,4,0,24.9,60.5,6,7,19.32,14.54,HIGH
2025-05-30 21:00:00,21,30,5,4,0,28.5,42.1,7,3,18.61,19.32,HIGH
2025-05-30 22:00:00,22,30,5,4,0,25.5,64.1,7,4,14.19,18.61,HIGH
2025-05-30 23:00:00,23,30,5,4,0,22.9,49.8,2,3,9.14,14.19,MEDIUM
2025-05-31 00:00:00,0,31,5,5,1,20.4,61.2,5,5,9.81,9.14,MEDIUM
2025-05-31 01:00:00,1,31,5,5,1,19.9,55.4,2,2,5.85,9.81,LOW
2025-05-31 02:00:00,2,31,5,5,1,26.3,70.3,3,2,4.94,5.85,LOW
2025-05-31 03:00:00,3,31,5,5,1,21.0,68.2,3,3,3.9,4.94,LOW
2025-05-31 04:00:00,4,31,5,5,1,23.1,54.3,3,6,4.92,3.9,LOW
2025-05-31 05:00:00,5,31,5,5,1,19.7,59.4,3,2,3.67,4.92,LOW
2025-05-31 06:00:00,6,31,5,5,1,20.5,61.3,4,3,5.86,3.67,LOW
2025-05-31 07:00:00,7,31,5,5,1,26.2,62.7,5,2,6.9,5.86,MEDIUM
2025-05-31 08:00:00,8,31,5,5,1,21.3,59.7,4,0,6.3,6.9,MEDIUM
2025-05-31 09:00:00,9,31,5,5,1,25.0,51.9,6,2,9.13,6.3,MEDIUM
2025-05-31 10:00:00,10,31,5,5,1,27.4,52.7,5,3,10.96,9.13,MEDIUM
2025-05-31 11:00:00,11,31,5,5,1,28.8,56.5,5,5,13.47,10.96,HIGH
2025-05-31 12:00:00,12,31,5,5,1,29.1,63.8,4,1,11.01,13.47,HIGH
2025-05-31 13:00:00,13,31,5,5,1,31.3,58.0,7,1,12.41,11.01,HIGH
2025-05-31 14:00:00,14,31,5,5,1,32.6,50.3,6,5,16.04,12.41,HIGH
2025-05-31 15:00:00,15,31,5,5,1,32.8,58.8,4,2,13.64,16.04,HIGH
2025-05-31 16:00:00,16,31,5,5,1,28.4,54.3,6,2,13.62,13.64,HIGH
2025-05-31 17:00:00,17,31,5,5,1,29.6,61.5,5,2,15.23,13.62,HIGH
2025-05-31 18:00:00,18,31,5,5,1,32.5,70.2,5,5,20.1,15.23,HIGH
2025-05-31 19:00:00,19,31,5,5,1,30.7,53.6,5,7,23.87,20.1,HIGH
2025-05-31 20:00:00,20,31,5,5,1,23.9,63.2,6,10,28.3,23.87,HIGH
2025-05-31 21:00:00,21,31,5,5,1,26.9,52.8,5,4,22.62,28.3,HIGH
2025-05-31 22:00:00,22,31,5,5,1,19.8,59.4,7,3,15.16,22.62,HIGH
2025-05-31 23:00:00,23,31,5,5,1,23.6,58.7,3,1,9.71,15.16,MEDIUM
2025-06-01 00:00:00,0,1,6,6,1,31.6,54.2,3,3,9.14,9.71,MEDIUM
2025-06-01 01:00:00,1,1,6,6,1,23.7,73.3,4,3,7.57,9.14,MEDIUM
2025-06-01 02:00:00,2,1,6,6,1,23.5,56.8,2,2,4.56,7.57,LOW
2025-06-01 03:00:00,3,1,6,6,1,27.3,60.6,3,7,5.78,4.56,LOW
2025-06-01 04:00:00,4,1,6,6,1,21.7,47.7,3,3,4.92,5.78,LOW
2025-06-01 05:00:00,5,1,6,6,1,24.5,60.8,3,3,3.98,4.92,LOW
2025-06-01 06:00:00,6,1,6,6,1,28.3,63.5,3,5,7.31,3.98,MEDIUM
2025-06-01 07:00:00,7,1,6,6,1,26.3,54.3,5,3,8.21,7.31,MEDIUM
2025-06-01 08:00:00,8,1,6,6,1,28.5,41.5,5,3,10.78,8.21,MEDIUM
2025-06-01 09:00:00,9,1,6,6,1,32.3,54.8,6,4,14.47,10.78,HIGH
2025-06-01 10:00:00,10,1,6,6,1,32.7,55.0,4,5,15.67,14.47,HIGH
2025-06-01 11:00:00,11,1,6,6,1,33.6,58.9,4,3,13.83,15.67,HIGH
2025-06-01 12:00:00,12,1,6,6,1,33.1,66.8,4,1,11.88,13.83,HIGH
2025-06-01 13:00:00,13,1,6,6,1,35.6,51.5,5,6,16.7,11.88,HIGH
2025-06-01 14:00:00,14,1,6,6,1,34.9,48.9,5,3,15.89,16.7,HIGH
2025-06-01 15:00:00,15,1,6,6,1,36.5,46.4,5,2,15.5,15.89,HIGH
2025-06-01 16:00:00,16,1,6,6,1,34.0,55.6,4,3,14.66,15.5,HIGH
2025-06-01 17:00:00,17,1,6,6,1,34.3,57.2,7,4,20.33,14.66,HIGH
2025-06-01 18:00:00,18,1,6,6,1,31.5,52.1,6,4,21.67,20.33,HIGH
2025-06-01 19:00:00,19,1,6,6,1,32.8,59.6,4,6,23.7,21.67,HIGH
2025-06-01 20:00:00,20,1,6,6,1,29.7,58.9,6,7,25.94,23.7,HIGH
2025-06-01 21:00:00,21,1,6,6,1,27.6,57.2,4,1,18.05,25.94,HIGH
2025-06-01 22:00:00,22,1,6,6,1,29.7,50.7,6,4,15.35,18.05,HIGH
2025-06-01 23:00:00,23,1,6,6,1,28.4,53.7,2,3,10.65,15.35,MEDIUM
2025-06-02 00:00:00,0,2,6,0,0,28.8,41.9,4,0,6.87,10.65,MEDIUM
2025-06-02 01:00:00,1,2,6,0,0,25.0,59.4,4,3,5.23,6.87,LOW
2025-06-02 02:00:00,2,2,6,0,0,26.6,57.5,4,1,4.3,5.23,LOW
2025-06-02 03:00:00,3,2,6,0,0,26.8,58.4,2,2,3.19,4.3,LOW
2025-06-02 04:00:00,4,2,6,0,0,26.7,60.3,3,1,3.08,3.19,LOW
2025-06-02 05:00:00,5,2,6,0,0,24.0,60.7,3,1,2.19,3.08,LOW
2025-06-02 06:00:00,6,2,6,0,0,27.2,56.5,6,2,5.19,2.19,LOW
2025-06-02 07:00:00,7,2,6,0,0,28.8,56.8,4,3,6.51,5.19,MEDIUM
2025-06-02 08:00:00,8,2,6,0,0,29.1,47.9,6,2,9.05,6.51,MEDIUM
2025-06-02 09:00:00,9,2,6,0,0,25.2,54.4,2,1,6.25,9.05,MEDIUM
2025-06-02 10:00:00,10,2,6,0,0,32.1,55.5,3,2,7.62,6.25,MEDIUM
2025-06-02 11:00:00,11,2,6,0,0,38.4,48.2,3,3,9.44,7.62,MEDIUM
2025-06-02 12:00:00,12,2,6,0,0,33.0,60.0,2,1,8.19,9.44,MEDIUM
2025-06-02 13:00:00,13,2,6,0,0,32.9,50.9,3,1,7.96,8.19,MEDIUM
2025-06-02 14:00:00,14,2,6,0,0,36.2,54.8,2,3,9.76,7.96,MEDIUM
2025-06-02 15:00:00,15,2,6,0,0,36.2,54.2,2,5,11.71,9.76,HIGH
2025-06-02 16:00:00,16,2,6,0,0,38.2,57.2,2,0,8.38,11.71,MEDIUM
2025-06-02 17:00:00,17,2,6,0,0,31.6,60.8,1,3,9.75,8.38,MEDIUM
2025-06-02 18:00:00,18,2,6,0,0,35.8,57.8,5,6,16.96,9.75,HIGH
2025-06-02 19:00:00,19,2,6,0,0,34.4,41.6,5,6,20.52,16.96,HIGH
2025-06-02 20:00:00,20,2,6,0,0,31.3,62.6,5,5,20.01,20.52,HIGH
2025-06-02 21:00:00,21,2,6,0,0,31.2,64.7,6,6,22.32,20.01,HIGH
2025-06-02 22:00:00,22,2,6,0,0,31.7,52.4,6,6,16.83,22.32,HIGH
2025-06-02 23:00:00,23,2,6,0,0,30.1,57.4,2,1,10.03,16.83,MEDIUM
2025-06-03 00:00:00,0,3,6,1,0,24.0,53.1,3,1,6.81,10.03,MEDIUM
2025-06-03 01:00:00,1,3,6,1,0,28.1,45.1,4,1,4.52,6.81,LOW
2025-06-03 02:00:00,2,3,6,1,0,25.4,53.4,2,1,2.53,4.52,LOW
2025-06-03 03:00:00,3,3,6,1,0,25.6,54.5,2,2,2.35,2.53,LOW
2025-06-03 04:00:00,4,3,6,1,0,25.7,55.6,5,1,2.06,2.35,LOW
2025-06-03 05:00:00,5,3,6,1,0,25.7,52.0,3,6,3.4,2.06,LOW
2025-06-03 06:00:00,6,3,6,1,0,29.8,51.7,4,1,4.64,3.4,LOW
2025-06-03 07:00:00,7,3,6,1,0,27.7,56.9,4,3,6.52,4.64,MEDIUM
2025-06-03 08:00:00,8,3,6,1,0,26.3,52.9,5,0,6.61,6.52,MEDIUM
2025-06-03 09:00:00,9,3,6,1,0,29.4,59.5,1,3,6.97,6.61,MEDIUM
2025-06-03 10:00:00,10,3,6,1,0,32.1,59.2,2,0,5.75,6.97,LOW
2025-06-03 11:00:00,11,3,6,1,0,36.0,67.9,1,0,5.25,5.75,LOW
2025-06-03 12:00:00,12,3,6,1,0,35.4,60.6,1,1,6.19,5.25,LOW
2025-06-03 13:00:00,13,3,6,1,0,32.6,56.4,2,2,6.69,6.19,MEDIUM
2025-06-03 14:00:00,14,3,6,1,0,41.4,47.7,2,3,9.31,6.69,MEDIUM
2025-06-03 15:00:00,15,3,6,1,0,36.1,55.3,1,1,7.29,9.31,MEDIUM
2025-06-03 16:00:00,16,3,6,1,0,38.4,54.6,1,1,7.47,7.29,MEDIUM
2025-06-03 17:00:00,17,3,6,1,0,34.3,51.2,2,10,18.26,7.47,HIGH
2025-06-03 18:00:00,18,3,6,1,0,35.3,58.6,5,0,14.95,18.26,HIGH
2025-06-03 19:00:00,19,3,6,1,0,35.0,45.6,5,8,21.65,14.95,HIGH
2025-06-03 20:00:00,20,3,6,1,0,34.7,52.7,6,2,18.77,21.65,HIGH
2025-06-03 21:00:00,21,3,6,1,0,33.0,58.1,4,5,19.07,18.77,HIGH
2025-06-03 22:00:00,22,3,6,1,0,31.3,53.8,5,5,14.38,19.07,HIGH
2025-06-03 23:00:00,23,3,6,1,0,27.1,55.9,2,2,8.87,14.38,MEDIUM
2025-06-04 00:00:00,0,4,6,2,0,25.4,57.0,3,5,8.53,8.87,MEDIUM
2025-06-04 01:00:00,1,4,6,2,0,26.9,52.2,3,4,6.04,8.53,LOW
2025-06-04 02:00:00,2,4,6,2,0,27.9,63.9,3,3,5.29,6.04,LOW
2025-06-04 03:00:00,3,4,6,2,0,24.8,52.0,3,3,4.44,5.29,LOW
2025-06-04 04:00:00,4,4,6,2,0,28.2,58.6,2,3,3.78,4.44,LOW
2025-06-04 05:00:00,5,4,6,2,0,29.7,58.6,2,3,4.13,3.78,LOW
2025-06-04 06:00:00,6,4,6,2,0,24.6,52.5,2,1,4.44,4.13,LOW
2025-06-04 07:00:00,7,4,6,2,0,25.8,58.1,4,0,4.15,4.44,LOW
2025-06-04 08:00:00,8,4,6,2,0,28.7,51.1,4,1,6.17,4.15,LOW
2025-06-04 09:00:00,9,4,6,2,0,31.2,63.9,2,0,4.98,6.17,LOW
2025-06-04 10:00:00,10,4,6,2,0,30.4,49.0,3,3,7.74,4.98,MEDIUM
2025-06-04 11:00:00,11,4,6,2,0,36.3,49.6,4,0,7.83,7.74,MEDIUM
2025-06-04 12:00:00,12,4,6,2,0,35.0,46.7,1,0,5.52,7.83,LOW
2025-06-04 13:00:00,13,4,6,2,0,34.8,45.9,2,0,6.03,5.52,LOW
2025-06-04 14:00:00,14,4,6,2,0,31.6,64.9,1,3,7.24,6.03,MEDIUM
2025-06-04 15:00:00,15,4,6,2,0,32.1,58.4,1,3,7.52,7.24,MEDIUM
2025-06-04 16:00:00,16,4,6,2,0,35.9,54.5,2,2,7.69,7.52,MEDIUM
2025-06-04 17:00:00,17,4,6,2,0,29.4,52.3,2,3,9.41,7.69,MEDIUM
2025-06-04 18:00:00,18,4,6,2,0,36.5,58.8,5,4,14.89,9.41,HIGH
2025-06-04 19:00:00,19,4,6,2,0,32.5,50.1,4,4,15.98,14.89,HIGH
2025-06-04 20:00:00,20,4,6,2,0,39.8,56.8,8,2,18.34,15.98,HIGH
2025-06-04 21:00:00,21,4,6,2,0,36.2,48.3,5,7,22.32,18.34,HIGH
2025-06-04 22:00:00,22,4,6,2,0,28.6,52.7,5,5,16.02,22.32,HIGH
2025-06-04 23:00:00,23,4,6,2,0,27.6,61.5,2,2,9.41,16.02,MEDIUM
2025-06-05 00:00:00,0,5,6,3,0,29.3,61.5,3,5,8.64,9.41,MEDIUM
2025-06-05 01:00:00,1,5,6,3,0,30.3,59.5,3,3,6.33,8.64,MEDIUM
2025-06-05 02:00:00,2,5,6,3,0,21.5,53.1,3,2,4.2,6.33,LOW
2025-06-05 03:00:00,3,5,6,3,0,20.9,57.0,2,3,3.6,4.2,LOW
2025-06-05 04:00:00,4,5,6,3,0,24.0,59.3,4,2,3.28,3.6,LOW
2025-06-05 05:00:00,5,5,6,3,0,27.5,51.9,4,4,3.88,3.28,LOW
2025-06-05 06:00:00,6,5,6,3,0,28.1,65.0,3,1,4.67,3.88,LOW
2025-06-05 07:00:00,7,5,6,3,0,30.6,41.3,5,1,6.08,4.67,LOW
2025-06-05 08:00:00,8,5,6,3,0,26.1,52.9,4,3,8.21,6.08,MEDIUM
2025-06-05 09:00:00,9,5,6,3,0,24.6,55.1,2,2,7.02,8.21,MEDIUM
2025-06-05 10:00:00,10,5,6,3,0,33.8,37.4,2,2,7.62,7.02,MEDIUM
2025-06-05 11:00:00,11,5,6,3,0,30.8,47.3,4,1,8.12,7.62,MEDIUM
2025-06-05 12:00:00,12,5,6,3,0,28.9,60.2,1,2,7.47,8.12,MEDIUM
2025-06-05 13:00:00,13,5,6,3,0,35.1,54.1,2,2,8.54,7.47,MEDIUM
2025-06-05 14:00:00,14,5,6,3,0,37.2,62.6,3,0,7.34,8.54,MEDIUM
2025-06-05 15:00:00,15,5,6,3,0,35.1,63.2,1,0,6.14,7.34,LOW
2025-06-05 16:00:00,16,5,6,3,0,34.1,57.0,3,2,8.19,6.14,MEDIUM
2025-06-05 17:00:00,17,5,6,3,0,34.3,56.2,2,4,12.28,8.19,HIGH
2025-06-05 18:00:00,18,5,6,3,0,33.0,55.2,6,7,19.97,12.28,HIGH
2025-06-05 19:00:00,19,5,6,3,0,29.5,40.3,4,4,17.86,19.97,HIGH
2025-06-05 20:00:00,20,5,6,3,0,29.9,47.7,4,7,19.48,17.86,HIGH
2025-06-05 21:00:00,21,5,6,3,0,31.7,55.9,5,2,16.57,19.48,HIGH
2025-06-05 22:00:00,22,5,6,3,0,29.9,59.7,4,4,12.09,16.57,HIGH
2025-06-05 23:00:00,23,5,6,3,0,28.3,58.4,5,3,9.6,12.09,MEDIUM
2025-06-06 00:00:00,0,6,6,4,0,24.4,52.9,4,2,7.94,9.6,MEDIUM
2025-06-06 01:00:00,1,6,6,4,0,25.6,63.4,4,0,4.52,7.94,LOW
2025-06-06 02:00:00,2,6,6,4,0,20.1,68.9,2,3,4.24,4.52,LOW
2025-06-06 03:00:00,3,6,6,4,0,25.8,63.3,2,3,3.37,4.24,LOW
2025-06-06 04:00:00,4,6,6,4,0,29.1,62.3,3,2,2.98,3.37,LOW
2025-06-06 05:00:00,5,6,6,4,0,22.4,55.7,3,1,2.65,2.98,LOW
2025-06-06 06:00:00,6,6,6,4,0,25.4,64.3,2,3,4.15,2.65,LOW
2025-06-06 07:00:00,7,6,6,4,0,28.7,57.4,5,4,7.16,4.15,MEDIUM
2025-06-06 08:00:00,8,6,6,4,0,32.2,58.2,4,2,8.54,7.16,MEDIUM
2025-06-06 09:00:00,9,6,6,4,0,29.3,58.5,1,3,7.78,8.54,MEDIUM
2025-06-06 10:00:00,10,6,6,4,0,30.0,55.3,1,0,5.2,7.78,LOW
2025-06-06 11:00:00,11,6,6,4,0,28.0,51.6,1,1,4.32,5.2,LOW
2025-06-06 12:00:00,12,6,6,4,0,34.2,53.8,1,2,6.39,4.32,MEDIUM
2025-06-06 13:00:00,13,6,6,4,0,39.8,58.0,2,2,8.51,6.39,MEDIUM
2025-06-06 14:00:00,14,6,6,4,0,35.9,51.0,1,1,7.47,8.51,MEDIUM
2025-06-06 15:00:00,15,6,6,4,0,35.3,59.2,3,0,7.45,7.47,MEDIUM
2025-06-06 16:00:00,16,6,6,4,0,36.0,58.0,1,2,7.87,7.45,MEDIUM
2025-06-06 17:00:00,17,6,6,4,0,34.7,52.3,2,3,11.58,7.87,HIGH
2025-06-06 18:00:00,18,6,6,4,0,31.9,63.6,4,5,15.59,11.58,HIGH
2025-06-06 19:00:00,19,6,6,4,0,35.0,51.9,4,4,16.13,15.59,HIGH
2025-06-06 20:00:00,20,6,6,4,0,32.3,64.1,6,7,20.95,16.13,HIGH
2025-06-06 21:00:00,21,6,6,4,0,30.4,58.4,4,7,21.08,20.95,HIGH
2025-06-06 22:00:00,22,6,6,4,0,26.7,57.2,4,5,14.77,21.08,HIGH
2025-06-06 23:00:00,23,6,6,4,0,31.2,50.2,4,5,12.14,14.77,HIGH
2025-06-07 00:00:00,0,7,6,5,1,28.5,56.1,3,4,10.62,12.14,MEDIUM
2025-06-07 01:00:00,1,7,6,5,1,24.7,56.9,3,6,7.59,10.62,MEDIUM
2025-06-07 02:00:00,2,7,6,5,1,28.1,49.2,3,4,6.08,7.59,LOW
2025-06-07 03:00:00,3,7,6,5,1,24.1,57.1,3,0,3.48,6.08,LOW
2025-06-07 04:00:00,4,7,6,5,1,23.6,53.7,3,2,3.06,3.48,LOW
2025-06-07 05:00:00,5,7,6,5,1,24.2,61.8,2,2,2.83,3.06,LOW
2025-06-07 06:00:00,6,7,6,5,1,22.4,66.9,3,2,4.52,2.83,LOW
2025-06-07 07:00:00,7,7,6,5,1,29.1,49.0,5,6,9.88,4.52,MEDIUM
2025-06-07 08:00:00,8,7,6,5,1,24.5,68.5,4,4,11.65,9.88,HIGH
2025-06-07 09:00:00,9,7,6,5,1,27.3,56.3,6,1,11.43,11.65,HIGH
2025-06-07 10:00:00,10,7,6,5,1,26.5,51.5,4,6,14.22,11.43,HIGH
2025-06-07 11:00:00,11,7,6,5,1,32.7,59.5,6,6,17.59,14.22,HIGH
2025-06-07 12:00:00,12,7,6,5,1,33.6,51.9,7,2,16.69,17.59,HIGH
2025-06-07 13:00:00,13,7,6,5,1,33.9,53.9,5,5,17.94,16.69,HIGH
2025-06-07 14:00:00,14,7,6,5,1,32.6,52.5,4,4,16.71,17.94,HIGH
2025-06-07 15:00:00,15,7,6,5,1,32.5,50.1,4,5,16.63,16.71,HIGH
2025-06-07 16:00:00,16,7,6,5,1,36.4,57.8,5,2,15.12,16.63,HIGH
2025-06-07 17:00:00,17,7,6,5,1,33.3,53.0,6,6,22.08,15.12,HIGH
2025-06-07 18:00:00,18,7,6,5,1,34.7,45.5,4,7,23.87,22.08,HIGH
2025-06-07 19:00:00,19,7,6,5,1,30.7,59.0,5,5,23.64,23.87,HIGH
2025-06-07 20:00:00,20,7,6,5,1,32.1,47.9,5,1,19.01,23.64,HIGH
2025-06-07 21:00:00,21,7,6,5,1,33.7,47.6,5,2,17.96,19.01,HIGH
2025-06-07 22:00:00,22,7,6,5,1,30.6,62.9,4,1,11.72,17.96,HIGH
2025-06-07 23:00:00,23,7,6,5,1,26.9,50.1,2,3,9.63,11.72,MEDIUM
2025-06-08 00:00:00,0,8,6,6,1,27.5,43.1,2,7,10.32,9.63,MEDIUM
2025-06-08 01:00:00,1,8,6,6,1,25.5,61.5,3,2,6.27,10.32,MEDIUM
2025-06-08 02:00:00,2,8,6,6,1,25.6,55.9,2,4,5.6,6.27,LOW
2025-06-08 03:00:00,3,8,6,6,1,24.6,56.9,2,5,4.59,5.6,LOW
2025-06-08 04:00:00,4,8,6,6,1,25.2,56.0,4,2,4.07,4.59,LOW
2025-06-08 05:00:00,5,8,6,6,1,26.6,58.8,2,2,3.29,4.07,LOW
2025-06-08 06:00:00,6,8,6,6,1,24.4,53.7,4,3,6.46,3.29,MEDIUM
2025-06-08 07:00:00,7,8,6,6,1,25.4,66.7,5,3,7.61,6.46,MEDIUM
2025-06-08 08:00:00,8,8,6,6,1,25.6,48.9,7,2,10.06,7.61,MEDIUM
2025-06-08 09:00:00,9,8,6,6,1,26.4,60.1,4,6,13.52,10.06,HIGH
2025-06-08 10:00:00,10,8,6,6,1,28.6,60.4,8,1,13.3,13.52,HIGH
2025-06-08 11:00:00,11,8,6,6,1,33.3,50.1,5,6,17.0,13.3,HIGH
2025-06-08 12:00:00,12,8,6,6,1,31.7,49.2,5,2,14.7,17.0,HIGH
2025-06-08 13:00:00,13,8,6,6,1,36.0,59.7,5,3,14.79,14.7,HIGH
2025-06-08 14:00:00,14,8,6,6,1,35.3,47.9,4,1,13.29,14.79,HIGH
2025-06-08 15:00:00,15,8,6,6,1,30.5,52.2,4,2,11.79,13.29,HIGH
2025-06-08 16:00:00,16,8,6,6,1,36.9,58.6,5,5,15.69,11.79,HIGH
2025-06-08 17:00:00,17,8,6,6,1,36.7,53.5,4,4,18.98,15.69,HIGH
2025-06-08 18:00:00,18,8,6,6,1,31.4,44.7,5,5,21.62,18.98,HIGH
2025-06-08 19:00:00,19,8,6,6,1,33.9,64.9,5,4,21.19,21.62,HIGH
2025-06-08 20:00:00,20,8,6,6,1,29.5,53.0,4,2,17.02,21.19,HIGH
2025-06-08 21:00:00,21,8,6,6,1,30.6,53.3,6,6,22.35,17.02,HIGH
2025-06-08 22:00:00,22,8,6,6,1,25.9,59.2,6,9,19.24,22.35,HIGH
2025-06-08 23:00:00,23,8,6,6,1,23.4,62.4,3,4,13.1,19.24,HIGH
2025-06-09 00:00:00,0,9,6,0,0,25.9,69.4,3,1,8.1,13.1,MEDIUM
2025-06-09 01:00:00,1,9,6,0,0,25.8,47.7,2,0,4.5,8.1,LOW
2025-06-09 02:00:00,2,9,6,0,0,24.6,63.1,3,2,3.03,4.5,LOW
2025-06-09 03:00:00,3,9,6,0,0,22.4,63.5,3,3,3.18,3.03,LOW
2025-06-09 04:00:00,4,9,6,0,0,24.6,57.3,4,4,3.86,3.18,LOW
2025-06-09 05:00:00,5,9,6,0,0,26.7,62.0,3,4,4.15,3.86,LOW
2025-06-09 06:00:00,6,9,6,0,0,26.7,62.9,2,1,3.67,4.15,LOW
2025-06-09 07:00:00,7,9,6,0,0,28.3,48.4,6,0,5.42,3.67,LOW
2025-06-09 08:00:00,8,9,6,0,0,27.4,67.5,4,2,6.49,5.42,MEDIUM
2025-06-09 09:00:00,9,9,6,0,0,33.3,45.3,1,3,7.44,6.49,MEDIUM
2025-06-09 10:00:00,10,9,6,0,0,28.7,49.7,2,3,8.8,7.44,MEDIUM
2025-06-09 11:00:00,11,9,6,0,0,34.1,52.8,2,4,10.21,8.8,MEDIUM
2025-06-09 12:00:00,12,9,6,0,0,36.9,64.8,1,3,10.31,10.21,MEDIUM
2025-06-09 13:00:00,13,9,6,0,0,35.9,51.8,2,1,8.87,10.31,MEDIUM
2025-06-09 14:00:00,14,9,6,0,0,34.7,53.9,2,1,8.57,8.87,MEDIUM
2025-06-09 15:00:00,15,9,6,0,0,34.1,63.0,1,5,10.24,8.57,MEDIUM
2025-06-09 16:00:00,16,9,6,0,0,37.8,51.1,4,2,11.08,10.24,HIGH
2025-06-09 17:00:00,17,9,6,0,0,31.2,48.4,1,2,10.05,11.08,MEDIUM
2025-06-09 18:00:00,18,9,6,0,0,31.5,52.9,7,1,13.33,10.05,HIGH
2025-06-09 19:00:00,19,9,6,0,0,31.9,63.5,4,4,14.55,13.33,HIGH
2025-06-09 20:00:00,20,9,6,0,0,34.8,54.5,6,3,16.99,14.55,HIGH
2025-06-09 21:00:00,21,9,6,0,0,31.3,67.1,5,2,15.15,16.99,HIGH
2025-06-09 22:00:00,22,9,6,0,0,26.7,61.7,4,5,11.92,15.15,HIGH
2025-06-09 23:00:00,23,9,6,0,0,27.1,53.3,6,1,8.88,11.92,MEDIUM
2025-06-10 00:00:00,0,10,6,1,0,25.3,58.2,3,0,4.88,8.88,LOW
2025-06-10 01:00:00,1,10,6,1,0,24.3,53.2,3,3,4.29,4.88,LOW
2025-06-10 02:00:00,2,10,6,1,0,28.0,52.8,3,0,2.51,4.29,LOW
2025-06-10 03:00:00,3,10,6,1,0,22.0,86.1,2,3,2.71,2.51,LOW
2025-06-10 04:00:00,4,10,6,1,0,29.6,62.3,2,1,2.4,2.71,LOW
2025-06-10 05:00:00,5,10,6,1,0,28.1,61.9,3,1,2.15,2.4,LOW
2025-06-10 06:00:00,6,10,6,1,0,29.6,52.4,4,1,4.34,2.15,LOW
2025-06-10 07:00:00,7,10,6,1,0,26.7,66.7,4,1,4.66,4.34,LOW
2025-06-10 08:00:00,8,10,6,1,0,28.7,63.1,5,0,5.8,4.66,LOW
2025-06-10 09:00:00,9,10,6,1,0,26.8,68.6,1,0,3.52,5.8,LOW
2025-06-10 10:00:00,10,10,6,1,0,30.4,66.8,2,1,4.58,3.52,LOW
2025-06-10 11:00:00,11,10,6,1,0,34.1,45.5,2,2,6.87,4.58,MEDIUM
2025-06-10 12:00:00,12,10,6,1,0,37.2,46.5,1,1,6.18,6.87,LOW
2025-06-10 13:00:00,13,10,6,1,0,32.0,49.2,2,0,6.13,6.18,LOW
2025-06-10 14:00:00,14,10,6,1,0,34.3,48.6,1,2,6.83,6.13,MEDIUM
2025-06-10 15:00:00,15,10,6,1,0,35.0,55.9,2,1,6.79,6.83,MEDIUM
2025-06-10 16:00:00,16,10,6,1,0,31.7,51.9,2,3,8.34,6.79,MEDIUM
2025-06-10 17:00:00,17,10,6,1,0,36.2,66.0,2,4,12.21,8.34,HIGH
2025-06-10 18:00:00,18,10,6,1,0,32.1,66.6,6,6,18.63,12.21,HIGH
2025-06-10 19:00:00,19,10,6,1,0,32.4,55.0,5,3,17.03,18.63,HIGH
2025-06-10 20:00:00,20,10,6,1,0,30.6,67.5,8,5,20.32,17.03,HIGH
2025-06-10 21:00:00,21,10,6,1,0,28.4,65.6,6,4,19.34,20.32,HIGH
2025-06-10 22:00:00,22,10,6,1,0,29.1,53.7,5,8,16.66,19.34,HIGH
2025-06-10 23:00:00,23,10,6,1,0,27.4,45.0,5,1,10.88,16.66,MEDIUM
2025-06-11 00:00:00,0,11,6,2,0,25.9,56.3,3,2,7.86,10.88,MEDIUM
2025-06-11 01:00:00,1,11,6,2,0,24.2,54.5,2,2,4.44,7.86,LOW
2025-06-11 02:00:00,2,11,6,2,0,26.4,58.7,2,3,3.45,4.44,LOW
2025-06-11 03:00:00,3,11,6,2,0,29.5,56.7,2,2,2.84,3.45,LOW
2025-06-11 04:00:00,4,11,6,2,0,25.9,58.0,4,1,3.17,2.84,LOW
2025-06-11 05:00:00,5,11,6,2,0,28.6,59.7,2,3,3.68,3.17,LOW
2025-06-11 06:00:00,6,11,6,2,0,23.4,51.4,2,3,4.66,3.68,LOW
2025-06-11 07:00:00,7,11,6,2,0,28.3,59.1,4,2,6.38,4.66,MEDIUM
2025-06-11 08:00:00,8,11,6,2,0,26.4,54.8,5,1,7.47,6.38,MEDIUM
2025-06-11 09:00:00,9,11,6,2,0,26.7,58.5,1,2,6.7,7.47,MEDIUM
2025-06-11 10:00:00,10,11,6,2,0,29.8,61.8,2,0,5.35,6.7,LOW
2025-06-11 11:00:00,11,11,6,2,0,35.9,46.3,3,6,11.02,5.35,HIGH
2025-06-11 12:00:00,12,11,6,2,0,36.3,51.8,3,3,11.27,11.02,HIGH
2025-06-11 13:00:00,13,11,6,2,0,35.3,53.2,1,6,12.17,11.27,HIGH
2025-06-11 14:00:00,14,11,6,2,0,31.4,52.4,2,1,8.77,12.17,MEDIUM
2025-06-11 15:00:00,15,11,6,2,0,34.9,59.4,2,3,9.64,8.77,MEDIUM
2025-06-11 16:00:00,16,11,6,2,0,36.0,49.3,1,3,9.3,9.64,MEDIUM
2025-06-11 17:00:00,17,11,6,2,0,35.2,50.6,4,4,14.26,9.3,HIGH
2025-06-11 18:00:00,18,11,6,2,0,29.3,52.0,7,3,16.04,14.26,HIGH
2025-06-11 19:00:00,19,11,6,2,0,30.7,62.3,6,2,15.33,16.04,HIGH
2025-06-11 20:00:00,20,11,6,2,0,31.5,52.4,6,2,15.46,15.33,HIGH
2025-06-11 21:00:00,21,11,6,2,0,31.7,58.1,5,3,15.12,15.46,HIGH
2025-06-11 22:00:00,22,11,6,2,0,23.6,70.4,8,8,15.44,15.12,HIGH
2025-06-11 23:00:00,23,11,6,2,0,27.5,56.6,4,4,11.83,15.44,HIGH
2025-06-12 00:00:00,0,12,6,3,0,27.2,63.8,2,3,8.8,11.83,MEDIUM
2025-06-12 01:00:00,1,12,6,3,0,28.2,66.7,3,2,5.89,8.8,LOW
2025-06-12 02:00:00,2,12,6,3,0,27.3,63.2,4,0,3.83,5.89,LOW
2025-06-12 03:00:00,3,12,6,3,0,26.8,57.2,3,2,3.38,3.83,LOW
2025-06-12 04:00:00,4,12,6,3,0,23.6,62.4,3,1,2.76,3.38,LOW
2025-06-12 05:00:00,5,12,6,3,0,21.3,51.8,4,1,2.05,2.76,LOW
2025-06-12 06:00:00,6,12,6,3,0,25.9,53.0,3,1,3.3,2.05,LOW
2025-06-12 07:00:00,7,12,6,3,0,30.4,52.2,5,1,5.01,3.3,LOW
2025-06-12 08:00:00,8,12,6,3,0,32.6,68.4,4,1,7.73,5.01,MEDIUM
2025-06-12 09:00:00,9,12,6,3,0,32.2,50.2,1,1,6.42,7.73,MEDIUM
2025-06-12 10:00:00,10,12,6,3,0,32.8,49.9,1,3,7.52,6.42,MEDIUM
2025-06-12 11:00:00,11,12,6,3,0,33.8,48.2,2,1,6.79,7.52,MEDIUM
2025-06-12 12:00:00,12,12,6,3,0,32.5,58.4,2,4,8.9,6.79,MEDIUM
2025-06-12 13:00:00,13,12,6,3,0,34.4,55.1,4,1,8.33,8.9,MEDIUM
2025-06-12 14:00:00,14,12,6,3,0,39.4,58.8,2,0,8.32,8.33,MEDIUM
2025-06-12 15:00:00,15,12,6,3,0,33.0,58.8,2,1,7.65,8.32,MEDIUM
2025-06-12 16:00:00,16,12,6,3,0,39.3,44.0,2,0,7.22,7.65,MEDIUM
2025-06-12 17:00:00,17,12,6,3,0,33.9,49.6,1,6,12.85,7.22,HIGH
2025-06-12 18:00:00,18,12,6,3,0,37.2,61.3,6,0,13.12,12.85,HIGH
2025-06-12 19:00:00,19,12,6,3,0,29.4,55.0,5,6,17.33,13.12,HIGH
2025-06-12 20:00:00,20,12,6,3,0,33.2,61.8,6,9,23.52,17.33,HIGH
2025-06-12 21:00:00,21,12,6,3,0,28.6,55.7,5,5,20.34,23.52,HIGH
2025-06-12 22:00:00,22,12,6,3,0,25.6,52.0,5,3,13.68,20.34,HIGH
2025-06-12 23:00:00,23,12,6,3,0,28.4,54.8,4,4,10.86,13.68,MEDIUM
2025-06-13 00:00:00,0,13,6,4,0,29.4,50.4,3,1,6.99,10.86,MEDIUM
2025-06-13 01:00:00,1,13,6,4,0,23.9,55.0,3,4,4.86,6.99,LOW
2025-06-13 02:00:00,2,13,6,4,0,21.8,60.5,4,3,4.57,4.86,LOW
2025-06-13 03:00:00,3,13,6,4,0,25.2,61.0,2,1,2.76,4.57,LOW
2025-06-13 04:00:00,4,13,6,4,0,25.3,48.3,4,1,2.86,2.76,LOW
2025-06-13 05:00:00,5,13,6,4,0,27.4,56.9,3,2,2.64,2.86,LOW
2025-06-13 06:00:00,6,13,6,4,0,29.2,52.8,2,2,4.12,2.64,LOW
2025-06-13 07:00:00,7,13,6,4,0,27.7,53.0,5,1,5.39,4.12,LOW
2025-06-13 08:00:00,8,13,6,4,0,33.7,55.3,6,1,8.3,5.39,MEDIUM
2025-06-13 09:00:00,9,13,6,4,0,31.0,52.3,3,4,10.01,8.3,MEDIUM
2025-06-13 10:00:00,10,13,6,4,0,30.8,64.0,2,3,9.54,10.01,MEDIUM
2025-06-13 11:00:00,11,13,6,4,0,28.9,63.6,3,1,7.73,9.54,MEDIUM
2025-06-13 12:00:00,12,13,6,4,0,33.3,61.8,1,1,6.58,7.73,MEDIUM
2025-06-13 13:00:00,13,13,6,4,0,33.9,51.5,1,3,7.48,6.58,MEDIUM
2025-06-13 14:00:00,14,13,6,4,0,37.6,47.2,2,3,9.4,7.48,MEDIUM
2025-06-13 15:00:00,15,13,6,4,0,36.5,53.9,2,2,9.65,9.4,MEDIUM
2025-06-13 16:00:00,16,13,6,4,0,32.3,54.2,1,4,9.32,9.65,MEDIUM
2025-06-13 17:00:00,17,13,6,4,0,35.2,50.3,1,3,10.55,9.32,MEDIUM
2025-06-13 18:00:00,18,13,6,4,0,35.6,46.7,4,7,17.08,10.55,HIGH
2025-06-13 19:00:00,19,13,6,4,0,36.7,53.1,5,7,21.88,17.08,HIGH
2025-06-13 20:00:00,20,13,6,4,0,33.9,52.0,4,3,17.87,21.88,HIGH
2025-06-13 21:00:00,21,13,6,4,0,32.3,59.2,4,6,19.56,17.87,HIGH
2025-06-13 22:00:00,22,13,6,4,0,29.2,60.3,4,6,14.98,19.56,HIGH
2025-06-13 23:00:00,23,13,6,4,0,28.9,63.0,2,3,10.44,14.98,MEDIUM
2025-06-14 00:00:00,0,14,6,5,1,30.0,48.4,7,5,12.59,10.44,HIGH
2025-06-14 01:00:00,1,14,6,5,1,22.7,61.3,4,5,8.05,12.59,MEDIUM
2025-06-14 02:00:00,2,14,6,5,1,24.7,53.8,2,4,5.68,8.05,LOW
2025-06-14 03:00:00,3,14,6,5,1,23.5,51.3,5,3,5.09,5.68,LOW
2025-06-14 04:00:00,4,14,6,5,1,26.5,54.8,4,3,4.86,5.09,LOW
2025-06-14 05:00:00,5,14,6,5,1,29.1,62.8,4,2,4.61,4.86,LOW
2025-06-14 06:00:00,6,14,6,5,1,25.4,55.6,3,6,7.82,4.61,MEDIUM
2025-06-14 07:00:00,7,14,6,5,1,21.9,68.6,6,1,7.37,7.82,MEDIUM
2025-06-14 08:00:00,8,14,6,5,1,28.1,60.1,7,7,15.37,7.37,HIGH
2025-06-14 09:00:00,9,14,6,5,1,32.7,52.6,5,4,15.37,15.37,HIGH
2025-06-14 10:00:00,10,14,6,5,1,33.0,61.8,4,5,15.77,15.37,HIGH
2025-06-14 11:00:00,11,14,6,5,1,34.0,57.1,7,2,15.7,15.77,HIGH
2025-06-14 12:00:00,12,14,6,5,1,33.2,49.1,4,2,13.29,15.7,HIGH
2025-06-14 13:00:00,13,14,6,5,1,31.5,66.6,5,3,13.27,13.29,HIGH
2025-06-14 14:00:00,14,14,6,5,1,36.5,55.0,4,5,15.27,13.27,HIGH
2025-06-14 15:00:00,15,14,6,5,1,33.3,54.8,6,7,19.49,15.27,HIGH
2025-06-14 16:00:00,16,14,6,5,1,40.7,46.6,4,4,18.58,19.49,HIGH
2025-06-14 17:00:00,17,14,6,5,1,36.1,60.6,6,7,25.25,18.58,HIGH
2025-06-14 18:00:00,18,14,6,5,1,32.5,58.1,5,5,24.01,25.25,HIGH
2025-06-14 19:00:00,19,14,6,5,1,31.4,59.2,5,7,25.47,24.01,HIGH
2025-06-14 20:00:00,20,14,6,5,1,31.5,52.4,6,5,24.14,25.47,HIGH
2025-06-14 21:00:00,21,14,6,5,1,29.8,61.1,6,4,22.87,24.14,HIGH
2025-06-14 22:00:00,22,14,6,5,1,31.9,60.7,4,3,15.4,22.87,HIGH
2025-06-14 23:00:00,23,14,6,5,1,28.4,52.6,2,3,10.97,15.4,MEDIUM
2025-06-15 00:00:00,0,15,6,6,1,25.0,49.5,3,3,8.47,10.97,MEDIUM
2025-06-15 01:00:00,1,15,6,6,1,30.8,59.2,4,4,7.42,8.47,MEDIUM
2025-06-15 02:00:00,2,15,6,6,1,25.7,48.3,4,3,5.74,7.42,LOW
2025-06-15 03:00:00,3,15,6,6,1,27.3,58.0,2,2,4.13,5.74,LOW
2025-06-15 04:00:00,4,15,6,6,1,24.0,55.7,3,4,3.81,4.13,LOW
2025-06-15 05:00:00,5,15,6,6,1,27.0,64.5,2,3,3.69,3.81,LOW
2025-06-15 06:00:00,6,15,6,6,1,27.6,54.6,2,2,4.94,3.69,LOW
2025-06-15 07:00:00,7,15,6,6,1,23.2,65.4,5,2,5.47,4.94,LOW
2025-06-15 08:00:00,8,15,6,6,1,34.1,51.3,4,3,10.0,5.47,MEDIUM
2025-06-15 09:00:00,9,15,6,6,1,33.6,60.6,5,2,11.7,10.0,HIGH
2025-06-15 10:00:00,10,15,6,6,1,30.7,68.1,7,1,12.61,11.7,HIGH
2025-06-15 11:00:00,11,15,6,6,1,30.1,49.6,4,4,12.85,12.61,HIGH
2025-06-15 12:00:00,12,15,6,6,1,34.8,55.8,5,4,15.33,12.85,HIGH
2025-06-15 13:00:00,13,15,6,6,1,34.9,70.5,4,8,19.5,15.33,HIGH
2025-06-15 14:00:00,14,15,6,6,1,36.1,54.0,10,4,21.84,19.5,HIGH
2025-06-15 15:00:00,15,15,6,6,1,35.9,54.0,6,2,17.92,21.84,HIGH
2025-06-15 16:00:00,16,15,6,6,1,36.5,58.1,5,8,21.65,17.92,HIGH
2025-06-15 17:00:00,17,15,6,6,1,38.3,52.9,6,12,32.73,21.65,HIGH
2025-06-15 18:00:00,18,15,6,6,1,35.3,43.6,4,1,21.82,32.73,HIGH
2025-06-15 19:00:00,19,15,6,6,1,30.3,62.7,6,6,24.21,21.82,HIGH
2025-06-15 20:00:00,20,15,6,6,1,35.1,41.9,5,3,21.89,24.21,HIGH
2025-06-15 21:00:00,21,15,6,6,1,34.5,51.7,4,2,19.11,21.89,HIGH
2025-06-15 22:00:00,22,15,6,6,1,37.0,60.4,5,5,15.96,19.11,HIGH
2025-06-15 23:00:00,23,15,6,6,1,25.1,55.8,2,3,10.45,15.96,MEDIUM
2025-06-16 00:00:00,0,16,6,0,0,27.5,52.8,3,0,6.47,10.45,MEDIUM
2025-06-16 01:00:00,1,16,6,0,0,20.9,64.9,3,2,4.6,6.47,LOW
2025-06-16 02:00:00,2,16,6,0,0,26.9,52.1,2,3,3.35,4.6,LOW
2025-06-16 03:00:00,3,16,6,0,0,24.0,51.1,2,5,4.04,3.35,LOW
2025-06-16 04:00:00,4,16,6,0,0,30.4,57.5,2,3,3.43,4.04,LOW
2025-06-16 05:00:00,5,16,6,0,0,24.1,57.3,2,3,2.88,3.43,LOW
2025-06-16 06:00:00,6,16,6,0,0,22.6,51.5,3,2,3.98,2.88,LOW
2025-06-16 07:00:00,7,16,6,0,0,26.7,61.1,4,0,3.68,3.98,LOW
2025-06-16 08:00:00,8,16,6,0,0,24.2,61.1,6,2,7.19,3.68,MEDIUM
2025-06-16 09:00:00,9,16,6,0,0,32.3,52.9,2,1,6.92,7.19,MEDIUM
2025-06-16 10:00:00,10,16,6,0,0,26.5,55.7,1,2,5.79,6.92,LOW
2025-06-16 11:00:00,11,16,6,0,0,33.0,57.6,2,4,8.77,5.79,MEDIUM
2025-06-16 12:00:00,12,16,6,0,0,28.7,63.7,2,1,7.08,8.77,MEDIUM
2025-06-16 13:00:00,13,16,6,0,0,33.9,52.7,2,4,9.59,7.08,MEDIUM
2025-06-16 14:00:00,14,16,6,0,0,39.3,56.2,1,3,10.4,9.59,MEDIUM
2025-06-16 15:00:00,15,16,6,0,0,36.3,56.9,2,3,10.62,10.4,MEDIUM
2025-06-16 16:00:00,16,16,6,0,0,33.1,60.0,3,0,8.45,10.62,MEDIUM
2025-06-16 17:00:00,17,16,6,0,0,34.6,54.4,2,2,9.62,8.45,MEDIUM
2025-06-16 18:00:00,18,16,6,0,0,34.0,48.9,4,7,16.51,9.62,HIGH
2025-06-16 19:00:00,19,16,6,0,0,34.1,51.6,4,6,18.94,16.51,HIGH
2025-06-16 20:00:00,20,16,6,0,0,28.3,58.7,6,2,16.53,18.94,HIGH
2025-06-16 21:00:00,21,16,6,0,0,31.9,66.2,4,5,17.83,16.53,HIGH
2025-06-16 22:00:00,22,16,6,0,0,22.3,56.2,4,4,11.37,17.83,HIGH
2025-06-16 23:00:00,23,16,6,0,0,26.3,62.3,2,0,6.52,11.37,MEDIUM
2025-06-17 00:00:00,0,17,6,1,0,25.6,55.8,3,0,5.03,6.52,LOW
2025-06-17 01:00:00,1,17,6,1,0,27.6,57.6,2,1,4.15,5.03,LOW
2025-06-17 02:00:00,2,17,6,1,0,25.6,66.9,4,2,4.1,4.15,LOW
2025-06-17 03:00:00,3,17,6,1,0,21.9,63.8,3,0,2.46,4.1,LOW
2025-06-17 04:00:00,4,17,6,1,0,23.1,51.3,3,1,2.0,2.46,LOW
2025-06-17 05:00:00,5,17,6,1,0,26.6,53.9,6,2,3.29,2.0,LOW
2025-06-17 06:00:00,6,17,6,1,0,26.7,64.9,2,5,6.04,3.29,LOW
2025-06-17 07:00:00,7,17,6,1,0,26.4,58.3,5,4,8.04,6.04,MEDIUM
2025-06-17 08:00:00,8,17,6,1,0,27.9,49.9,4,2,8.66,8.04,MEDIUM
2025-06-17 09:00:00,9,17,6,1,0,32.1,50.2,2,2,7.82,8.66,MEDIUM
2025-06-17 10:00:00,10,17,6,1,0,30.4,60.1,1,0,4.97,7.82,LOW
2025-06-17 11:00:00,11,17,6,1,0,32.7,60.9,3,1,6.98,4.97,MEDIUM
2025-06-17 12:00:00,12,17,6,1,0,39.4,52.3,3,2,9.15,6.98,MEDIUM
2025-06-17 13:00:00,13,17,6,1,0,31.2,70.4,2,1,7.28,9.15,MEDIUM
2025-06-17 14:00:00,14,17,6,1,0,30.6,60.7,1,1,5.63,7.28,LOW
2025-06-17 15:00:00,15,17,6,1,0,37.4,51.6,1,2,6.95,5.63,MEDIUM
2025-06-17 16:00:00,16,17,6,1,0,33.5,49.7,1,0,6.11,6.95,LOW
2025-06-17 17:00:00,17,17,6,1,0,33.9,48.6,4,3,11.25,6.11,HIGH
2025-06-17 18:00:00,18,17,6,1,0,32.0,57.2,4,7,17.62,11.25,HIGH
2025-06-17 19:00:00,19,17,6,1,0,32.2,52.2,6,8,22.92,17.62,HIGH
2025-06-17 20:00:00,20,17,6,1,0,35.7,63.8,7,9,27.66,22.92,HIGH
2025-06-17 21:00:00,21,17,6,1,0,32.4,63.8,5,5,22.83,27.66,HIGH
2025-06-17 22:00:00,22,17,6,1,0,31.3,59.3,5,3,15.48,22.83,HIGH
2025-06-17 23:00:00,23,17,6,1,0,24.4,51.2,2,1,8.42,15.48,MEDIUM
2025-06-18 00:00:00,0,18,6,2,0,24.0,54.4,2,3,6.03,8.42,LOW
2025-06-18 01:00:00,1,18,6,2,0,19.0,67.9,2,1,2.96,6.03,LOW
2025-06-18 02:00:00,2,18,6,2,0,23.5,55.2,5,2,3.38,2.96,LOW
2025-06-18 03:00:00,3,18,6,2,0,27.8,63.6,2,2,3.22,3.38,LOW
2025-06-18 04:00:00,4,18,6,2,0,26.9,60.1,3,2,2.23,3.22,LOW
2025-06-18 05:00:00,5,18,6,2,0,25.5,58.1,3,1,2.01,2.23,LOW
2025-06-18 06:00:00,6,18,6,2,0,26.8,53.1,3,2,4.02,2.01,LOW
2025-06-18 07:00:00,7,18,6,2,0,26.2,57.0,5,1,5.04,4.02,LOW
2025-06-18 08:00:00,8,18,6,2,0,29.6,57.3,6,2,8.33,5.04,MEDIUM
2025-06-18 09:00:00,9,18,6,2,0,32.3,61.3,1,5,9.89,8.33,MEDIUM
2025-06-18 10:00:00,10,18,6,2,0,27.6,51.6,3,5,11.35,9.89,HIGH
2025-06-18 11:00:00,11,18,6,2,0,33.6,53.0,3,4,11.99,11.35,HIGH
2025-06-18 12:00:00,12,18,6,2,0,36.3,53.7,4,2,11.78,11.99,HIGH
2025-06-18 13:00:00,13,18,6,2,0,33.7,58.5,1,2,9.18,11.78,MEDIUM
2025-06-18 14:00:00,14,18,6,2,0,37.0,47.7,4,1,9.16,9.18,MEDIUM
2025-06-18 15:00:00,15,18,6,2,0,42.0,43.3,1,0,7.97,9.16,MEDIUM
2025-06-18 16:00:00,16,18,6,2,0,35.0,58.0,2,3,9.46,7.97,MEDIUM
2025-06-18 17:00:00,17,18,6,2,0,35.7,44.6,1,3,10.73,9.46,MEDIUM
2025-06-18 18:00:00,18,18,6,2,0,32.1,62.9,4,8,18.26,10.73,HIGH
2025-06-18 19:00:00,19,18,6,2,0,33.3,53.7,8,6,22.75,18.26,HIGH
2025-06-18 20:00:00,20,18,6,2,0,32.8,45.6,7,9,26.43,22.75,HIGH
2025-06-18 21:00:00,21,18,6,2,0,30.9,52.8,4,10,27.0,26.43,HIGH
2025-06-18 22:00:00,22,18,6,2,0,26.5,59.7,8,3,17.83,27.0,HIGH
2025-06-18 23:00:00,23,18,6,2,0,28.4,53.4,5,2,11.87,17.83,HIGH
2025-06-19 00:00:00,0,19,6,3,0,30.5,55.9,2,1,8.14,11.87,MEDIUM
2025-06-19 01:00:00,1,19,6,3,0,27.2,61.6,3,2,4.82,8.14,LOW
2025-06-19 02:00:00,2,19,6,3,0,28.0,55.6,4,1,4.48,4.82,LOW
2025-06-19 03:00:00,3,19,6,3,0,24.8,52.5,3,0,2.86,4.48,LOW
2025-06-19 04:00:00,4,19,6,3,0,27.4,55.2,2,1,2.31,2.86,LOW
2025-06-19 05:00:00,5,19,6,3,0,26.8,65.8,3,3,3.24,2.31,LOW
2025-06-19 06:00:00,6,19,6,3,0,24.5,68.3,2,2,3.27,3.24,LOW
2025-06-19 07:00:00,7,19,6,3,0,28.7,44.4,6,0,5.58,3.27,LOW
2025-06-19 08:00:00,8,19,6,3,0,26.6,63.9,4,2,6.9,5.58,MEDIUM
2025-06-19 09:00:00,9,19,6,3,0,28.8,58.0,1,1,5.89,6.9,LOW
2025-06-19 10:00:00,10,19,6,3,0,32.2,60.7,2,2,7.02,5.89,MEDIUM
2025-06-19 11:00:00,11,19,6,3,0,33.6,51.3,3,2,7.96,7.02,MEDIUM
2025-06-19 12:00:00,12,19,6,3,0,31.0,45.0,1,0,5.97,7.96,LOW
2025-06-19 13:00:00,13,19,6,3,0,37.4,56.5,2,1,7.27,5.97,MEDIUM
2025-06-19 14:00:00,14,19,6,3,0,36.7,47.7,3,2,9.98,7.27,MEDIUM
2025-06-19 15:00:00,15,19,6,3,0,33.6,46.2,1,1,7.85,9.98,MEDIUM
2025-06-19 16:00:00,16,19,6,3,0,31.4,47.5,2,4,9.12,7.85,MEDIUM
2025-06-19 17:00:00,17,19,6,3,0,34.4,57.8,1,5,11.95,9.12,HIGH
2025-06-19 18:00:00,18,19,6,3,0,32.8,55.7,4,6,16.56,11.95,HIGH
2025-06-19 19:00:00,19,19,6,3,0,33.2,59.4,6,1,15.42,16.56,HIGH
2025-06-19 20:00:00,20,19,6,3,0,30.8,59.7,5,3,15.5,15.42,HIGH
2025-06-19 21:00:00,21,19,6,3,0,25.4,55.3,5,5,16.88,15.5,HIGH
2025-06-19 22:00:00,22,19,6,3,0,28.1,56.3,4,6,13.58,16.88,HIGH
2025-06-19 23:00:00,23,19,6,3,0,27.1,54.1,3,1,8.12,13.58,MEDIUM
2025-06-20 00:00:00,0,20,6,4,0,28.4,55.4,2,2,6.26,8.12,MEDIUM
2025-06-20 01:00:00,1,20,6,4,0,24.3,52.5,6,3,4.9,6.26,LOW
2025-06-20 02:00:00,2,20,6,4,0,29.8,58.4,2,1,3.56,4.9,LOW
2025-06-20 03:00:00,3,20,6,4,0,20.6,66.2,2,0,2.34,3.56,LOW
2025-06-20 04:00:00,4,20,6,4,0,28.8,51.6,2,2,2.32,2.34,LOW
2025-06-20 05:00:00,5,20,6,4,0,25.5,65.5,2,2,1.75,2.32,LOW
2025-06-20 06:00:00,6,20,6,4,0,29.0,57.1,3,2,5.01,1.75,LOW
2025-06-20 07:00:00,7,20,6,4,0,28.1,58.2,5,1,5.76,5.01,LOW
2025-06-20 08:00:00,8,20,6,4,0,31.9,45.0,5,1,7.95,5.76,MEDIUM
2025-06-20 09:00:00,9,20,6,4,0,29.4,45.4,1,2,6.27,7.95,MEDIUM
2025-06-20 10:00:00,10,20,6,4,0,28.9,57.3,1,4,7.92,6.27,MEDIUM
2025-06-20 11:00:00,11,20,6,4,0,36.4,58.2,3,3,10.32,7.92,MEDIUM
2025-06-20 12:00:00,12,20,6,4,0,33.6,50.5,2,2,9.35,10.32,MEDIUM
2025-06-20 13:00:00,13,20,6,4,0,35.3,63.9,1,0,6.96,9.35,MEDIUM
2025-06-20 14:00:00,14,20,6,4,0,38.3,57.1,1,1,7.15,6.96,MEDIUM
2025-06-20 15:00:00,15,20,6,4,0,32.8,49.4,2,5,9.72,7.15,MEDIUM
2025-06-20 16:00:00,16,20,6,4,0,36.7,53.5,1,1,7.84,9.72,MEDIUM
2025-06-20 17:00:00,17,20,6,4,0,33.2,69.6,1,2,8.7,7.84,MEDIUM
2025-06-20 18:00:00,18,20,6,4,0,33.6,47.1,4,5,14.88,8.7,HIGH
2025-06-20 19:00:00,19,20,6,4,0,33.1,57.9,5,6,19.04,14.88,HIGH
2025-06-20 20:00:00,20,20,6,4,0,27.9,54.9,4,2,14.63,19.04,HIGH
2025-06-20 21:00:00,21,20,6,4,0,28.4,60.9,5,3,14.56,14.63,HIGH
2025-06-20 22:00:00,22,20,6,4,0,32.5,62.6,5,4,11.42,14.56,HIGH
2025-06-20 23:00:00,23,20,6,4,0,30.1,53.6,3,0,7.51,11.42,MEDIUM
2025-06-21 00:00:00,0,21,6,5,1,26.7,64.0,2,3,6.91,7.51,MEDIUM
2025-06-21 01:00:00,1,21,6,5,1,26.7,70.6,4,7,7.0,6.91,MEDIUM
2025-06-21 02:00:00,2,21,6,5,1,24.8,58.5,2,2,5.63,7.0,LOW
2025-06-21 03:00:00,3,21,6,5,1,28.8,61.2,2,5,5.11,5.63,LOW
2025-06-21 04:00:00,4,21,6,5,1,25.1,54.4,2,1,3.46,5.11,LOW
2025-06-21 05:00:00,5,21,6,5,1,26.6,57.5,2,0,2.18,3.46,LOW
2025-06-21 06:00:00,6,21,6,5,1,29.7,55.1,2,1,3.6,2.18,LOW
2025-06-21 07:00:00,7,21,6,5,1,25.9,62.4,4,4,6.4,3.6,MEDIUM
2025-06-21 08:00:00,8,21,6,5,1,33.0,62.0,4,3,9.88,6.4,MEDIUM
2025-06-21 09:00:00,9,21,6,5,1,26.6,56.7,4,5,11.85,9.88,HIGH
2025-06-21 10:00:00,10,21,6,5,1,35.8,62.9,6,0,11.45,11.85,HIGH
2025-06-21 11:00:00,11,21,6,5,1,32.0,64.4,7,2,13.51,11.45,HIGH
2025-06-21 12:00:00,12,21,6,5,1,33.3,59.8,6,3,14.72,13.51,HIGH
2025-06-21 13:00:00,13,21,6,5,1,30.0,52.9,6,2,13.8,14.72,HIGH
2025-06-21 14:00:00,14,21,6,5,1,34.1,50.7,5,3,14.29,13.8,HIGH
2025-06-21 15:00:00,15,21,6,5,1,32.8,50.0,4,4,14.74,14.29,HIGH
2025-06-21 16:00:00,16,21,6,5,1,33.7,60.2,4,6,16.89,14.74,HIGH
2025-06-21 17:00:00,17,21,6,5,1,34.4,47.0,5,6,22.01,16.89,HIGH
2025-06-21 18:00:00,18,21,6,5,1,36.3,57.5,6,6,25.5,22.01,HIGH
2025-06-21 19:00:00,19,21,6,5,1,33.4,48.2,4,3,21.48,25.5,HIGH
2025-06-21 20:00:00,20,21,6,5,1,32.5,59.9,6,4,21.4,21.48,HIGH
2025-06-21 21:00:00,21,21,6,5,1,27.7,57.0,4,5,20.13,21.4,HIGH
2025-06-21 22:00:00,22,21,6,5,1,26.9,65.2,5,6,15.83,20.13,HIGH
2025-06-21 23:00:00,23,21,6,5,1,32.4,61.9,2,2,11.04,15.83,HIGH
2025-06-22 00:00:00,0,22,6,6,1,25.0,66.6,4,2,8.48,11.04,MEDIUM
2025-06-22 01:00:00,1,22,6,6,1,30.2,64.7,3,1,5.17,8.48,LOW
2025-06-22 02:00:00,2,22,6,6,1,25.0,58.9,2,2,3.82,5.17,LOW
2025-06-22 03:00:00,3,22,6,6,1,25.4,50.9,3,2,3.71,3.82,LOW
2025-06-22 04:00:00,4,22,6,6,1,28.2,50.4,4,1,3.74,3.71,LOW
2025-06-22 05:00:00,5,22,6,6,1,29.2,43.8,3,1,3.63,3.74,LOW
2025-06-22 06:00:00,6,22,6,6,1,26.6,50.9,2,2,4.6,3.63,LOW
2025-06-22 07:00:00,7,22,6,6,1,26.9,57.7,5,2,6.58,4.6,MEDIUM
2025-06-22 08:00:00,8,22,6,6,1,29.0,53.0,4,1,7.72,6.58,MEDIUM
2025-06-22 09:00:00,9,22,6,6,1,31.2,54.4,5,4,11.98,7.72,HIGH
2025-06-22 10:00:00,10,22,6,6,1,33.9,57.4,6,6,16.63,11.98,HIGH
2025-06-22 11:00:00,11,22,6,6,1,32.9,53.0,5,3,15.75,16.63,HIGH
2025-06-22 12:00:00,12,22,6,6,1,35.5,47.1,5,3,14.95,15.75,HIGH
2025-06-22 13:00:00,13,22,6,6,1,38.8,52.2,7,4,17.58,14.95,HIGH
2025-06-22 14:00:00,14,22,6,6,1,36.2,48.1,5,3,17.18,17.58,HIGH
2025-06-22 15:00:00,15,22,6,6,1,36.2,51.9,5,1,14.5,17.18,HIGH
2025-06-22 16:00:00,16,22,6,6,1,31.4,63.5,4,0,10.95,14.5,MEDIUM
2025-06-22 17:00:00,17,22,6,6,1,28.1,55.1,7,4,16.76,10.95,HIGH
2025-06-22 18:00:00,18,22,6,6,1,34.9,64.7,4,6,21.37,16.76,HIGH
2025-06-22 19:00:00,19,22,6,6,1,32.7,63.5,5,4,21.73,21.37,HIGH
2025-06-22 20:00:00,20,22,6,6,1,30.4,52.4,6,4,22.23,21.73,HIGH
2025-06-22 21:00:00,21,22,6,6,1,31.0,48.9,6,7,25.11,22.23,HIGH
2025-06-22 22:00:00,22,22,6,6,1,28.9,56.1,5,4,17.7,25.11,HIGH
2025-06-22 23:00:00,23,22,6,6,1,30.7,62.6,2,2,11.44,17.7,HIGH
2025-06-23 00:00:00,0,23,6,0,0,27.1,54.2,3,4,8.43,11.44,MEDIUM
2025-06-23 01:00:00,1,23,6,0,0,24.2,63.8,6,3,5.63,8.43,LOW
2025-06-23 02:00:00,2,23,6,0,0,28.0,64.1,3,0,2.91,5.63,LOW
2025-06-23 03:00:00,3,23,6,0,0,24.8,53.4,2,2,2.75,2.91,LOW
2025-06-23 04:00:00,4,23,6,0,0,26.9,53.2,2,2,2.53,2.75,LOW
2025-06-23 05:00:00,5,23,6,0,0,24.9,62.3,4,2,2.59,2.53,LOW
2025-06-23 06:00:00,6,23,6,0,0,25.2,58.8,3,1,3.36,2.59,LOW
2025-06-23 07:00:00,7,23,6,0,0,28.1,52.6,5,0,4.95,3.36,LOW
2025-06-23 08:00:00,8,23,6,0,0,29.1,54.2,4,2,7.15,4.95,MEDIUM
2025-06-23 09:00:00,9,23,6,0,0,31.6,54.9,2,3,8.39,7.15,MEDIUM
2025-06-23 10:00:00,10,23,6,0,0,31.0,46.2,3,0,7.17,8.39,MEDIUM
2025-06-23 11:00:00,11,23,6,0,0,28.3,61.3,3,3,7.91,7.17,MEDIUM
2025-06-23 12:00:00,12,23,6,0,0,32.8,52.0,1,2,7.64,7.91,MEDIUM
2025-06-23 13:00:00,13,23,6,0,0,36.7,36.6,2,1,8.05,7.64,MEDIUM
2025-06-23 14:00:00,14,23,6,0,0,34.5,54.1,4,3,10.63,8.05,MEDIUM
2025-06-23 15:00:00,15,23,6,0,0,34.8,49.6,1,2,8.93,10.63,MEDIUM
2025-06-23 16:00:00,16,23,6,0,0,37.7,63.1,1,2,9.0,8.93,MEDIUM
2025-06-23 17:00:00,17,23,6,0,0,32.9,51.3,3,6,14.94,9.0,HIGH
2025-06-23 18:00:00,18,23,6,0,0,30.1,49.4,6,3,16.04,14.94,HIGH
2025-06-23 19:00:00,19,23,6,0,0,32.5,58.0,5,4,17.61,16.04,HIGH
2025-06-23 20:00:00,20,23,6,0,0,30.5,51.8,6,3,17.91,17.61,HIGH
2025-06-23 21:00:00,21,23,6,0,0,28.0,52.1,4,5,17.81,17.91,HIGH
2025-06-23 22:00:00,22,23,6,0,0,28.7,59.6,6,3,13.02,17.81,HIGH
2025-06-23 23:00:00,23,23,6,0,0,29.1,50.1,2,1,7.95,13.02,MEDIUM
2025-06-24 00:00:00,0,24,6,1,0,26.8,48.5,3,0,5.6,7.95,LOW
2025-06-24 01:00:00,1,24,6,1,0,26.8,67.6,2,3,4.24,5.6,LOW
2025-06-24 02:00:00,2,24,6,1,0,30.1,59.4,4,1,3.99,4.24,LOW
2025-06-24 03:00:00,3,24,6,1,0,24.5,56.6,4,2,3.12,3.99,LOW
2025-06-24 04:00:00,4,24,6,1,0,26.3,57.5,3,2,3.31,3.12,LOW
2025-06-24 05:00:00,5,24,6,1,0,24.8,61.1,4,2,2.67,3.31,LOW
2025-06-24 06:00:00,6,24,6,1,0,24.7,64.0,2,2,3.47,2.67,LOW
2025-06-24 07:00:00,7,24,6,1,0,26.4,52.9,5,1,4.97,3.47,LOW
2025-06-24 08:00:00,8,24,6,1,0,27.9,59.0,5,4,9.17,4.97,MEDIUM
2025-06-24 09:00:00,9,24,6,1,0,31.3,52.4,3,2,9.07,9.17,MEDIUM
2025-06-24 10:00:00,10,24,6,1,0,37.6,51.8,4,2,10.92,9.07,MEDIUM
2025-06-24 11:00:00,11,24,6,1,0,31.1,56.5,4,1,9.26,10.92,MEDIUM
2025-06-24 12:00:00,12,24,6,1,0,32.9,54.8,2,3,8.94,9.26,MEDIUM
2025-06-24 13:00:00,13,24,6,1,0,34.6,58.6,2,3,9.15,8.94,MEDIUM
2025-06-24 14:00:00,14,24,6,1,0,36.2,56.4,1,2,8.51,9.15,MEDIUM
2025-06-24 15:00:00,15,24,6,1,0,36.1,44.5,1,1,7.88,8.51,MEDIUM
2025-06-24 16:00:00,16,24,6,1,0,38.4,44.5,3,1,8.56,7.88,MEDIUM
2025-06-24 17:00:00,17,24,6,1,0,28.7,54.3,4,3,12.12,8.56,HIGH
2025-06-24 18:00:00,18,24,6,1,0,28.0,67.8,5,4,14.21,12.12,HIGH
2025-06-24 19:00:00,19,24,6,1,0,31.7,50.2,4,5,15.97,14.21,HIGH
2025-06-24 20:00:00,20,24,6,1,0,34.4,53.0,4,4,16.98,15.97,HIGH
2025-06-24 21:00:00,21,24,6,1,0,26.5,54.2,5,3,15.25,16.98,HIGH
2025-06-24 22:00:00,22,24,6,1,0,21.6,56.0,5,7,12.97,15.25,HIGH
2025-06-24 23:00:00,23,24,6,1,0,29.3,57.3,3,3,9.69,12.97,MEDIUM
2025-06-25 00:00:00,0,25,6,2,0,27.5,65.4,3,2,7.0,9.69,MEDIUM
2025-06-25 01:00:00,1,25,6,2,0,23.3,61.4,3,1,4.44,7.0,LOW
2025-06-25 02:00:00,2,25,6,2,0,23.1,53.9,5,1,3.61,4.44,LOW
2025-06-25 03:00:00,3,25,6,2,0,23.0,75.3,2,0,2.13,3.61,LOW
2025-06-25 04:00:00,4,25,6,2,0,25.8,58.2,2,0,1.72,2.13,LOW
2025-06-25 05:00:00,5,25,6,2,0,24.5,54.7,2,3,2.96,1.72,LOW
2025-06-25 06:00:00,6,25,6,2,0,28.1,65.2,3,2,4.38,2.96,LOW
2025-06-25 07:00:00,7,25,6,2,0,20.8,56.9,6,1,5.14,4.38,LOW
2025-06-25 08:00:00,8,25,6,2,0,27.0,67.2,8,4,11.13,5.14,HIGH
2025-06-25 09:00:00,9,25,6,2,0,27.6,51.7,3,2,8.99,11.13,MEDIUM
2025-06-25 10:00:00,10,25,6,2,0,31.0,64.2,2,2,8.39,8.99,MEDIUM
2025-06-25 11:00:00,11,25,6,2,0,31.5,56.6,2,4,9.89,8.39,MEDIUM
2025-06-25 12:00:00,12,25,6,2,0,35.9,61.4,2,1,9.1,9.89,MEDIUM
2025-06-25 13:00:00,13,25,6,2,0,30.1,67.4,2,1,7.26,9.1,MEDIUM
2025-06-25 14:00:00,14,25,6,2,0,35.3,47.1,2,2,7.66,7.26,MEDIUM
2025-06-25 15:00:00,15,25,6,2,0,36.8,60.9,4,2,9.59,7.66,MEDIUM
2025-06-25 16:00:00,16,25,6,2,0,39.9,43.6,3,2,10.52,9.59,MEDIUM
2025-06-25 17:00:00,17,25,6,2,0,33.5,48.3,2,12,20.78,10.52,HIGH
2025-06-25 18:00:00,18,25,6,2,0,34.7,49.3,5,2,17.86,20.78,HIGH
2025-06-25 19:00:00,19,25,6,2,0,28.4,59.7,5,3,16.85,17.86,HIGH
2025-06-25 20:00:00,20,25,6,2,0,25.7,57.9,4,3,14.28,16.85,HIGH
2025-06-25 21:00:00,21,25,6,2,0,32.5,54.0,5,5,17.24,14.28,HIGH
2025-06-25 22:00:00,22,25,6,2,0,29.1,57.2,5,4,13.32,17.24,HIGH
2025-06-25 23:00:00,23,25,6,2,0,30.8,59.2,3,1,8.43,13.32,MEDIUM
2025-06-26 00:00:00,0,26,6,3,0,23.4,62.6,4,3,7.46,8.43,MEDIUM
2025-06-26 01:00:00,1,26,6,3,0,27.4,63.6,3,1,4.48,7.46,LOW
2025-06-26 02:00:00,2,26,6,3,0,30.2,66.8,2,1,2.7,4.48,LOW
2025-06-26 03:00:00,3,26,6,3,0,26.4,57.3,3,1,2.41,2.7,LOW
2025-06-26 04:00:00,4,26,6,3,0,26.3,54.4,2,1,1.88,2.41,LOW
2025-06-26 05:00:00,5,26,6,3,0,26.1,61.2,2,1,2.03,1.88,LOW
2025-06-26 06:00:00,6,26,6,3,0,22.9,52.0,2,2,3.23,2.03,LOW
2025-06-26 07:00:00,7,26,6,3,0,31.3,51.4,4,0,4.29,3.23,LOW
2025-06-26 08:00:00,8,26,6,3,0,27.6,63.0,4,1,5.6,4.29,LOW
2025-06-26 09:00:00,9,26,6,3,0,31.7,54.6,2,2,6.61,5.6,MEDIUM
2025-06-26 10:00:00,10,26,6,3,0,27.8,49.6,2,3,7.52,6.61,MEDIUM
2025-06-26 11:00:00,11,26,6,3,0,29.9,47.1,3,0,6.07,7.52,LOW
2025-06-26 12:00:00,12,26,6,3,0,37.5,53.3,2,1,7.13,6.07,MEDIUM
2025-06-26 13:00:00,13,26,6,3,0,33.9,61.3,1,1,6.6,7.13,MEDIUM
2025-06-26 14:00:00,14,26,6,3,0,38.9,59.2,1,0,6.51,6.6,MEDIUM
2025-06-26 15:00:00,15,26,6,3,0,35.2,54.6,1,2,7.0,6.51,MEDIUM
2025-06-26 16:00:00,16,26,6,3,0,30.6,67.8,1,2,6.59,7.0,MEDIUM
2025-06-26 17:00:00,17,26,6,3,0,37.0,52.6,1,3,10.01,6.59,MEDIUM
2025-06-26 18:00:00,18,26,6,3,0,32.5,54.2,5,4,14.32,10.01,HIGH
2025-06-26 19:00:00,19,26,6,3,0,34.6,38.8,7,8,22.07,14.32,HIGH
2025-06-26 20:00:00,20,26,6,3,0,31.7,52.6,7,4,21.46,22.07,HIGH
2025-06-26 21:00:00,21,26,6,3,0,26.5,62.5,5,5,19.43,21.46,HIGH
2025-06-26 22:00:00,22,26,6,3,0,29.5,65.6,4,2,12.65,19.43,HIGH
2025-06-26 23:00:00,23,26,6,3,0,33.4,49.7,2,1,8.24,12.65,MEDIUM
2025-06-27 00:00:00,0,27,6,4,0,28.1,59.5,3,0,5.73,8.24,LOW
2025-06-27 01:00:00,1,27,6,4,0,25.9,63.9,2,2,3.24,5.73,LOW
2025-06-27 02:00:00,2,27,6,4,0,28.3,56.7,3,2,3.33,3.24,LOW
2025-06-27 03:00:00,3,27,6,4,0,25.9,43.9,4,1,2.75,3.33,LOW
2025-06-27 04:00:00,4,27,6,4,0,26.1,59.0,2,0,1.89,2.75,LOW
2025-06-27 05:00:00,5,27,6,4,0,23.3,63.2,5,3,2.94,1.89,LOW
2025-06-27 06:00:00,6,27,6,4,0,27.4,51.4,3,1,3.68,2.94,LOW
2025-06-27 07:00:00,7,27,6,4,0,30.5,54.3,5,4,7.08,3.68,MEDIUM
2025-06-27 08:00:00,8,27,6,4,0,27.0,50.3,4,0,6.31,7.08,MEDIUM
2025-06-27 09:00:00,9,27,6,4,0,34.0,39.0,2,0,5.99,6.31,LOW
2025-06-27 10:00:00,10,27,6,4,0,31.5,61.6,1,2,5.94,5.99,LOW
2025-06-27 11:00:00,11,27,6,4,0,30.7,55.7,3,2,7.64,5.94,MEDIUM
2025-06-27 12:00:00,12,27,6,4,0,36.4,63.0,2,0,6.85,7.64,MEDIUM
2025-06-27 13:00:00,13,27,6,4,0,34.0,59.5,3,1,7.63,6.85,MEDIUM
2025-06-27 14:00:00,14,27,6,4,0,37.1,51.0,3,1,8.31,7.63,MEDIUM
2025-06-27 15:00:00,15,27,6,4,0,34.7,53.6,1,2,7.55,8.31,MEDIUM
2025-06-27 16:00:00,16,27,6,4,0,35.1,57.4,1,1,7.75,7.55,MEDIUM
2025-06-27 17:00:00,17,27,6,4,0,36.0,59.4,2,2,10.02,7.75,MEDIUM
2025-06-27 18:00:00,18,27,6,4,0,34.7,56.1,5,5,15.51,10.02,HIGH
2025-06-27 19:00:00,19,27,6,4,0,27.9,63.5,4,5,16.35,15.51,HIGH
2025-06-27 20:00:00,20,27,6,4,0,28.9,54.7,5,1,13.46,16.35,HIGH
2025-06-27 21:00:00,21,27,6,4,0,32.7,48.9,5,3,15.08,13.46,HIGH
2025-06-27 22:00:00,22,27,6,4,0,28.8,56.1,4,3,10.42,15.08,MEDIUM
2025-06-27 23:00:00,23,27,6,4,0,26.6,58.6,2,4,8.39,10.42,MEDIUM
2025-06-28 00:00:00,0,28,6,5,1,23.5,51.4,3,4,7.86,8.39,MEDIUM
2025-06-28 01:00:00,1,28,6,5,1,23.4,50.6,3,7,7.41,7.86,MEDIUM
2025-06-28 02:00:00,2,28,6,5,1,20.5,62.5,4,8,7.25,7.41,MEDIUM
2025-06-28 03:00:00,3,28,6,5,1,25.1,55.5,2,3,5.3,7.25,LOW
2025-06-28 04:00:00,4,28,6,5,1,24.1,57.4,2,6,5.45,5.3,LOW
2025-06-28 05:00:00,5,28,6,5,1,23.6,56.4,4,2,4.47,5.45,LOW
2025-06-28 06:00:00,6,28,6,5,1,26.7,66.4,5,8,10.43,4.47,MEDIUM
2025-06-28 07:00:00,7,28,6,5,1,28.8,64.1,4,4,10.58,10.43,MEDIUM
2025-06-28 08:00:00,8,28,6,5,1,34.3,46.9,4,7,15.78,10.58,HIGH
2025-06-28 09:00:00,9,28,6,5,1,26.6,54.2,6,3,14.9,15.78,HIGH
2025-06-28 10:00:00,10,28,6,5,1,34.6,59.3,4,3,14.23,14.9,HIGH
2025-06-28 11:00:00,11,28,6,5,1,35.3,57.5,6,3,15.55,14.23,HIGH
2025-06-28 12:00:00,12,28,6,5,1,32.0,55.0,4,3,13.78,15.55,HIGH
2025-06-28 13:00:00,13,28,6,5,1,35.2,47.1,5,0,11.47,13.78,HIGH
2025-06-28 14:00:00,14,28,6,5,1,34.1,50.3,4,5,14.53,11.47,HIGH
2025-06-28 15:00:00,15,28,6,5,1,35.9,50.5,4,4,15.73,14.53,HIGH
2025-06-28 16:00:00,16,28,6,5,1,39.0,54.1,6,4,17.7,15.73,HIGH
2025-06-28 17:00:00,17,28,6,5,1,36.2,63.7,6,3,20.69,17.7,HIGH
2025-06-28 18:00:00,18,28,6,5,1,35.2,49.8,7,6,25.75,20.69,HIGH
2025-06-28 19:00:00,19,28,6,5,1,31.8,49.1,5,3,21.76,25.75,HIGH
2025-06-28 20:00:00,20,28,6,5,1,28.0,56.1,5,6,23.19,21.76,HIGH
2025-06-28 21:00:00,21,28,6,5,1,29.9,62.2,6,3,21.54,23.19,HIGH
2025-06-28 22:00:00,22,28,6,5,1,32.1,46.5,4,2,13.83,21.54,HIGH
2025-06-28 23:00:00,23,28,6,5,1,24.1,67.1,3,8,13.28,13.83,HIGH
2025-06-29 00:00:00,0,29,6,6,1,24.2,57.3,2,4,10.09,13.28,MEDIUM
2025-06-29 01:00:00,1,29,6,6,1,26.4,53.0,5,3,7.43,10.09,MEDIUM
2025-06-29 02:00:00,2,29,6,6,1,23.1,49.2,3,1,4.82,7.43,LOW
2025-06-29 03:00:00,3,29,6,6,1,23.4,62.9,6,6,5.87,4.82,LOW
2025-06-29 04:00:00,4,29,6,6,1,24.5,57.2,2,3,4.28,5.87,LOW
2025-06-29 05:00:00,5,29,6,6,1,22.6,60.0,3,1,3.15,4.28,LOW
2025-06-29 06:00:00,6,29,6,6,1,24.4,52.8,2,4,5.11,3.15,LOW
2025-06-29 07:00:00,7,29,6,6,1,29.7,54.2,4,7,9.43,5.11,MEDIUM
2025-06-29 08:00:00,8,29,6,6,1,25.8,54.8,5,4,12.07,9.43,HIGH
2025-06-29 09:00:00,9,29,6,6,1,26.4,56.8,4,6,14.54,12.07,HIGH
2025-06-29 10:00:00,10,29,6,6,1,30.1,51.9,6,4,16.24,14.54,HIGH
2025-06-29 11:00:00,11,29,6,6,1,34.7,44.9,5,1,13.64,16.24,HIGH
2025-06-29 12:00:00,12,29,6,6,1,33.4,71.0,6,2,14.23,13.64,HIGH
2025-06-29 13:00:00,13,29,6,6,1,33.6,46.4,5,2,13.56,14.23,HIGH
2025-06-29 14:00:00,14,29,6,6,1,35.3,55.0,4,3,13.85,13.56,HIGH
2025-06-29 15:00:00,15,29,6,6,1,31.0,45.0,5,2,12.79,13.85,HIGH
2025-06-29 16:00:00,16,29,6,6,1,36.5,41.4,4,2,12.88,12.79,HIGH
2025-06-29 17:00:00,17,29,6,6,1,35.7,54.3,5,5,19.8,12.88,HIGH
2025-06-29 18:00:00,18,29,6,6,1,32.9,55.9,7,3,20.97,19.8,HIGH
2025-06-29 19:00:00,19,29,6,6,1,35.4,61.4,5,5,23.03,20.97,HIGH
2025-06-29 20:00:00,20,29,6,6,1,28.9,58.8,4,9,25.94,23.03,HIGH
2025-06-29 21:00:00,21,29,6,6,1,33.2,53.8,4,3,20.86,25.94,HIGH
2025-06-29 22:00:00,22,29,6,6,1,29.5,50.5,5,4,15.41,20.86,HIGH
2025-06-29 23:00:00,23,29,6,6,1,27.1,66.2,5,4,13.38,15.41,HIGH
2025-06-30 00:00:00,0,30,6,0,0,26.8,62.9,5,2,9.56,13.38,MEDIUM
2025-06-30 01:00:00,1,30,6,0,0,25.8,50.2,4,5,6.6,9.56,MEDIUM
2025-06-30 02:00:00,2,30,6,0,0,28.6,56.8,3,1,4.04,6.6,LOW
2025-06-30 03:00:00,3,30,6,0,0,22.7,59.8,2,1,3.33,4.04,LOW
2025-06-30 04:00:00,4,30,6,0,0,23.7,56.4,3,4,3.89,3.33,LOW
2025-06-30 05:00:00,5,30,6,0,0,28.7,61.2,4,0,3.27,3.89,LOW
2025-06-30 06:00:00,6,30,6,0,0,25.4,62.8,3,1,4.2,3.27,LOW
2025-06-30 07:00:00,7,30,6,0,0,30.1,54.8,6,1,6.25,4.2,MEDIUM
2025-06-30 08:00:00,8,30,6,0,0,33.3,53.0,7,1,9.39,6.25,MEDIUM
2025-06-30 09:00:00,9,30,6,0,0,29.4,65.2,2,0,6.42,9.39,MEDIUM
2025-06-30 10:00:00,10,30,6,0,0,33.4,60.2,1,4,8.8,6.42,MEDIUM
2025-06-30 11:00:00,11,30,6,0,0,30.0,56.4,3,3,9.38,8.8,MEDIUM
2025-06-30 12:00:00,12,30,6,0,0,35.8,43.9,1,1,7.47,9.38,MEDIUM
2025-06-30 13:00:00,13,30,6,0,0,35.2,56.0,3,1,8.17,7.47,MEDIUM
2025-06-30 14:00:00,14,30,6,0,0,36.4,57.6,4,1,8.95,8.17,MEDIUM
2025-06-30 15:00:00,15,30,6,0,0,33.8,38.0,2,2,9.03,8.95,MEDIUM
2025-06-30 16:00:00,16,30,6,0,0,31.1,57.1,2,0,6.34,9.03,MEDIUM
2025-06-30 17:00:00,17,30,6,0,0,36.0,51.1,2,9,16.74,6.34,HIGH
2025-06-30 18:00:00,18,30,6,0,0,28.8,55.2,7,2,16.34,16.74,HIGH
2025-06-30 19:00:00,19,30,6,0,0,32.1,49.7,4,2,14.6,16.34,HIGH
2025-06-30 20:00:00,20,30,6,0,0,34.0,53.5,5,4,17.05,14.6,HIGH
2025-06-30 21:00:00,21,30,6,0,0,30.9,64.0,4,3,15.57,17.05,HIGH
2025-06-30 22:00:00,22,30,6,0,0,34.0,51.7,5,3,12.41,15.57,HIGH
2025-06-30 23:00:00,23,30,6,0,0,30.5,61.6,2,3,9.25,12.41,MEDIUM
2025-07-01 00:00:00,0,1,7,1,0,26.8,52.4,3,0,6.04,9.25,LOW
2025-07-01 01:00:00,1,1,7,1,0,27.7,61.5,2,3,4.85,6.04,LOW
2025-07-01 02:00:00,2,1,7,1,0,27.1,57.2,3,1,3.0,4.85,LOW
2025-07-01 03:00:00,3,1,7,1,0,23.0,60.9,2,3,3.04,3.0,LOW
2025-07-01 04:00:00,4,1,7,1,0,24.8,58.1,2,1,2.37,3.04,LOW
2025-07-01 05:00:00,5,1,7,1,0,26.3,61.3,2,4,3.17,2.37,LOW
2025-07-01 06:00:00,6,1,7,1,0,23.4,43.2,3,2,4.3,3.17,LOW
2025-07-01 07:00:00,7,1,7,1,0,29.6,47.6,5,0,5.16,4.3,LOW
2025-07-01 08:00:00,8,1,7,1,0,30.1,58.5,7,1,8.29,5.16,MEDIUM
2025-07-01 09:00:00,9,1,7,1,0,27.8,44.6,3,3,8.53,8.29,MEDIUM
2025-07-01 10:00:00,10,1,7,1,0,34.3,51.1,3,2,9.27,8.53,MEDIUM
2025-07-01 11:00:00,11,1,7,1,0,36.3,53.2,2,6,12.84,9.27,HIGH
2025-07-01 12:00:00,12,1,7,1,0,36.1,48.6,2,2,10.68,12.84,MEDIUM
2025-07-01 13:00:00,13,1,7,1,0,35.5,49.7,2,1,8.55,10.68,MEDIUM
2025-07-01 14:00:00,14,1,7,1,0,38.3,54.3,3,1,9.23,8.55,MEDIUM
2025-07-01 15:00:00,15,1,7,1,0,38.7,58.6,1,4,10.25,9.23,MEDIUM
2025-07-01 16:00:00,16,1,7,1,0,37.6,47.2,3,2,10.51,10.25,MEDIUM
2025-07-01 17:00:00,17,1,7,1,0,34.3,50.8,3,4,13.32,10.51,HIGH
2025-07-01 18:00:00,18,1,7,1,0,36.2,49.1,5,6,18.78,13.32,HIGH
2025-07-01 19:00:00,19,1,7,1,0,37.5,38.5,4,5,19.83,18.78,HIGH
2025-07-01 20:00:00,20,1,7,1,0,31.8,56.1,4,2,15.94,19.83,HIGH
2025-07-01 21:00:00,21,1,7,1,0,37.2,58.7,5,5,19.32,15.94,HIGH
2025-07-01 22:00:00,22,1,7,1,0,29.4,62.3,4,6,14.81,19.32,HIGH
2025-07-01 23:00:00,23,1,7,1,0,29.6,50.9,2,1,8.8,14.81,MEDIUM
2025-07-02 00:00:00,0,2,7,2,0,26.8,49.8,2,5,8.06,8.8,MEDIUM
2025-07-02 01:00:00,1,2,7,2,0,28.2,56.8,3,1,5.42,8.06,LOW
2025-07-02 02:00:00,2,2,7,2,0,22.8,63.9,2,2,3.54,5.42,LOW
2025-07-02 03:00:00,3,2,7,2,0,25.6,58.7,2,2,2.98,3.54,LOW
2025-07-02 04:00:00,4,2,7,2,0,24.4,60.0,4,3,2.81,2.98,LOW
2025-07-02 05:00:00,5,2,7,2,0,28.0,63.7,2,4,3.92,2.81,LOW
2025-07-02 06:00:00,6,2,7,2,0,31.0,51.2,4,1,5.24,3.92,LOW
2025-07-02 07:00:00,7,2,7,2,0,31.1,54.2,4,2,5.55,5.24,LOW
2025-07-02 08:00:00,8,2,7,2,0,24.8,67.9,4,0,4.96,5.55,LOW
2025-07-02 09:00:00,9,2,7,2,0,37.1,52.0,2,0,5.54,4.96,LOW
2025-07-02 10:00:00,10,2,7,2,0,34.0,46.8,1,0,5.59,5.54,LOW
2025-07-02 11:00:00,11,2,7,2,0,32.6,50.9,2,2,7.83,5.59,MEDIUM
2025-07-02 12:00:00,12,2,7,2,0,35.9,48.0,3,0,7.65,7.83,MEDIUM
2025-07-02 13:00:00,13,2,7,2,0,36.8,55.4,3,0,7.91,7.65,MEDIUM
2025-07-02 14:00:00,14,2,7,2,0,35.2,48.5,2,2,8.83,7.91,MEDIUM
2025-07-02 15:00:00,15,2,7,2,0,37.5,54.6,2,1,8.0,8.83,MEDIUM
2025-07-02 16:00:00,16,2,7,2,0,35.3,49.5,2,0,6.85,8.0,MEDIUM
2025-07-02 17:00:00,17,2,7,2,0,35.3,41.1,2,2,9.4,6.85,MEDIUM
2025-07-02 18:00:00,18,2,7,2,0,33.8,56.3,5,5,16.08,9.4,HIGH
2025-07-02 19:00:00,19,2,7,2,0,30.9,56.5,5,3,16.68,16.08,HIGH
2025-07-02 20:00:00,20,2,7,2,0,33.7,57.6,4,5,18.88,16.68,HIGH
2025-07-02 21:00:00,21,2,7,2,0,33.5,50.6,4,9,23.34,18.88,HIGH
2025-07-02 22:00:00,22,2,7,2,0,32.0,50.5,6,4,16.63,23.34,HIGH
2025-07-02 23:00:00,23,2,7,2,0,31.5,57.8,2,4,11.59,16.63,HIGH
2025-07-03 00:00:00,0,3,7,3,0,29.3,65.4,3,1,7.94,11.59,MEDIUM
2025-07-03 01:00:00,1,3,7,3,0,26.3,57.5,3,0,4.88,7.94,LOW
2025-07-03 02:00:00,2,3,7,3,0,29.3,58.8,2,1,3.73,4.88,LOW
2025-07-03 03:00:00,3,3,7,3,0,23.6,56.6,3,2,3.27,3.73,LOW
2025-07-03 04:00:00,4,3,7,3,0,24.9,48.8,5,2,3.07,3.27,LOW
2025-07-03 05:00:00,5,3,7,3,0,25.3,63.7,3,1,3.24,3.07,LOW
2025-07-03 06:00:00,6,3,7,3,0,31.2,61.0,2,3,5.27,3.24,LOW
2025-07-03 07:00:00,7,3,7,3,0,31.9,59.5,6,1,6.69,5.27,MEDIUM
2025-07-03 08:00:00,8,3,7,3,0,31.9,54.1,6,1,9.14,6.69,MEDIUM
2025-07-03 09:00:00,9,3,7,3,0,34.7,57.7,1,4,9.65,9.14,MEDIUM
2025-07-03 10:00:00,10,3,7,3,0,31.1,60.9,1,4,9.28,9.65,MEDIUM
2025-07-03 11:00:00,11,3,7,3,0,35.4,63.6,3,2,9.49,9.28,MEDIUM
2025-07-03 12:00:00,12,3,7,3,0,35.2,59.9,3,2,9.33,9.49,MEDIUM
2025-07-03 13:00:00,13,3,7,3,0,38.4,53.0,1,4,10.58,9.33,MEDIUM
2025-07-03 14:00:00,14,3,7,3,0,36.5,45.6,2,0,7.52,10.58,MEDIUM
2025-07-03 15:00:00,15,3,7,3,0,36.0,54.5,1,4,9.18,7.52,MEDIUM
2025-07-03 16:00:00,16,3,7,3,0,38.2,54.3,1,0,6.61,9.18,MEDIUM
2025-07-03 17:00:00,17,3,7,3,0,38.5,56.9,1,8,15.31,6.61,HIGH
2025-07-03 18:00:00,18,3,7,3,0,33.9,62.6,7,3,17.64,15.31,HIGH
2025-07-03 19:00:00,19,3,7,3,0,34.3,53.7,5,4,18.79,17.64,HIGH
2025-07-03 20:00:00,20,3,7,3,0,30.6,68.4,5,5,19.33,18.79,HIGH
2025-07-03 21:00:00,21,3,7,3,0,25.8,47.1,5,3,16.09,19.33,HIGH
2025-07-03 22:00:00,22,3,7,3,0,31.2,58.0,6,4,13.0,16.09,HIGH
2025-07-03 23:00:00,23,3,7,3,0,31.0,50.8,3,4,10.97,13.0,MEDIUM
2025-07-04 00:00:00,0,4,7,4,0,29.1,44.9,2,2,7.39,10.97,MEDIUM
2025-07-04 01:00:00,1,4,7,4,0,22.8,57.7,2,2,5.26,7.39,LOW
2025-07-04 02:00:00,2,4,7,4,0,26.3,48.7,3,0,3.45,5.26,LOW
2025-07-04 03:00:00,3,4,7,4,0,21.5,58.4,3,2,2.5,3.45,LOW
2025-07-04 04:00:00,4,4,7,4,0,30.6,56.0,2,0,1.74,2.5,LOW
2025-07-04 05:00:00,5,4,7,4,0,25.0,64.7,2,0,1.71,1.74,LOW
2025-07-04 06:00:00,6,4,7,4,0,31.6,46.3,3,1,3.99,1.71,LOW
2025-07-04 07:00:00,7,4,7,4,0,31.9,60.7,5,3,6.93,3.99,MEDIUM
2025-07-04 08:00:00,8,4,7,4,0,28.5,57.2,4,0,6.51,6.93,MEDIUM
2025-07-04 09:00:00,9,4,7,4,0,29.2,62.5,2,3,7.57,6.51,MEDIUM
2025-07-04 10:00:00,10,4,7,4,0,34.2,51.7,1,1,6.45,7.57,MEDIUM
2025-07-04 11:00:00,11,4,7,4,0,32.4,47.0,1,3,7.65,6.45,MEDIUM
2025-07-04 12:00:00,12,4,7,4,0,35.8,46.4,3,2,9.51,7.65,MEDIUM
2025-07-04 13:00:00,13,4,7,4,0,35.1,46.2,3,1,8.87,9.51,MEDIUM
2025-07-04 14:00:00,14,4,7,4,0,32.4,57.9,1,1,7.12,8.87,MEDIUM
2025-07-04 15:00:00,15,4,7,4,0,31.4,64.3,3,5,10.73,7.12,MEDIUM
2025-07-04 16:00:00,16,4,7,4,0,37.4,49.7,2,1,9.04,10.73,MEDIUM
2025-07-04 17:00:00,17,4,7,4,0,34.9,57.8,2,9,17.67,9.04,HIGH
2025-07-04 18:00:00,18,4,7,4,0,34.2,45.2,4,5,18.93,17.67,HIGH
2025-07-04 19:00:00,19,4,7,4,0,36.2,54.6,5,3,18.06,18.93,HIGH
2025-07-04 20:00:00,20,4,7,4,0,36.2,57.5,5,7,21.59,18.06,HIGH
2025-07-04 21:00:00,21,4,7,4,0,31.3,46.8,6,11,27.41,21.59,HIGH
2025-07-04 22:00:00,22,4,7,4,0,29.9,54.8,5,6,19.11,27.41,HIGH
2025-07-04 23:00:00,23,4,7,4,0,30.8,60.0,2,1,10.54,19.11,MEDIUM
2025-07-05 00:00:00,0,5,7,5,1,25.1,40.4,2,3,8.22,10.54,MEDIUM
2025-07-05 01:00:00,1,5,7,5,1,28.2,64.7,2,5,6.33,8.22,MEDIUM
2025-07-05 02:00:00,2,5,7,5,1,28.6,58.7,3,2,4.7,6.33,LOW
2025-07-05 03:00:00,3,5,7,5,1,28.7,60.8,5,0,3.97,4.7,LOW
2025-07-05 04:00:00,4,5,7,5,1,22.3,56.6,3,5,3.85,3.97,LOW
2025-07-05 05:00:00,5,5,7,5,1,25.8,47.3,3,0,3.19,3.85,LOW
2025-07-05 06:00:00,6,5,7,5,1,26.3,60.7,2,5,5.99,3.19,LOW
2025-07-05 07:00:00,7,5,7,5,1,29.7,55.6,4,4,8.44,5.99,MEDIUM
2025-07-05 08:00:00,8,5,7,5,1,31.9,55.4,5,1,10.08,8.44,MEDIUM
2025-07-05 09:00:00,9,5,7,5,1,35.7,60.2,6,4,15.14,10.08,HIGH
2025-07-05 10:00:00,10,5,7,5,1,32.1,59.7,5,4,15.58,15.14,HIGH
2025-07-05 11:00:00,11,5,7,5,1,33.3,66.2,4,5,15.77,15.58,HIGH
2025-07-05 12:00:00,12,5,7,5,1,38.4,53.6,6,3,16.22,15.77,HIGH
2025-07-05 13:00:00,13,5,7,5,1,37.1,49.0,4,5,17.68,16.22,HIGH
2025-07-05 14:00:00,14,5,7,5,1,40.0,50.9,7,3,18.38,17.68,HIGH
2025-07-05 15:00:00,15,5,7,5,1,37.7,55.4,5,5,18.84,18.38,HIGH
2025-07-05 16:00:00,16,5,7,5,1,33.9,60.5,7,3,17.6,18.84,HIGH
2025-07-05 17:00:00,17,5,7,5,1,33.0,46.0,5,2,17.12,17.6,HIGH
2025-07-05 18:00:00,18,5,7,5,1,31.7,55.4,4,4,18.85,17.12,HIGH
2025-07-05 19:00:00,19,5,7,5,1,36.2,63.2,5,4,20.95,18.85,HIGH
2025-07-05 20:00:00,20,5,7,5,1,36.3,52.0,6,5,23.67,20.95,HIGH
2025-07-05 21:00:00,21,5,7,5,1,36.6,58.9,5,4,23.57,23.67,HIGH
2025-07-05 22:00:00,22,5,7,5,1,32.8,57.8,4,5,16.43,23.57,HIGH
2025-07-05 23:00:00,23,5,7,5,1,32.4,60.8,4,4,13.37,16.43,HIGH
2025-07-06 00:00:00,0,6,7,6,1,27.0,52.3,3,4,10.67,13.37,MEDIUM
2025-07-06 01:00:00,1,6,7,6,1,24.8,53.2,2,2,6.12,10.67,LOW
2025-07-06 02:00:00,2,6,7,6,1,29.3,56.4,3,3,4.58,6.12,LOW
2025-07-06 03:00:00,3,6,7,6,1,28.0,47.6,3,1,3.55,4.58,LOW
2025-07-06 04:00:00,4,6,7,6,1,27.4,55.4,3,1,2.96,3.55,LOW
2025-07-06 05:00:00,5,6,7,6,1,28.6,58.1,3,3,3.28,2.96,LOW
2025-07-06 06:00:00,6,6,7,6,1,29.3,67.0,3,2,5.12,3.28,LOW
2025-07-06 07:00:00,7,6,7,6,1,32.7,57.3,5,2,6.8,5.12,MEDIUM
2025-07-06 08:00:00,8,6,7,6,1,33.9,58.2,5,2,11.12,6.8,HIGH
2025-07-06 09:00:00,9,6,7,6,1,33.4,61.6,7,3,13.23,11.12,HIGH
2025-07-06 10:00:00,10,6,7,6,1,35.4,48.1,4,1,11.91,13.23,HIGH
2025-07-06 11:00:00,11,6,7,6,1,35.8,52.7,7,5,16.97,11.91,HIGH
2025-07-06 12:00:00,12,6,7,6,1,34.4,68.8,4,5,16.95,16.97,HIGH
2025-07-06 13:00:00,13,6,7,6,1,38.2,52.2,7,4,18.75,16.95,HIGH
2025-07-06 14:00:00,14,6,7,6,1,33.3,61.4,4,2,15.19,18.75,HIGH
2025-07-06 15:00:00,15,6,7,6,1,39.6,57.9,4,4,15.88,15.19,HIGH
2025-07-06 16:00:00,16,6,7,6,1,33.8,45.6,5,3,14.71,15.88,HIGH
2025-07-06 17:00:00,17,6,7,6,1,37.0,55.1,6,7,23.49,14.71,HIGH
2025-07-06 18:00:00,18,6,7,6,1,33.4,55.5,4,13,31.2,23.49,HIGH
2025-07-06 19:00:00,19,6,7,6,1,35.9,55.6,5,3,24.94,31.2,HIGH
2025-07-06 20:00:00,20,6,7,6,1,33.2,50.2,5,6,25.15,24.94,HIGH
2025-07-06 21:00:00,21,6,7,6,1,28.0,50.1,7,5,24.77,25.15,HIGH
2025-07-06 22:00:00,22,6,7,6,1,31.8,52.4,6,3,17.8,24.77,HIGH
2025-07-06 23:00:00,23,6,7,6,1,28.1,56.2,3,1,11.06,17.8,HIGH
2025-07-07 00:00:00,0,7,7,0,0,30.7,62.8,3,3,9.11,11.06,MEDIUM
2025-07-07 01:00:00,1,7,7,0,0,27.7,67.8,2,0,4.66,9.11,LOW
2025-07-07 02:00:00,2,7,7,0,0,28.2,65.1,3,4,4.15,4.66,LOW
2025-07-07 03:00:00,3,7,7,0,0,24.6,63.3,2,3,3.18,4.15,LOW
2025-07-07 04:00:00,4,7,7,0,0,25.7,51.7,2,6,3.88,3.18,LOW
2025-07-07 05:00:00,5,7,7,0,0,26.5,54.9,5,1,3.28,3.88,LOW
2025-07-07 06:00:00,6,7,7,0,0,30.6,57.0,4,2,5.43,3.28,LOW
2025-07-07 07:00:00,7,7,7,0,0,33.7,50.7,5,1,6.7,5.43,MEDIUM
2025-07-07 08:00:00,8,7,7,0,0,28.7,60.0,5,4,10.57,6.7,MEDIUM
2025-07-07 09:00:00,9,7,7,0,0,34.7,58.4,2,5,11.97,10.57,HIGH
2025-07-07 10:00:00,10,7,7,0,0,27.9,60.1,2,1,8.4,11.97,MEDIUM
2025-07-07 11:00:00,11,7,7,0,0,31.5,61.6,1,1,7.08,8.4,MEDIUM
2025-07-07 12:00:00,12,7,7,0,0,33.1,49.3,5,2,9.66,7.08,MEDIUM
2025-07-07 13:00:00,13,7,7,0,0,32.9,60.4,1,2,8.12,9.66,MEDIUM
2025-07-07 14:00:00,14,7,7,0,0,32.9,50.7,3,1,7.55,8.12,MEDIUM
2025-07-07 15:00:00,15,7,7,0,0,38.0,47.2,1,2,7.93,7.55,MEDIUM
2025-07-07 16:00:00,16,7,7,0,0,36.3,56.7,2,0,6.72,7.93,MEDIUM
2025-07-07 17:00:00,17,7,7,0,0,37.3,60.4,3,2,10.57,6.72,MEDIUM
2025-07-07 18:00:00,18,7,7,0,0,37.3,56.0,4,3,14.21,10.57,HIGH
2025-07-07 19:00:00,19,7,7,0,0,35.2,54.0,6,5,18.65,14.21,HIGH
2025-07-07 20:00:00,20,7,7,0,0,34.9,55.9,6,5,20.6,18.65,HIGH
2025-07-07 21:00:00,21,7,7,0,0,31.8,56.1,6,6,21.07,20.6,HIGH
2025-07-07 22:00:00,22,7,7,0,0,27.7,50.2,4,3,13.36,21.07,HIGH
2025-07-07 23:00:00,23,7,7,0,0,32.1,47.7,2,1,9.71,13.36,MEDIUM
2025-07-08 00:00:00,0,8,7,1,0,27.0,56.7,2,3,7.93,9.71,MEDIUM
2025-07-08 01:00:00,1,8,7,1,0,25.3,58.4,3,1,5.21,7.93,LOW
2025-07-08 02:00:00,2,8,7,1,0,26.7,57.4,4,0,3.7,5.21,LOW
2025-07-08 03:00:00,3,8,7,1,0,24.7,62.2,2,0,2.61,3.7,LOW
2025-07-08 04:00:00,4,8,7,1,0,26.1,56.3,3,1,2.28,2.61,LOW
2025-07-08 05:00:00,5,8,7,1,0,28.5,60.0,2,0,1.59,2.28,LOW
2025-07-08 06:00:00,6,8,7,1,0,29.3,55.4,2,2,4.09,1.59,LOW
2025-07-08 07:00:00,7,8,7,1,0,27.3,68.0,4,1,4.38,4.09,LOW
2025-07-08 08:00:00,8,8,7,1,0,29.5,56.7,4,2,7.23,4.38,MEDIUM
2025-07-08 09:00:00,9,8,7,1,0,34.7,68.2,1,4,9.68,7.23,MEDIUM
2025-07-08 10:00:00,10,8,7,1,0,34.5,56.3,2,0,7.85,9.68,MEDIUM
2025-07-08 11:00:00,11,8,7,1,0,39.7,50.8,2,4,10.56,7.85,MEDIUM
2025-07-08 12:00:00,12,8,7,1,0,38.5,47.2,1,2,9.98,10.56,MEDIUM
2025-07-08 13:00:00,13,8,7,1,0,39.2,43.7,2,0,8.46,9.98,MEDIUM
2025-07-08 14:00:00,14,8,7,1,0,33.4,48.7,1,4,9.31,8.46,MEDIUM
2025-07-08 15:00:00,15,8,7,1,0,38.9,47.2,2,0,8.29,9.31,MEDIUM
2025-07-08 16:00:00,16,8,7,1,0,36.7,55.7,2,3,9.28,8.29,MEDIUM
2025-07-08 17:00:00,17,8,7,1,0,35.0,50.8,1,1,8.18,9.28,MEDIUM
2025-07-08 18:00:00,18,8,7,1,0,36.0,54.7,4,5,14.67,8.18,HIGH
2025-07-08 19:00:00,19,8,7,1,0,36.9,60.9,6,4,18.1,14.67,HIGH
2025-07-08 20:00:00,20,8,7,1,0,34.5,53.7,6,6,20.92,18.1,HIGH
2025-07-08 21:00:00,21,8,7,1,0,29.8,68.6,5,3,17.98,20.92,HIGH
2025-07-08 22:00:00,22,8,7,1,0,32.6,47.9,5,2,12.39,17.98,HIGH
2025-07-08 23:00:00,23,8,7,1,0,27.9,55.9,3,3,8.93,12.39,MEDIUM
2025-07-09 00:00:00,0,9,7,2,0,29.0,53.2,4,1,7.1,8.93,MEDIUM
2025-07-09 01:00:00,1,9,7,2,0,26.9,62.9,4,0,4.06,7.1,LOW
2025-07-09 02:00:00,2,9,7,2,0,26.6,43.9,2,0,2.97,4.06,LOW
2025-07-09 03:00:00,3,9,7,2,0,28.9,47.8,2,2,3.44,2.97,LOW
2025-07-09 04:00:00,4,9,7,2,0,24.6,57.5,2,4,3.62,3.44,LOW
2025-07-09 05:00:00,5,9,7,2,0,32.5,64.3,2,1,2.87,3.62,LOW
2025-07-09 06:00:00,6,9,7,2,0,23.9,59.8,4,2,4.52,2.87,LOW
2025-07-09 07:00:00,7,9,7,2,0,28.0,48.7,4,1,4.77,4.52,LOW
2025-07-09 08:00:00,8,9,7,2,0,31.6,48.2,4,4,9.37,4.77,MEDIUM
2025-07-09 09:00:00,9,9,7,2,0,33.5,64.6,2,2,9.04,9.37,MEDIUM
2025-07-09 10:00:00,10,9,7,2,0,33.0,51.1,4,4,11.55,9.04,HIGH
2025-07-09 11:00:00,11,9,7,2,0,34.4,48.6,2,3,10.57,11.55,MEDIUM
2025-07-09 12:00:00,12,9,7,2,0,36.6,62.2,2,2,10.06,10.57,MEDIUM
2025-07-09 13:00:00,13,9,7,2,0,35.8,59.7,2,2,9.63,10.06,MEDIUM
2025-07-09 14:00:00,14,9,7,2,0,40.3,59.5,2,2,10.06,9.63,MEDIUM
2025-07-09 15:00:00,15,9,7,2,0,39.1,46.7,1,0,7.86,10.06,MEDIUM
2025-07-09 16:00:00,16,9,7,2,0,39.0,43.2,4,0,8.17,7.86,MEDIUM
2025-07-09 17:00:00,17,9,7,2,0,33.9,55.2,1,10,17.36,8.17,HIGH
2025-07-09 18:00:00,18,9,7,2,0,35.3,55.9,4,5,18.64,17.36,HIGH
2025-07-09 19:00:00,19,9,7,2,0,33.7,56.7,4,5,18.54,18.64,HIGH
2025-07-09 20:00:00,20,9,7,2,0,30.8,64.5,6,4,18.56,18.54,HIGH
2025-07-09 21:00:00,21,9,7,2,0,32.9,44.4,7,7,23.24,18.56,HIGH
2025-07-09 22:00:00,22,9,7,2,0,29.4,61.4,6,4,15.98,23.24,HIGH
2025-07-09 23:00:00,23,9,7,2,0,31.1,49.0,2,0,8.9,15.98,MEDIUM
2025-07-10 00:00:00,0,10,7,3,0,25.8,62.8,2,4,6.88,8.9,MEDIUM
2025-07-10 01:00:00,1,10,7,3,0,32.0,52.4,3,2,5.36,6.88,LOW
2025-07-10 02:00:00,2,10,7,3,0,24.9,53.2,3,0,2.88,5.36,LOW
2025-07-10 03:00:00,3,10,7,3,0,27.5,53.3,4,1,2.85,2.88,LOW
2025-07-10 04:00:00,4,10,7,3,0,29.2,47.6,4,1,2.75,2.85,LOW
2025-07-10 05:00:00,5,10,7,3,0,26.2,57.8,3,1,2.56,2.75,LOW
2025-07-10 06:00:00,6,10,7,3,0,30.6,51.1,2,1,3.67,2.56,LOW
2025-07-10 07:00:00,7,10,7,3,0,26.4,62.2,4,1,4.36,3.67,LOW
2025-07-10 08:00:00,8,10,7,3,0,34.3,58.1,4,3,8.68,4.36,MEDIUM
2025-07-10 09:00:00,9,10,7,3,0,32.0,65.3,2,1,7.46,8.68,MEDIUM
2025-07-10 10:00:00,10,10,7,3,0,31.8,57.5,2,3,7.96,7.46,MEDIUM
2025-07-10 11:00:00,11,10,7,3,0,33.8,57.6,1,0,6.48,7.96,MEDIUM
2025-07-10 12:00:00,12,10,7,3,0,37.6,61.4,7,4,13.09,6.48,HIGH
2025-07-10 13:00:00,13,10,7,3,0,34.9,50.3,2,3,11.16,13.09,HIGH
2025-07-10 14:00:00,14,10,7,3,0,35.0,45.1,3,1,9.07,11.16,MEDIUM
2025-07-10 15:00:00,15,10,7,3,0,36.4,54.6,1,1,8.19,9.07,MEDIUM
2025-07-10 16:00:00,16,10,7,3,0,33.9,45.9,4,4,10.66,8.19,MEDIUM
2025-07-10 17:00:00,17,10,7,3,0,40.9,66.4,2,3,13.8,10.66,HIGH
2025-07-10 18:00:00,18,10,7,3,0,34.1,63.1,5,7,20.1,13.8,HIGH
2025-07-10 19:00:00,19,10,7,3,0,36.6,66.3,5,5,20.96,20.1,HIGH
2025-07-10 20:00:00,20,10,7,3,0,33.8,54.9,4,6,21.02,20.96,HIGH
2025-07-10 21:00:00,21,10,7,3,0,29.5,59.5,4,4,17.82,21.02,HIGH
2025-07-10 22:00:00,22,10,7,3,0,30.7,53.0,5,4,13.46,17.82,HIGH
2025-07-10 23:00:00,23,10,7,3,0,31.5,60.7,2,2,9.34,13.46,MEDIUM
2025-07-11 00:00:00,0,11,7,4,0,28.0,49.5,4,3,8.45,9.34,MEDIUM
2025-07-11 01:00:00,1,11,7,4,0,30.7,40.5,2,1,5.3,8.45,LOW
2025-07-11 02:00:00,2,11,7,4,0,29.7,51.4,5,1,4.64,5.3,LOW
2025-07-11 03:00:00,3,11,7,4,0,29.3,47.5,4,2,4.01,4.64,LOW
2025-07-11 04:00:00,4,11,7,4,0,26.0,66.5,3,4,4.93,4.01,LOW
2025-07-11 05:00:00,5,11,7,4,0,25.0,68.9,5,2,4.3,4.93,LOW
2025-07-11 06:00:00,6,11,7,4,0,26.9,48.8,3,2,5.07,4.3,LOW
2025-07-11 07:00:00,7,11,7,4,0,30.0,63.8,4,2,6.19,5.07,LOW
2025-07-11 08:00:00,8,11,7,4,0,32.1,60.9,5,4,10.56,6.19,MEDIUM
2025-07-11 09:00:00,9,11,7,4,0,26.6,47.9,1,5,10.16,10.56,MEDIUM
2025-07-11 10:00:00,10,11,7,4,0,33.3,52.3,2,2,9.48,10.16,MEDIUM
2025-07-11 11:00:00,11,11,7,4,0,34.9,50.6,5,1,9.11,9.48,MEDIUM
2025-07-11 12:00:00,12,11,7,4,0,34.8,58.6,1,2,8.22,9.11,MEDIUM
2025-07-11 13:00:00,13,11,7,4,0,39.6,44.8,3,1,8.44,8.22,MEDIUM
2025-07-11 14:00:00,14,11,7,4,0,37.9,52.2,2,1,8.75,8.44,MEDIUM
2025-07-11 15:00:00,15,11,7,4,0,40.3,47.8,1,0,6.94,8.75,MEDIUM
2025-07-11 16:00:00,16,11,7,4,0,36.3,56.3,1,6,10.43,6.94,MEDIUM
2025-07-11 17:00:00,17,11,7,4,0,38.7,51.2,1,3,11.79,10.43,HIGH
2025-07-11 18:00:00,18,11,7,4,0,39.6,48.9,7,4,17.91,11.79,HIGH
2025-07-11 19:00:00,19,11,7,4,0,37.8,51.6,7,4,20.61,17.91,HIGH
2025-07-11 20:00:00,20,11,7,4,0,30.6,68.0,5,4,18.28,20.61,HIGH
2025-07-11 21:00:00,21,11,7,4,0,31.4,52.9,8,3,19.82,18.28,HIGH
2025-07-11 22:00:00,22,11,7,4,0,29.8,49.8,5,1,12.66,19.82,HIGH
2025-07-11 23:00:00,23,11,7,4,0,30.7,59.2,3,1,8.29,12.66,MEDIUM
2025-07-12 00:00:00,0,12,7,5,1,30.2,55.1,2,4,8.66,8.29,MEDIUM
2025-07-12 01:00:00,1,12,7,5,1,25.6,49.3,2,3,5.83,8.66,LOW
2025-07-12 02:00:00,2,12,7,5,1,27.3,70.5,3,5,5.21,5.83,LOW
2025-07-12 03:00:00,3,12,7,5,1,22.0,57.1,5,5,5.75,5.21,LOW
2025-07-12 04:00:00,4,12,7,5,1,30.8,53.4,3,3,4.95,5.75,LOW
2025-07-12 05:00:00,5,12,7,5,1,26.4,58.4,2,1,3.8,4.95,LOW
2025-07-12 06:00:00,6,12,7,5,1,28.6,66.9,4,5,7.7,3.8,MEDIUM
2025-07-12 07:00:00,7,12,7,5,1,28.7,46.4,6,3,8.78,7.7,MEDIUM
2025-07-12 08:00:00,8,12,7,5,1,33.6,56.2,5,3,12.44,8.78,HIGH
2025-07-12 09:00:00,9,12,7,5,1,24.9,70.6,4,3,11.53,12.44,HIGH
2025-07-12 10:00:00,10,12,7,5,1,33.3,55.5,6,3,13.93,11.53,HIGH
2025-07-12 11:00:00,11,12,7,5,1,34.2,46.9,5,3,14.62,13.93,HIGH
2025-07-12 12:00:00,12,12,7,5,1,34.4,50.5,4,4,14.78,14.62,HIGH
2025-07-12 13:00:00,13,12,7,5,1,40.6,53.0,4,4,16.21,14.78,HIGH
2025-07-12 14:00:00,14,12,7,5,1,34.6,62.1,4,2,13.88,16.21,HIGH
2025-07-12 15:00:00,15,12,7,5,1,38.9,50.4,5,5,17.03,13.88,HIGH
2025-07-12 16:00:00,16,12,7,5,1,37.7,57.9,4,2,15.43,17.03,HIGH
2025-07-12 17:00:00,17,12,7,5,1,39.5,43.6,4,6,21.41,15.43,HIGH
2025-07-12 18:00:00,18,12,7,5,1,33.9,45.8,5,5,22.44,21.41,HIGH
2025-07-12 19:00:00,19,12,7,5,1,32.7,52.0,5,0,17.48,22.44,HIGH
2025-07-12 20:00:00,20,12,7,5,1,36.0,62.2,4,4,19.07,17.48,HIGH
2025-07-12 21:00:00,21,12,7,5,1,33.1,55.2,5,10,27.42,19.07,HIGH
2025-07-12 22:00:00,22,12,7,5,1,26.8,59.0,4,5,18.48,27.42,HIGH
2025-07-12 23:00:00,23,12,7,5,1,28.2,58.4,2,3,12.35,18.48,HIGH
2025-07-13 00:00:00,0,13,7,6,1,29.4,62.9,3,0,7.52,12.35,MEDIUM
2025-07-13 01:00:00,1,13,7,6,1,29.8,52.4,3,3,5.5,7.52,LOW
2025-07-13 02:00:00,2,13,7,6,1,25.5,61.9,3,6,4.97,5.5,LOW
2025-07-13 03:00:00,3,13,7,6,1,19.7,55.1,5,2,4.65,4.97,LOW
2025-07-13 04:00:00,4,13,7,6,1,28.5,68.5,3,4,5.1,4.65,LOW
2025-07-13 05:00:00,5,13,7,6,1,24.6,53.4,3,2,4.3,5.1,LOW
2025-07-13 06:00:00,6,13,7,6,1,23.4,53.3,3,3,5.65,4.3,LOW
2025-07-13 07:00:00,7,13,7,6,1,22.4,62.3,5,5,8.47,5.65,MEDIUM
2025-07-13 08:00:00,8,13,7,6,1,32.7,55.4,6,3,12.26,8.47,HIGH
2025-07-13 09:00:00,9,13,7,6,1,32.3,57.0,5,2,11.99,12.26,HIGH
2025-07-13 10:00:00,10,13,7,6,1,32.7,56.3,6,2,13.32,11.99,HIGH
2025-07-13 11:00:00,11,13,7,6,1,38.0,46.3,5,4,15.5,13.32,HIGH
2025-07-13 12:00:00,12,13,7,6,1,37.1,62.8,4,3,14.38,15.5,HIGH
2025-07-13 13:00:00,13,13,7,6,1,40.4,57.2,4,5,17.46,14.38,HIGH
2025-07-13 14:00:00,14,13,7,6,1,33.3,62.8,4,4,15.98,17.46,HIGH
2025-07-13 15:00:00,15,13,7,6,1,36.9,50.1,5,5,17.83,15.98,HIGH
2025-07-13 16:00:00,16,13,7,6,1,32.8,57.4,5,2,15.07,17.83,HIGH
2025-07-13 17:00:00,17,13,7,6,1,35.8,54.9,5,4,19.54,15.07,HIGH
2025-07-13 18:00:00,18,13,7,6,1,34.9,60.8,4,3,18.38,19.54,HIGH
2025-07-13 19:00:00,19,13,7,6,1,36.1,60.5,7,4,22.69,18.38,HIGH
2025-07-13 20:00:00,20,13,7,6,1,33.4,55.8,4,3,19.94,22.69,HIGH
2025-07-13 21:00:00,21,13,7,6,1,33.6,45.5,4,4,20.11,19.94,HIGH
2025-07-13 22:00:00,22,13,7,6,1,32.5,65.7,5,7,17.37,20.11,HIGH
2025-07-13 23:00:00,23,13,7,6,1,34.9,57.4,2,4,13.03,17.37,HIGH
2025-07-14 00:00:00,0,14,7,0,0,27.7,53.3,4,2,9.69,13.03,MEDIUM
2025-07-14 01:00:00,1,14,7,0,0,25.3,60.3,2,3,5.66,9.69,LOW
2025-07-14 02:00:00,2,14,7,0,0,27.8,47.8,3,1,3.69,5.66,LOW
2025-07-14 03:00:00,3,14,7,0,0,25.0,64.3,2,2,2.82,3.69,LOW
2025-07-14 04:00:00,4,14,7,0,0,30.9,46.8,5,2,3.02,2.82,LOW
2025-07-14 05:00:00,5,14,7,0,0,27.0,55.9,3,2,2.85,3.02,LOW
2025-07-14 06:00:00,6,14,7,0,0,27.1,58.6,3,1,3.66,2.85,LOW
2025-07-14 07:00:00,7,14,7,0,0,28.3,62.9,4,1,4.89,3.66,LOW
2025-07-14 08:00:00,8,14,7,0,0,32.5,55.6,4,2,7.57,4.89,MEDIUM
2025-07-14 09:00:00,9,14,7,0,0,31.6,59.2,1,3,7.23,7.57,MEDIUM
2025-07-14 10:00:00,10,14,7,0,0,31.7,55.2,3,1,7.34,7.23,MEDIUM
2025-07-14 11:00:00,11,14,7,0,0,38.7,52.3,3,1,8.31,7.34,MEDIUM
2025-07-14 12:00:00,12,14,7,0,0,33.4,55.2,1,1,6.52,8.31,MEDIUM
2025-07-14 13:00:00,13,14,7,0,0,36.4,52.3,2,2,8.07,6.52,MEDIUM
2025-07-14 14:00:00,14,14,7,0,0,38.5,42.5,3,2,9.69,8.07,MEDIUM
2025-07-14 15:00:00,15,14,7,0,0,32.9,50.2,2,3,9.84,9.69,MEDIUM
2025-07-14 16:00:00,16,14,7,0,0,38.0,54.3,1,4,10.84,9.84,MEDIUM
2025-07-14 17:00:00,17,14,7,0,0,33.7,53.0,1,9,17.6,10.84,HIGH
2025-07-14 18:00:00,18,14,7,0,0,37.6,52.0,6,4,19.9,17.6,HIGH
2025-07-14 19:00:00,19,14,7,0,0,32.1,53.2,4,3,17.87,19.9,HIGH
2025-07-14 20:00:00,20,14,7,0,0,35.0,48.8,4,8,22.51,17.87,HIGH
2025-07-14 21:00:00,21,14,7,0,0,34.8,51.1,8,2,20.94,22.51,HIGH
2025-07-14 22:00:00,22,14,7,0,0,32.9,53.0,4,6,15.22,20.94,HIGH
2025-07-14 23:00:00,23,14,7,0,0,30.1,56.0,2,1,9.88,15.22,MEDIUM
2025-07-15 00:00:00,0,15,7,1,0,27.9,59.2,3,4,8.62,9.88,MEDIUM
2025-07-15 01:00:00,1,15,7,1,0,26.2,56.4,3,1,5.33,8.62,LOW
2025-07-15 02:00:00,2,15,7,1,0,30.8,49.5,2,2,4.16,5.33,LOW
2025-07-15 03:00:00,3,15,7,1,0,25.3,49.5,4,1,3.23,4.16,LOW
2025-07-15 04:00:00,4,15,7,1,0,24.6,73.7,2,2,2.55,3.23,LOW
2025-07-15 05:00:00,5,15,7,1,0,29.3,49.5,4,1,2.67,2.55,LOW
2025-07-15 06:00:00,6,15,7,1,0,26.5,54.3,2,2,2.8,2.67,LOW
2025-07-15 07:00:00,7,15,7,1,0,27.1,60.3,5,1,4.13,2.8,LOW
2025-07-15 08:00:00,8,15,7,1,0,27.1,59.3,6,2,7.54,4.13,MEDIUM
2025-07-15 09:00:00,9,15,7,1,0,30.8,58.8,1,1,6.2,7.54,LOW
2025-07-15 10:00:00,10,15,7,1,0,33.1,52.1,3,2,8.08,6.2,MEDIUM
2025-07-15 11:00:00,11,15,7,1,0,35.1,55.4,1,0,6.11,8.08,LOW
2025-07-15 12:00:00,12,15,7,1,0,37.9,53.2,1,1,6.89,6.11,MEDIUM
2025-07-15 13:00:00,13,15,7,1,0,37.6,51.1,1,2,7.66,6.89,MEDIUM
2025-07-15 14:00:00,14,15,7,1,0,36.4,54.9,1,2,7.77,7.66,MEDIUM
2025-07-15 15:00:00,15,15,7,1,0,36.5,59.7,3,1,8.34,7.77,MEDIUM
2025-07-15 16:00:00,16,15,7,1,0,38.1,52.6,3,2,9.87,8.34,MEDIUM
2025-07-15 17:00:00,17,15,7,1,0,39.5,52.1,2,5,14.65,9.87,HIGH
2025-07-15 18:00:00,18,15,7,1,0,35.9,60.0,5,6,19.55,14.65,HIGH
2025-07-15 19:00:00,19,15,7,1,0,33.3,60.4,5,5,20.32,19.55,HIGH
2025-07-15 20:00:00,20,15,7,1,0,30.8,65.2,4,4,18.31,20.32,HIGH
2025-07-15 21:00:00,21,15,7,1,0,28.4,46.1,4,5,17.51,18.31,HIGH
2025-07-15 22:00:00,22,15,7,1,0,32.4,60.5,4,0,10.61,17.51,MEDIUM
2025-07-15 23:00:00,23,15,7,1,0,30.9,59.2,4,0,7.71,10.61,MEDIUM
2025-07-16 00:00:00,0,16,7,2,0,29.9,50.7,2,1,5.77,7.71,LOW
2025-07-16 01:00:00,1,16,7,2,0,27.3,58.6,3,5,4.83,5.77,LOW
2025-07-16 02:00:00,2,16,7,2,0,30.7,62.0,3,2,4.0,4.83,LOW
2025-07-16 03:00:00,3,16,7,2,0,25.8,52.7,4,3,4.11,4.0,LOW
2025-07-16 04:00:00,4,16,7,2,0,29.6,58.8,3,1,3.61,4.11,LOW
2025-07-16 05:00:00,5,16,7,2,0,27.6,62.2,2,2,3.38,3.61,LOW
2025-07-16 06:00:00,6,16,7,2,0,26.9,50.8,2,1,3.54,3.38,LOW
2025-07-16 07:00:00,7,16,7,2,0,31.0,54.7,4,4,6.76,3.54,MEDIUM
2025-07-16 08:00:00,8,16,7,2,0,31.7,57.1,5,2,9.43,6.76,MEDIUM
2025-07-16 09:00:00,9,16,7,2,0,32.9,50.1,3,0,7.49,9.43,MEDIUM
2025-07-16 10:00:00,10,16,7,2,0,33.5,49.3,3,3,9.64,7.49,MEDIUM
2025-07-16 11:00:00,11,16,7,2,0,34.4,53.4,2,1,8.51,9.64,MEDIUM
2025-07-16 12:00:00,12,16,7,2,0,41.5,56.2,1,1,8.54,8.51,MEDIUM
2025-07-16 13:00:00,13,16,7,2,0,39.3,56.1,1,1,7.37,8.54,MEDIUM
2025-07-16 14:00:00,14,16,7,2,0,38.6,47.4,2,1,7.71,7.37,MEDIUM
2025-07-16 15:00:00,15,16,7,2,0,37.3,57.0,1,2,7.85,7.71,MEDIUM
2025-07-16 16:00:00,16,16,7,2,0,39.3,47.3,4,1,9.87,7.85,MEDIUM
2025-07-16 17:00:00,17,16,7,2,0,37.6,43.3,2,2,10.95,9.87,MEDIUM
2025-07-16 18:00:00,18,16,7,2,0,35.6,51.6,7,4,16.76,10.95,HIGH
2025-07-16 19:00:00,19,16,7,2,0,33.7,61.3,4,2,14.63,16.76,HIGH
2025-07-16 20:00:00,20,16,7,2,0,33.1,58.7,5,1,13.56,14.63,HIGH
2025-07-16 21:00:00,21,16,7,2,0,24.1,58.4,4,4,13.84,13.56,HIGH
2025-07-16 22:00:00,22,16,7,2,0,31.2,53.0,5,4,12.35,13.84,HIGH
2025-07-16 23:00:00,23,16,7,2,0,28.3,54.3,3,1,8.01,12.35,MEDIUM
2025-07-17 00:00:00,0,17,7,3,0,32.4,55.7,2,4,7.7,8.01,MEDIUM
2025-07-17 01:00:00,1,17,7,3,0,27.7,50.5,3,2,5.64,7.7,LOW
2025-07-17 02:00:00,2,17,7,3,0,24.2,56.2,4,1,4.47,5.64,LOW
2025-07-17 03:00:00,3,17,7,3,0,26.9,55.9,2,1,2.45,4.47,LOW
2025-07-17 04:00:00,4,17,7,3,0,24.6,50.1,3,2,2.36,2.45,LOW
2025-07-17 05:00:00,5,17,7,3,0,28.9,51.4,3,1,2.53,2.36,LOW
2025-07-17 06:00:00,6,17,7,3,0,29.2,58.8,2,1,3.47,2.53,LOW
2025-07-17 07:00:00,7,17,7,3,0,31.9,55.3,6,2,7.16,3.47,MEDIUM
2025-07-17 08:00:00,8,17,7,3,0,28.7,54.7,5,5,10.92,7.16,MEDIUM
2025-07-17 09:00:00,9,17,7,3,0,32.1,49.7,1,0,6.72,10.92,MEDIUM
2025-07-17 10:00:00,10,17,7,3,0,29.9,65.5,2,3,7.55,6.72,MEDIUM
2025-07-17 11:00:00,11,17,7,3,0,36.3,48.5,2,1,8.0,7.55,MEDIUM
2025-07-17 12:00:00,12,17,7,3,0,36.8,54.8,1,1,7.32,8.0,MEDIUM
2025-07-17 13:00:00,13,17,7,3,0,37.6,50.0,2,1,8.28,7.32,MEDIUM
2025-07-17 14:00:00,14,17,7,3,0,36.8,53.5,2,1,8.25,8.28,MEDIUM
2025-07-17 15:00:00,15,17,7,3,0,38.0,55.5,1,1,7.39,8.25,MEDIUM
2025-07-17 16:00:00,16,17,7,3,0,40.8,43.5,2,1,8.56,7.39,MEDIUM
2025-07-17 17:00:00,17,17,7,3,0,35.6,53.7,2,7,15.82,8.56,HIGH
2025-07-17 18:00:00,18,17,7,3,0,35.9,60.8,5,6,20.46,15.82,HIGH
2025-07-17 19:00:00,19,17,7,3,0,31.8,65.8,4,2,15.85,20.46,HIGH
2025-07-17 20:00:00,20,17,7,3,0,31.1,54.8,5,3,15.98,15.85,HIGH
2025-07-17 21:00:00,21,17,7,3,0,32.2,55.4,5,1,13.72,15.98,HIGH
2025-07-17 22:00:00,22,17,7,3,0,33.5,67.9,5,5,12.42,13.72,HIGH
2025-07-17 23:00:00,23,17,7,3,0,28.9,63.2,2,3,8.89,12.42,MEDIUM
2025-07-18 00:00:00,0,18,7,4,0,27.9,53.1,3,1,6.64,8.89,MEDIUM
2025-07-18 01:00:00,1,18,7,4,0,26.7,53.6,2,1,4.2,6.64,LOW
2025-07-18 02:00:00,2,18,7,4,0,25.8,63.4,2,3,3.27,4.2,LOW
2025-07-18 03:00:00,3,18,7,4,0,27.7,50.9,3,1,3.22,3.27,LOW
2025-07-18 04:00:00,4,18,7,4,0,23.4,65.2,3,2,3.32,3.22,LOW
2025-07-18 05:00:00,5,18,7,4,0,30.9,57.6,5,0,3.21,3.32,LOW
2025-07-18 06:00:00,6,18,7,4,0,26.8,60.4,3,0,3.89,3.21,LOW
2025-07-18 07:00:00,7,18,7,4,0,31.3,53.9,4,2,5.64,3.89,LOW
2025-07-18 08:00:00,8,18,7,4,0,27.5,53.2,5,3,8.02,5.64,MEDIUM
2025-07-18 09:00:00,9,18,7,4,0,33.7,63.3,1,1,6.53,8.02,MEDIUM
2025-07-18 10:00:00,10,18,7,4,0,35.0,52.5,1,9,12.52,6.53,HIGH
2025-07-18 11:00:00,11,18,7,4,0,35.5,51.3,1,4,11.84,12.52,HIGH
2025-07-18 12:00:00,12,18,7,4,0,33.0,54.3,1,1,8.12,11.84,MEDIUM
2025-07-18 13:00:00,13,18,7,4,0,37.0,54.4,2,5,11.11,8.12,HIGH
2025-07-18 14:00:00,14,18,7,4,0,33.9,48.3,3,2,11.07,11.11,HIGH
2025-07-18 15:00:00,15,18,7,4,0,36.4,50.1,3,3,11.45,11.07,HIGH
2025-07-18 16:00:00,16,18,7,4,0,39.4,48.5,2,2,11.21,11.45,HIGH
2025-07-18 17:00:00,17,18,7,4,0,38.3,57.8,3,5,15.42,11.21,HIGH
2025-07-18 18:00:00,18,18,7,4,0,35.6,48.4,5,9,22.08,15.42,HIGH
2025-07-18 19:00:00,19,18,7,4,0,32.1,44.6,6,7,23.19,22.08,HIGH
2025-07-18 20:00:00,20,18,7,4,0,34.9,42.2,5,2,19.32,23.19,HIGH
2025-07-18 21:00:00,21,18,7,4,0,32.0,46.4,5,4,18.58,19.32,HIGH
2025-07-18 22:00:00,22,18,7,4,0,24.9,66.2,5,3,12.44,18.58,HIGH
2025-07-18 23:00:00,23,18,7,4,0,31.5,55.5,2,1,8.74,12.44,MEDIUM
2025-07-19 00:00:00,0,19,7,5,1,28.4,59.6,2,1,6.82,8.74,MEDIUM
2025-07-19 01:00:00,1,19,7,5,1,30.7,58.9,4,1,5.22,6.82,LOW
2025-07-19 02:00:00,2,19,7,5,1,24.4,58.6,4,3,5.01,5.22,LOW
2025-07-19 03:00:00,3,19,7,5,1,19.1,59.9,3,4,4.51,5.01,LOW
2025-07-19 04:00:00,4,19,7,5,1,27.9,63.1,2,4,4.48,4.51,LOW
2025-07-19 05:00:00,5,19,7,5,1,28.4,57.5,2,0,2.56,4.48,LOW
2025-07-19 06:00:00,6,19,7,5,1,24.2,66.7,3,5,5.98,2.56,LOW
2025-07-19 07:00:00,7,19,7,5,1,27.1,60.9,5,2,7.03,5.98,MEDIUM
2025-07-19 08:00:00,8,19,7,5,1,37.6,49.3,4,5,13.18,7.03,HIGH
2025-07-19 09:00:00,9,19,7,5,1,31.2,52.5,6,2,13.75,13.18,HIGH
2025-07-19 10:00:00,10,19,7,5,1,35.1,49.6,6,4,16.6,13.75,HIGH
2025-07-19 11:00:00,11,19,7,5,1,32.9,62.1,4,4,16.74,16.6,HIGH
2025-07-19 12:00:00,12,19,7,5,1,30.3,53.4,4,1,13.42,16.74,HIGH
2025-07-19 13:00:00,13,19,7,5,1,35.9,48.8,7,3,16.32,13.42,HIGH
2025-07-19 14:00:00,14,19,7,5,1,36.2,55.4,5,2,14.54,16.32,HIGH
2025-07-19 15:00:00,15,19,7,5,1,36.0,53.0,4,3,14.97,14.54,HIGH
2025-07-19 16:00:00,16,19,7,5,1,36.5,55.2,4,1,13.61,14.97,HIGH
2025-07-19 17:00:00,17,19,7,5,1,37.0,64.5,7,1,16.99,13.61,HIGH
2025-07-19 18:00:00,18,19,7,5,1,35.2,59.4,5,2,16.91,16.99,HIGH
2025-07-19 19:00:00,19,19,7,5,1,31.3,55.6,4,5,19.3,16.91,HIGH
2025-07-19 20:00:00,20,19,7,5,1,34.5,45.7,5,4,21.05,19.3,HIGH
2025-07-19 21:00:00,21,19,7,5,1,27.1,54.2,5,4,19.86,21.05,HIGH
2025-07-19 22:00:00,22,19,7,5,1,25.6,62.0,5,5,15.02,19.86,HIGH
2025-07-19 23:00:00,23,19,7,5,1,31.3,48.5,2,3,10.94,15.02,MEDIUM
2025-07-20 00:00:00,0,20,7,6,1,29.7,69.0,3,5,11.22,10.94,HIGH
2025-07-20 01:00:00,1,20,7,6,1,27.5,57.1,4,6,8.72,11.22,MEDIUM
2025-07-20 02:00:00,2,20,7,6,1,23.7,58.8,3,4,6.75,8.72,MEDIUM
2025-07-20 03:00:00,3,20,7,6,1,25.2,53.9,2,2,4.86,6.75,LOW
2025-07-20 04:00:00,4,20,7,6,1,26.5,60.4,4,2,4.16,4.86,LOW
2025-07-20 05:00:00,5,20,7,6,1,23.7,51.6,2,5,4.57,4.16,LOW
2025-07-20 06:00:00,6,20,7,6,1,26.6,70.3,3,0,4.73,4.57,LOW
2025-07-20 07:00:00,7,20,7,6,1,31.1,63.5,4,4,7.99,4.73,MEDIUM
2025-07-20 08:00:00,8,20,7,6,1,34.3,60.2,4,1,9.64,7.99,MEDIUM
2025-07-20 09:00:00,9,20,7,6,1,31.0,47.3,6,4,13.05,9.64,HIGH
2025-07-20 10:00:00,10,20,7,6,1,35.2,55.2,5,3,14.16,13.05,HIGH
2025-07-20 11:00:00,11,20,7,6,1,29.7,63.4,5,4,14.67,14.16,HIGH
2025-07-20 12:00:00,12,20,7,6,1,37.2,56.7,4,1,12.58,14.67,HIGH
2025-07-20 13:00:00,13,20,7,6,1,34.3,48.3,5,3,13.98,12.58,HIGH
2025-07-20 14:00:00,14,20,7,6,1,37.6,49.1,4,5,16.91,13.98,HIGH
2025-07-20 15:00:00,15,20,7,6,1,36.4,50.7,6,5,18.84,16.91,HIGH
2025-07-20 16:00:00,16,20,7,6,1,40.1,48.3,5,5,20.08,18.84,HIGH
2025-07-20 17:00:00,17,20,7,6,1,34.1,63.5,6,2,19.74,20.08,HIGH
2025-07-20 18:00:00,18,20,7,6,1,37.1,41.6,5,6,24.52,19.74,HIGH
2025-07-20 19:00:00,19,20,7,6,1,33.8,58.4,5,3,21.72,24.52,HIGH
2025-07-20 20:00:00,20,20,7,6,1,32.9,47.1,4,2,17.99,21.72,HIGH
2025-07-20 21:00:00,21,20,7,6,1,31.5,49.6,4,6,21.22,17.99,HIGH
2025-07-20 22:00:00,22,20,7,6,1,28.6,44.5,4,2,13.15,21.22,HIGH
2025-07-20 23:00:00,23,20,7,6,1,29.5,52.9,2,5,11.42,13.15,HIGH
2025-07-21 00:00:00,0,21,7,0,0,28.3,65.7,2,4,8.26,11.42,MEDIUM
2025-07-21 01:00:00,1,21,7,0,0,28.3,58.3,2,1,4.55,8.26,LOW
2025-07-21 02:00:00,2,21,7,0,0,27.4,49.8,2,0,2.95,4.55,LOW
2025-07-21 03:00:00,3,21,7,0,0,29.0,62.5,3,2,2.59,2.95,LOW
2025-07-21 04:00:00,4,21,7,0,0,29.5,63.6,2,1,2.23,2.59,LOW
2025-07-21 05:00:00,5,21,7,0,0,25.0,58.6,5,2,2.45,2.23,LOW
2025-07-21 06:00:00,6,21,7,0,0,30.6,68.0,2,2,4.39,2.45,LOW
2025-07-21 07:00:00,7,21,7,0,0,26.5,62.3,5,2,6.16,4.39,LOW
2025-07-21 08:00:00,8,21,7,0,0,32.2,59.2,4,0,6.71,6.16,MEDIUM
2025-07-21 09:00:00,9,21,7,0,0,33.5,49.8,1,2,7.79,6.71,MEDIUM
2025-07-21 10:00:00,10,21,7,0,0,28.5,60.4,2,2,7.21,7.79,MEDIUM
2025-07-21 11:00:00,11,21,7,0,0,34.7,55.4,4,0,7.11,7.21,MEDIUM
2025-07-21 12:00:00,12,21,7,0,0,34.4,57.4,2,1,6.62,7.11,MEDIUM
2025-07-21 13:00:00,13,21,7,0,0,34.4,50.1,1,0,5.49,6.62,LOW
2025-07-21 14:00:00,14,21,7,0,0,40.2,52.7,2,1,7.42,5.49,MEDIUM
2025-07-21 15:00:00,15,21,7,0,0,35.4,48.9,3,0,8.08,7.42,MEDIUM
2025-07-21 16:00:00,16,21,7,0,0,34.8,41.2,2,3,8.82,8.08,MEDIUM
2025-07-21 17:00:00,17,21,7,0,0,36.5,59.4,2,3,11.37,8.82,HIGH
2025-07-21 18:00:00,18,21,7,0,0,37.2,44.1,6,5,18.1,11.37,HIGH
2025-07-21 19:00:00,19,21,7,0,0,34.1,55.0,5,3,17.55,18.1,HIGH
2025-07-21 20:00:00,20,21,7,0,0,36.2,55.5,5,8,22.63,17.55,HIGH
2025-07-21 21:00:00,21,21,7,0,0,33.3,56.6,4,5,20.68,22.63,HIGH
2025-07-21 22:00:00,22,21,7,0,0,25.3,56.2,5,3,13.13,20.68,HIGH
2025-07-21 23:00:00,23,21,7,0,0,28.2,58.3,4,2,9.32,13.13,MEDIUM
2025-07-22 00:00:00,0,22,7,1,0,27.1,60.0,3,1,6.25,9.32,MEDIUM
2025-07-22 01:00:00,1,22,7,1,0,28.9,60.8,3,1,4.57,6.25,LOW
2025-07-22 02:00:00,2,22,7,1,0,20.6,70.2,3,2,3.75,4.57,LOW
2025-07-22 03:00:00,3,22,7,1,0,33.4,56.0,3,1,3.34,3.75,LOW
2025-07-22 04:00:00,4,22,7,1,0,28.5,57.0,3,0,2.58,3.34,LOW
2025-07-22 05:00:00,5,22,7,1,0,28.0,51.4,2,1,2.36,2.58,LOW
2025-07-22 06:00:00,6,22,7,1,0,31.4,58.1,3,1,3.84,2.36,LOW
2025-07-22 07:00:00,7,22,7,1,0,35.4,57.8,7,2,6.78,3.84,MEDIUM
2025-07-22 08:00:00,8,22,7,1,0,32.9,53.7,4,1,7.76,6.78,MEDIUM
2025-07-22 09:00:00,9,22,7,1,0,34.4,57.5,3,2,8.95,7.76,MEDIUM
2025-07-22 10:00:00,10,22,7,1,0,33.6,52.8,3,1,8.73,8.95,MEDIUM
2025-07-22 11:00:00,11,22,7,1,0,34.1,58.4,5,1,9.55,8.73,MEDIUM
2025-07-22 12:00:00,12,22,7,1,0,34.3,59.8,2,2,8.78,9.55,MEDIUM
2025-07-22 13:00:00,13,22,7,1,0,34.3,59.7,2,3,9.63,8.78,MEDIUM
2025-07-22 14:00:00,14,22,7,1,0,35.1,54.7,3,0,8.21,9.63,MEDIUM
2025-07-22 15:00:00,15,22,7,1,0,33.6,48.3,2,3,8.7,8.21,MEDIUM
2025-07-22 16:00:00,16,22,7,1,0,36.6,49.7,2,0,6.77,8.7,MEDIUM
2025-07-22 17:00:00,17,22,7,1,0,32.1,58.7,1,5,10.88,6.77,MEDIUM
2025-07-22 18:00:00,18,22,7,1,0,36.0,68.3,5,3,15.25,10.88,HIGH
2025-07-22 19:00:00,19,22,7,1,0,34.4,52.2,5,2,15.46,15.25,HIGH
2025-07-22 20:00:00,20,22,7,1,0,33.7,57.3,5,8,21.91,15.46,HIGH
2025-07-22 21:00:00,21,22,7,1,0,30.7,52.4,4,4,18.8,21.91,HIGH
2025-07-22 22:00:00,22,22,7,1,0,38.4,46.8,6,4,15.17,18.8,HIGH
2025-07-22 23:00:00,23,22,7,1,0,32.9,50.8,4,0,8.84,15.17,MEDIUM
2025-07-23 00:00:00,0,23,7,2,0,25.4,45.3,4,3,7.13,8.84,MEDIUM
2025-07-23 01:00:00,1,23,7,2,0,28.3,64.8,2,2,4.81,7.13,LOW
2025-07-23 02:00:00,2,23,7,2,0,25.7,44.3,4,2,3.96,4.81,LOW
2025-07-23 03:00:00,3,23,7,2,0,24.5,56.6,2,2,2.2,3.96,LOW
2025-07-23 04:00:00,4,23,7,2,0,23.8,51.4,2,3,2.52,2.2,LOW
2025-07-23 05:00:00,5,23,7,2,0,28.8,51.2,3,2,3.18,2.52,LOW
2025-07-23 06:00:00,6,23,7,2,0,26.8,65.5,5,2,5.37,3.18,LOW
2025-07-23 07:00:00,7,23,7,2,0,31.9,56.4,6,3,7.63,5.37,MEDIUM
2025-07-23 08:00:00,8,23,7,2,0,33.2,48.9,5,2,8.8,7.63,MEDIUM
2025-07-23 09:00:00,9,23,7,2,0,35.4,50.3,2,1,8.18,8.8,MEDIUM
2025-07-23 10:00:00,10,23,7,2,0,31.2,50.9,1,0,5.43,8.18,LOW
2025-07-23 11:00:00,11,23,7,2,0,35.7,53.5,4,1,7.89,5.43,MEDIUM
2025-07-23 12:00:00,12,23,7,2,0,37.1,54.2,1,1,7.57,7.89,MEDIUM
2025-07-23 13:00:00,13,23,7,2,0,35.1,65.3,5,6,13.42,7.57,HIGH
2025-07-23 14:00:00,14,23,7,2,0,34.9,42.5,2,0,9.39,13.42,MEDIUM
2025-07-23 15:00:00,15,23,7,2,0,41.0,51.4,5,2,11.57,9.39,HIGH
2025-07-23 16:00:00,16,23,7,2,0,37.4,51.1,1,3,10.81,11.57,MEDIUM
2025-07-23 17:00:00,17,23,7,2,0,37.9,58.5,3,7,17.28,10.81,HIGH
2025-07-23 18:00:00,18,23,7,2,0,33.5,56.7,6,9,24.4,17.28,HIGH
2025-07-23 19:00:00,19,23,7,2,0,31.5,58.9,4,3,18.83,24.4,HIGH
2025-07-23 20:00:00,20,23,7,2,0,31.9,57.3,4,4,18.31,18.83,HIGH
2025-07-23 21:00:00,21,23,7,2,0,31.7,49.7,6,6,20.86,18.31,HIGH
2025-07-23 22:00:00,22,23,7,2,0,28.0,64.1,5,7,16.39,20.86,HIGH
2025-07-23 23:00:00,23,23,7,2,0,29.5,61.0,2,1,9.72,16.39,MEDIUM
2025-07-24 00:00:00,0,24,7,3,0,24.2,63.8,3,1,5.86,9.72,LOW
2025-07-24 01:00:00,1,24,7,3,0,24.9,65.6,4,3,4.81,5.86,LOW
2025-07-24 02:00:00,2,24,7,3,0,28.8,59.0,5,2,4.03,4.81,LOW
2025-07-24 03:00:00,3,24,7,3,0,28.5,65.5,2,1,2.93,4.03,LOW
2025-07-24 04:00:00,4,24,7,3,0,26.2,59.8,2,0,2.05,2.93,LOW
2025-07-24 05:00:00,5,24,7,3,0,25.1,56.6,2,1,1.51,2.05,LOW
2025-07-24 06:00:00,6,24,7,3,0,25.9,57.6,3,0,2.2,1.51,LOW
2025-07-24 07:00:00,7,24,7,3,0,28.6,56.4,5,0,4.31,2.2,LOW
2025-07-24 08:00:00,8,24,7,3,0,32.3,52.0,5,1,6.79,4.31,MEDIUM
2025-07-24 09:00:00,9,24,7,3,0,34.3,64.1,2,3,8.74,6.79,MEDIUM
2025-07-24 10:00:00,10,24,7,3,0,32.1,56.9,1,1,6.79,8.74,MEDIUM
2025-07-24 11:00:00,11,24,7,3,0,31.6,55.9,1,1,6.32,6.79,MEDIUM
2025-07-24 12:00:00,12,24,7,3,0,36.2,55.8,2,2,8.08,6.32,MEDIUM
2025-07-24 13:00:00,13,24,7,3,0,34.3,72.2,2,3,8.98,8.08,MEDIUM
2025-07-24 14:00:00,14,24,7,3,0,35.5,47.0,4,1,9.52,8.98,MEDIUM
2025-07-24 15:00:00,15,24,7,3,0,40.3,46.8,2,1,8.94,9.52,MEDIUM
2025-07-24 16:00:00,16,24,7,3,0,38.9,44.2,1,1,8.68,8.94,MEDIUM
2025-07-24 17:00:00,17,24,7,3,0,36.7,51.9,5,8,19.0,8.68,HIGH
2025-07-24 18:00:00,18,24,7,3,0,32.4,56.5,4,8,21.85,19.0,HIGH
2025-07-24 19:00:00,19,24,7,3,0,35.0,51.2,5,6,22.33,21.85,HIGH
2025-07-24 20:00:00,20,24,7,3,0,36.0,50.4,7,6,24.27,22.33,HIGH
2025-07-24 21:00:00,21,24,7,3,0,31.1,56.4,5,6,22.66,24.27,HIGH
2025-07-24 22:00:00,22,24,7,3,0,34.1,51.3,4,4,15.84,22.66,HIGH
2025-07-24 23:00:00,23,24,7,3,0,32.7,56.8,4,2,11.04,15.84,HIGH
2025-07-25 00:00:00,0,25,7,4,0,32.6,61.6,5,3,9.74,11.04,MEDIUM
2025-07-25 01:00:00,1,25,7,4,0,28.4,60.7,3,1,6.12,9.74,LOW
2025-07-25 02:00:00,2,25,7,4,0,28.6,61.8,3,2,4.91,6.12,LOW
2025-07-25 03:00:00,3,25,7,4,0,30.5,62.3,3,4,4.34,4.91,LOW
2025-07-25 04:00:00,4,25,7,4,0,28.3,58.4,2,2,3.29,4.34,LOW
2025-07-25 05:00:00,5,25,7,4,0,26.4,56.5,5,1,3.6,3.29,LOW
2025-07-25 06:00:00,6,25,7,4,0,27.3,52.4,2,2,4.41,3.6,LOW
2025-07-25 07:00:00,7,25,7,4,0,30.1,53.6,5,2,6.75,4.41,MEDIUM
2025-07-25 08:00:00,8,25,7,4,0,27.5,53.9,5,1,7.84,6.75,MEDIUM
2025-07-25 09:00:00,9,25,7,4,0,31.6,59.8,2,2,7.97,7.84,MEDIUM
2025-07-25 10:00:00,10,25,7,4,0,36.0,55.7,1,1,7.06,7.97,MEDIUM
2025-07-25 11:00:00,11,25,7,4,0,29.0,60.6,4,1,7.05,7.06,MEDIUM
2025-07-25 12:00:00,12,25,7,4,0,39.4,45.3,5,2,9.96,7.05,MEDIUM
2025-07-25 13:00:00,13,25,7,4,0,39.1,61.0,1,3,10.14,9.96,MEDIUM
2025-07-25 14:00:00,14,25,7,4,0,35.7,51.2,3,3,11.33,10.14,HIGH
2025-07-25 15:00:00,15,25,7,4,0,38.4,46.0,1,2,9.5,11.33,MEDIUM
2025-07-25 16:00:00,16,25,7,4,0,36.8,50.6,4,5,12.82,9.5,HIGH
2025-07-25 17:00:00,17,25,7,4,0,39.4,67.1,1,8,17.84,12.82,HIGH
2025-07-25 18:00:00,18,25,7,4,0,38.0,50.5,4,9,24.11,17.84,HIGH
2025-07-25 19:00:00,19,25,7,4,0,31.0,53.6,6,8,25.19,24.11,HIGH
2025-07-25 20:00:00,20,25,7,4,0,34.8,52.9,4,3,20.9,25.19,HIGH
2025-07-25 21:00:00,21,25,7,4,0,31.5,54.5,5,4,19.43,20.9,HIGH
2025-07-25 22:00:00,22,25,7,4,0,30.9,51.0,5,3,14.15,19.43,HIGH
2025-07-25 23:00:00,23,25,7,4,0,27.7,57.8,4,2,9.27,14.15,MEDIUM
2025-07-26 00:00:00,0,26,7,5,1,32.8,61.3,3,4,8.85,9.27,MEDIUM
2025-07-26 01:00:00,1,26,7,5,1,30.3,57.8,4,4,6.85,8.85,MEDIUM
2025-07-26 02:00:00,2,26,7,5,1,25.3,51.2,2,5,5.59,6.85,LOW
2025-07-26 03:00:00,3,26,7,5,1,23.7,56.5,2,5,5.14,5.59,LOW
2025-07-26 04:00:00,4,26,7,5,1,26.2,54.2,3,3,4.97,5.14,LOW
2025-07-26 05:00:00,5,26,7,5,1,28.8,56.8,4,3,4.68,4.97,LOW
2025-07-26 06:00:00,6,26,7,5,1,29.1,64.3,3,9,10.32,4.68,MEDIUM
2025-07-26 07:00:00,7,26,7,5,1,32.6,54.1,5,2,9.73,10.32,MEDIUM
2025-07-26 08:00:00,8,26,7,5,1,32.7,54.4,4,5,13.65,9.73,HIGH
2025-07-26 09:00:00,9,26,7,5,1,34.4,64.9,5,2,13.1,13.65,HIGH
2025-07-26 10:00:00,10,26,7,5,1,34.1,59.6,4,5,14.66,13.1,HIGH
2025-07-26 11:00:00,11,26,7,5,1,31.0,59.0,5,2,13.49,14.66,HIGH
2025-07-26 12:00:00,12,26,7,5,1,35.0,65.7,6,4,15.57,13.49,HIGH
2025-07-26 13:00:00,13,26,7,5,1,39.0,55.3,6,4,18.1,15.57,HIGH
2025-07-26 14:00:00,14,26,7,5,1,36.7,41.4,5,1,14.27,18.1,HIGH
2025-07-26 15:00:00,15,26,7,5,1,38.3,57.7,4,5,16.3,14.27,HIGH
2025-07-26 16:00:00,16,26,7,5,1,36.0,44.0,4,2,13.88,16.3,HIGH
2025-07-26 17:00:00,17,26,7,5,1,33.8,57.2,4,2,14.67,13.88,HIGH
2025-07-26 18:00:00,18,26,7,5,1,35.2,43.6,5,3,17.33,14.67,HIGH
2025-07-26 19:00:00,19,26,7,5,1,35.3,51.1,4,1,16.03,17.33,HIGH
2025-07-26 20:00:00,20,26,7,5,1,31.7,53.1,4,10,25.82,16.03,HIGH
2025-07-26 21:00:00,21,26,7,5,1,31.4,50.8,6,2,21.0,25.82,HIGH
2025-07-26 22:00:00,22,26,7,5,1,28.4,54.5,4,5,15.32,21.0,HIGH
2025-07-26 23:00:00,23,26,7,5,1,32.3,61.3,4,4,12.81,15.32,HIGH
2025-07-27 00:00:00,0,27,7,6,1,27.7,52.6,6,2,10.39,12.81,MEDIUM
2025-07-27 01:00:00,1,27,7,6,1,31.3,58.8,2,5,7.78,10.39,MEDIUM
2025-07-27 02:00:00,2,27,7,6,1,31.0,49.8,2,2,4.86,7.78,LOW
2025-07-27 03:00:00,3,27,7,6,1,26.8,56.1,3,3,4.56,4.86,LOW
2025-07-27 04:00:00,4,27,7,6,1,24.6,60.1,4,8,6.08,4.56,LOW
2025-07-27 05:00:00,5,27,7,6,1,22.5,53.0,2,6,5.75,6.08,LOW
2025-07-27 06:00:00,6,27,7,6,1,24.8,50.2,2,3,5.93,5.75,LOW
2025-07-27 07:00:00,7,27,7,6,1,26.1,60.5,8,0,7.35,5.93,MEDIUM
2025-07-27 08:00:00,8,27,7,6,1,34.2,61.1,5,3,11.75,7.35,HIGH
2025-07-27 09:00:00,9,27,7,6,1,32.3,54.6,5,2,12.23,11.75,HIGH
2025-07-27 10:00:00,10,27,7,6,1,34.3,51.5,7,1,13.48,12.23,HIGH
2025-07-27 11:00:00,11,27,7,6,1,28.9,57.4,5,3,13.86,13.48,HIGH
2025-07-27 12:00:00,12,27,7,6,1,32.5,55.3,4,2,12.0,13.86,HIGH
2025-07-27 13:00:00,13,27,7,6,1,38.5,54.1,5,6,16.44,12.0,HIGH
2025-07-27 14:00:00,14,27,7,6,1,37.5,37.8,7,2,17.12,16.44,HIGH
2025-07-27 15:00:00,15,27,7,6,1,36.6,46.9,4,3,16.05,17.12,HIGH
2025-07-27 16:00:00,16,27,7,6,1,38.2,47.6,4,6,18.76,16.05,HIGH
2025-07-27 17:00:00,17,27,7,6,1,40.4,52.7,6,5,23.9,18.76,HIGH
2025-07-27 18:00:00,18,27,7,6,1,35.0,55.1,4,6,25.05,23.9,HIGH
2025-07-27 19:00:00,19,27,7,6,1,34.7,57.9,5,6,26.75,25.05,HIGH
2025-07-27 20:00:00,20,27,7,6,1,33.8,56.0,4,6,25.83,26.75,HIGH
2025-07-27 21:00:00,21,27,7,6,1,38.0,45.0,6,4,25.57,25.83,HIGH
2025-07-27 22:00:00,22,27,7,6,1,25.5,66.5,7,6,19.61,25.57,HIGH
2025-07-27 23:00:00,23,27,7,6,1,31.2,63.2,2,3,13.08,19.61,HIGH
2025-07-28 00:00:00,0,28,7,0,0,28.2,49.2,2,3,9.3,13.08,MEDIUM
2025-07-28 01:00:00,1,28,7,0,0,29.1,58.4,2,4,6.44,9.3,MEDIUM
2025-07-28 02:00:00,2,28,7,0,0,25.5,54.2,6,4,6.45,6.44,MEDIUM
2025-07-28 03:00:00,3,28,7,0,0,26.9,58.1,3,0,3.61,6.45,LOW
2025-07-28 04:00:00,4,28,7,0,0,28.9,62.8,3,2,3.25,3.61,LOW
2025-07-28 05:00:00,5,28,7,0,0,35.5,66.6,2,0,2.75,3.25,LOW
2025-07-28 06:00:00,6,28,7,0,0,30.5,60.3,2,1,3.88,2.75,LOW
2025-07-28 07:00:00,7,28,7,0,0,27.4,58.8,4,3,5.88,3.88,LOW
2025-07-28 08:00:00,8,28,7,0,0,29.6,54.1,5,4,9.44,5.88,MEDIUM
2025-07-28 09:00:00,9,28,7,0,0,30.9,56.7,2,4,10.01,9.44,MEDIUM
2025-07-28 10:00:00,10,28,7,0,0,28.8,64.6,1,1,6.94,10.01,MEDIUM
2025-07-28 11:00:00,11,28,7,0,0,33.7,54.3,3,0,6.72,6.94,MEDIUM
2025-07-28 12:00:00,12,28,7,0,0,37.4,47.7,2,2,8.5,6.72,MEDIUM
2025-07-28 13:00:00,13,28,7,0,0,33.1,45.0,3,1,8.53,8.5,MEDIUM
2025-07-28 14:00:00,14,28,7,0,0,39.5,55.3,2,3,9.84,8.53,MEDIUM
2025-07-28 15:00:00,15,28,7,0,0,38.2,54.2,1,2,9.84,9.84,MEDIUM
2025-07-28 16:00:00,16,28,7,0,0,35.0,50.1,1,3,8.92,9.84,MEDIUM
2025-07-28 17:00:00,17,28,7,0,0,36.0,59.8,1,6,13.62,8.92,HIGH
2025-07-28 18:00:00,18,28,7,0,0,39.5,49.7,7,3,18.03,13.62,HIGH
2025-07-28 19:00:00,19,28,7,0,0,36.3,52.7,5,8,23.33,18.03,HIGH
2025-07-28 20:00:00,20,28,7,0,0,33.3,54.6,6,3,19.85,23.33,HIGH
2025-07-28 21:00:00,21,28,7,0,0,31.4,53.3,8,5,22.82,19.85,HIGH
2025-07-28 22:00:00,22,28,7,0,0,30.9,57.1,6,1,13.78,22.82,HIGH
2025-07-28 23:00:00,23,28,7,0,0,28.2,63.6,3,1,9.32,13.78,MEDIUM
2025-07-29 00:00:00,0,29,7,1,0,23.2,51.9,6,2,7.97,9.32,MEDIUM
2025-07-29 01:00:00,1,29,7,1,0,32.8,57.8,2,1,5.03,7.97,LOW
2025-07-29 02:00:00,2,29,7,1,0,27.6,58.0,3,2,3.11,5.03,LOW
2025-07-29 03:00:00,3,29,7,1,0,28.0,57.7,3,2,3.3,3.11,LOW
2025-07-29 04:00:00,4,29,7,1,0,27.0,62.4,3,2,3.02,3.3,LOW
2025-07-29 05:00:00,5,29,7,1,0,25.8,58.0,2,6,4.27,3.02,LOW
2025-07-29 06:00:00,6,29,7,1,0,28.0,59.7,2,1,3.57,4.27,LOW
2025-07-29 07:00:00,7,29,7,1,0,25.5,62.1,4,1,4.79,3.57,LOW
2025-07-29 08:00:00,8,29,7,1,0,36.4,50.4,4,0,6.15,4.79,LOW
2025-07-29 09:00:00,9,29,7,1,0,28.9,58.2,2,1,5.91,6.15,LOW
2025-07-29 10:00:00,10,29,7,1,0,30.7,54.2,1,1,4.92,5.91,LOW
2025-07-29 11:00:00,11,29,7,1,0,33.4,53.8,2,4,9.03,4.92,MEDIUM
2025-07-29 12:00:00,12,29,7,1,0,38.8,50.5,1,2,9.23,9.03,MEDIUM
2025-07-29 13:00:00,13,29,7,1,0,36.4,56.3,2,2,9.74,9.23,MEDIUM
2025-07-29 14:00:00,14,29,7,1,0,33.7,55.0,1,1,7.53,9.74,MEDIUM
2025-07-29 15:00:00,15,29,7,1,0,40.1,54.3,1,2,8.31,7.53,MEDIUM
2025-07-29 16:00:00,16,29,7,1,0,38.7,52.4,3,3,10.47,8.31,MEDIUM
2025-07-29 17:00:00,17,29,7,1,0,37.7,43.3,4,5,16.08,10.47,HIGH
2025-07-29 18:00:00,18,29,7,1,0,37.3,53.3,5,0,14.04,16.08,HIGH
2025-07-29 19:00:00,19,29,7,1,0,40.5,52.2,4,6,19.27,14.04,HIGH
2025-07-29 20:00:00,20,29,7,1,0,38.8,53.9,6,4,21.2,19.27,HIGH
2025-07-29 21:00:00,21,29,7,1,0,30.3,52.3,5,5,20.53,21.2,HIGH
2025-07-29 22:00:00,22,29,7,1,0,34.8,46.9,4,5,14.88,20.53,HIGH
2025-07-29 23:00:00,23,29,7,1,0,30.5,59.5,3,3,10.93,14.88,MEDIUM
2025-07-30 00:00:00,0,30,7,2,0,29.7,54.5,3,0,6.6,10.93,MEDIUM
2025-07-30 01:00:00,1,30,7,2,0,23.4,59.7,3,1,4.59,6.6,LOW
2025-07-30 02:00:00,2,30,7,2,0,26.7,55.6,3,1,3.0,4.59,LOW
2025-07-30 03:00:00,3,30,7,2,0,25.0,58.0,4,4,3.92,3.0,LOW
2025-07-30 04:00:00,4,30,7,2,0,29.2,53.6,3,2,3.7,3.92,LOW
2025-07-30 05:00:00,5,30,7,2,0,30.3,50.1,4,0,2.96,3.7,LOW
2025-07-30 06:00:00,6,30,7,2,0,23.3,61.5,5,3,5.27,2.96,LOW
2025-07-30 07:00:00,7,30,7,2,0,29.4,52.6,8,2,7.67,5.27,MEDIUM
2025-07-30 08:00:00,8,30,7,2,0,33.5,55.6,5,2,9.91,7.67,MEDIUM
2025-07-30 09:00:00,9,30,7,2,0,31.5,57.9,2,0,7.44,9.91,MEDIUM
2025-07-30 10:00:00,10,30,7,2,0,35.1,50.4,4,0,8.51,7.44,MEDIUM
2025-07-30 11:00:00,11,30,7,2,0,35.4,46.6,2,3,10.09,8.51,MEDIUM
2025-07-30 12:00:00,12,30,7,2,0,36.4,68.0,1,1,8.45,10.09,MEDIUM
2025-07-30 13:00:00,13,30,7,2,0,35.7,50.6,1,2,8.24,8.45,MEDIUM
2025-07-30 14:00:00,14,30,7,2,0,33.8,58.2,2,1,7.35,8.24,MEDIUM
2025-07-30 15:00:00,15,30,7,2,0,34.2,66.0,1,2,7.66,7.35,MEDIUM
2025-07-30 16:00:00,16,30,7,2,0,38.6,57.3,5,1,10.23,7.66,MEDIUM
2025-07-30 17:00:00,17,30,7,2,0,36.4,51.6,3,7,17.47,10.23,HIGH
2025-07-30 18:00:00,18,30,7,2,0,35.2,53.5,4,8,21.95,17.47,HIGH
2025-07-30 19:00:00,19,30,7,2,0,33.4,49.6,5,5,20.95,21.95,HIGH
2025-07-30 20:00:00,20,30,7,2,0,32.5,60.3,5,1,16.46,20.95,HIGH
2025-07-30 21:00:00,21,30,7,2,0,34.6,57.6,6,1,15.83,16.46,HIGH
2025-07-30 22:00:00,22,30,7,2,0,29.9,53.0,5,5,13.44,15.83,HIGH
2025-07-30 23:00:00,23,30,7,2,0,26.1,51.3,3,3,9.61,13.44,MEDIUM
2025-07-31 00:00:00,0,31,7,3,0,30.3,48.0,3,0,6.9,9.61,MEDIUM
2025-07-31 01:00:00,1,31,7,3,0,27.2,63.0,5,2,5.51,6.9,LOW
2025-07-31 02:00:00,2,31,7,3,0,27.2,57.8,2,4,4.36,5.51,LOW
2025-07-31 03:00:00,3,31,7,3,0,31.0,56.9,4,2,3.81,4.36,LOW
2025-07-31 04:00:00,4,31,7,3,0,27.1,52.2,4,2,4.12,3.81,LOW
2025-07-31 05:00:00,5,31,7,3,0,28.4,47.9,2,1,3.25,4.12,LOW
2025-07-31 06:00:00,6,31,7,3,0,25.5,63.6,2,1,3.5,3.25,LOW
2025-07-31 07:00:00,7,31,7,3,0,29.0,56.7,4,1,4.47,3.5,LOW
2025-07-31 08:00:00,8,31,7,3,0,32.2,60.6,5,1,6.59,4.47,MEDIUM
2025-07-31 09:00:00,9,31,7,3,0,28.1,54.4,1,2,6.28,6.59,MEDIUM
2025-07-31 10:00:00,10,31,7,3,0,33.8,53.1,1,2,7.04,6.28,MEDIUM
2025-07-31 11:00:00,11,31,7,3,0,34.8,58.4,2,1,7.4,7.04,MEDIUM
2025-07-31 12:00:00,12,31,7,3,0,35.6,58.2,1,0,6.08,7.4,LOW
2025-07-31 13:00:00,13,31,7,3,0,38.9,57.2,1,2,7.39,6.08,MEDIUM
2025-07-31 14:00:00,14,31,7,3,0,37.7,51.1,1,2,8.08,7.39,MEDIUM
2025-07-31 15:00:00,15,31,7,3,0,40.7,55.4,1,1,8.42,8.08,MEDIUM
2025-07-31 16:00:00,16,31,7,3,0,34.3,60.9,2,2,8.68,8.42,MEDIUM
2025-07-31 17:00:00,17,31,7,3,0,36.7,52.7,1,6,13.43,8.68,HIGH
2025-07-31 18:00:00,18,31,7,3,0,35.7,50.6,6,4,17.46,13.43,HIGH
2025-07-31 19:00:00,19,31,7,3,0,31.8,63.3,4,5,17.84,17.46,HIGH
2025-07-31 20:00:00,20,31,7,3,0,35.7,49.8,6,3,19.03,17.84,HIGH
2025-07-31 21:00:00,21,31,7,3,0,37.8,56.7,4,7,21.99,19.03,HIGH
2025-07-31 22:00:00,22,31,7,3,0,30.7,55.4,5,2,14.69,21.99,HIGH
2025-07-31 23:00:00,23,31,7,3,0,30.8,44.6,3,0,8.99,14.69,MEDIUM
2025-08-01 00:00:00,0,1,8,4,0,27.1,63.9,2,1,5.93,8.99,LOW
2025-08-01 01:00:00,1,1,8,4,0,24.3,41.7,2,1,3.23,5.93,LOW
2025-08-01 02:00:00,2,1,8,4,0,21.0,47.7,4,2,2.95,3.23,LOW
2025-08-01 03:00:00,3,1,8,4,0,23.6,61.7,3,3,3.04,2.95,LOW
2025-08-01 04:00:00,4,1,8,4,0,22.1,62.3,2,1,1.86,3.04,LOW
2025-08-01 05:00:00,5,1,8,4,0,30.3,52.1,4,0,2.46,1.86,LOW
2025-08-01 06:00:00,6,1,8,4,0,26.6,58.2,3,0,2.62,2.46,LOW
2025-08-01 07:00:00,7,1,8,4,0,27.0,42.0,5,2,4.51,2.62,LOW
2025-08-01 08:00:00,8,1,8,4,0,31.3,59.7,4,3,7.72,4.51,MEDIUM
2025-08-01 09:00:00,9,1,8,4,0,27.6,58.5,2,1,6.16,7.72,LOW
2025-08-01 10:00:00,10,1,8,4,0,29.8,55.8,1,1,5.59,6.16,LOW
2025-08-01 11:00:00,11,1,8,4,0,33.1,54.9,2,2,7.6,5.59,MEDIUM
2025-08-01 12:00:00,12,1,8,4,0,36.5,56.4,3,2,8.95,7.6,MEDIUM
2025-08-01 13:00:00,13,1,8,4,0,36.0,53.4,2,0,7.53,8.95,MEDIUM
2025-08-01 14:00:00,14,1,8,4,0,35.8,42.4,2,2,8.29,7.53,MEDIUM
2025-08-01 15:00:00,15,1,8,4,0,35.6,66.9,2,1,7.12,8.29,MEDIUM
2025-08-01 16:00:00,16,1,8,4,0,36.2,60.7,1,3,8.54,7.12,MEDIUM
2025-08-01 17:00:00,17,1,8,4,0,35.2,46.2,2,6,14.27,8.54,HIGH
2025-08-01 18:00:00,18,1,8,4,0,31.4,53.4,6,5,17.49,14.27,HIGH
2025-08-01 19:00:00,19,1,8,4,0,33.0,53.4,4,3,16.86,17.49,HIGH
2025-08-01 20:00:00,20,1,8,4,0,29.0,62.9,4,5,17.43,16.86,HIGH
2025-08-01 21:00:00,21,1,8,4,0,30.6,42.8,6,4,17.69,17.43,HIGH
2025-08-01 22:00:00,22,1,8,4,0,27.9,53.8,4,7,14.55,17.69,HIGH
2025-08-01 23:00:00,23,1,8,4,0,34.2,43.8,3,2,11.44,14.55,HIGH
2025-08-02 00:00:00,0,2,8,5,1,26.8,55.6,3,2,8.58,11.44,MEDIUM
2025-08-02 01:00:00,1,2,8,5,1,22.6,56.1,2,3,5.81,8.58,LOW
2025-08-02 02:00:00,2,2,8,5,1,25.2,58.4,3,2,4.11,5.81,LOW
2025-08-02 03:00:00,3,2,8,5,1,26.7,53.7,2,4,3.94,4.11,LOW
2025-08-02 04:00:00,4,2,8,5,1,29.7,51.6,2,4,4.77,3.94,LOW
2025-08-02 05:00:00,5,2,8,5,1,24.6,61.9,3,5,5.07,4.77,LOW
2025-08-02 06:00:00,6,2,8,5,1,22.9,61.6,2,3,5.9,5.07,LOW
2025-08-02 07:00:00,7,2,8,5,1,29.9,59.3,4,2,6.9,5.9,MEDIUM
2025-08-02 08:00:00,8,2,8,5,1,25.6,56.7,4,1,7.5,6.9,MEDIUM
2025-08-02 09:00:00,9,2,8,5,1,29.3,52.8,4,4,10.97,7.5,MEDIUM
2025-08-02 10:00:00,10,2,8,5,1,31.0,54.9,5,4,13.74,10.97,HIGH
2025-08-02 11:00:00,11,2,8,5,1,32.7,57.9,5,4,15.04,13.74,HIGH
2025-08-02 12:00:00,12,2,8,5,1,35.7,40.7,6,1,14.77,15.04,HIGH
2025-08-02 13:00:00,13,2,8,5,1,33.0,57.2,4,2,13.04,14.77,HIGH
2025-08-02 14:00:00,14,2,8,5,1,34.5,56.1,4,3,13.67,13.04,HIGH
2025-08-02 15:00:00,15,2,8,5,1,35.4,54.2,4,5,15.15,13.67,HIGH
2025-08-02 16:00:00,16,2,8,5,1,35.6,52.9,5,1,13.94,15.15,HIGH
2025-08-02 17:00:00,17,2,8,5,1,35.0,38.6,4,6,19.54,13.94,HIGH
2025-08-02 18:00:00,18,2,8,5,1,35.0,51.4,5,6,23.1,19.54,HIGH
2025-08-02 19:00:00,19,2,8,5,1,35.0,64.7,8,6,27.08,23.1,HIGH
2025-08-02 20:00:00,20,2,8,5,1,32.7,55.0,4,4,22.45,27.08,HIGH
2025-08-02 21:00:00,21,2,8,5,1,31.5,53.6,4,4,20.93,22.45,HIGH
2025-08-02 22:00:00,22,2,8,5,1,25.1,58.1,4,4,14.15,20.93,HIGH
2025-08-02 23:00:00,23,2,8,5,1,28.0,58.9,2,6,11.61,14.15,HIGH
2025-08-03 00:00:00,0,3,8,6,1,28.1,60.7,3,2,8.3,11.61,MEDIUM
2025-08-03 01:00:00,1,3,8,6,1,27.9,55.5,2,4,6.45,8.3,MEDIUM
2025-08-03 02:00:00,2,3,8,6,1,23.8,61.0,3,1,4.04,6.45,LOW
2025-08-03 03:00:00,3,3,8,6,1,23.7,68.6,2,1,2.84,4.04,LOW
2025-08-03 04:00:00,4,3,8,6,1,24.1,64.4,2,3,3.32,2.84,LOW
2025-08-03 05:00:00,5,3,8,6,1,27.4,71.1,4,2,3.84,3.32,LOW
2025-08-03 06:00:00,6,3,8,6,1,29.4,52.3,2,2,5.09,3.84,LOW
2025-08-03 07:00:00,7,3,8,6,1,26.9,67.3,5,6,9.82,5.09,MEDIUM
2025-08-03 08:00:00,8,3,8,6,1,31.4,50.7,6,4,13.28,9.82,HIGH
2025-08-03 09:00:00,9,3,8,6,1,30.7,57.8,5,1,11.68,13.28,HIGH
2025-08-03 10:00:00,10,3,8,6,1,31.4,59.8,5,4,14.23,11.68,HIGH
2025-08-03 11:00:00,11,3,8,6,1,32.4,52.0,4,3,14.32,14.23,HIGH
2025-08-03 12:00:00,12,3,8,6,1,35.8,54.2,6,2,15.43,14.32,HIGH
2025-08-03 13:00:00,13,3,8,6,1,35.5,59.3,5,4,15.92,15.43,HIGH
2025-08-03 14:00:00,14,3,8,6,1,40.9,47.4,4,4,16.91,15.92,HIGH
2025-08-03 15:00:00,15,3,8,6,1,33.3,64.7,4,0,12.51,16.91,HIGH
2025-08-03 16:00:00,16,3,8,6,1,36.5,45.1,5,4,15.15,12.51,HIGH
2025-08-03 17:00:00,17,3,8,6,1,33.4,66.3,4,6,20.39,15.15,HIGH
2025-08-03 18:00:00,18,3,8,6,1,31.8,61.3,5,3,20.2,20.39,HIGH
2025-08-03 19:00:00,19,3,8,6,1,32.9,54.3,6,1,17.76,20.2,HIGH
2025-08-03 20:00:00,20,3,8,6,1,32.0,52.8,8,6,23.96,17.76,HIGH
2025-08-03 21:00:00,21,3,8,6,1,37.7,49.9,5,8,28.55,23.96,HIGH
2025-08-03 22:00:00,22,3,8,6,1,28.6,55.7,4,6,19.48,28.55,HIGH
2025-08-03 23:00:00,23,3,8,6,1,25.1,57.7,3,5,14.2,19.48,HIGH
2025-08-04 00:00:00,0,4,8,0,0,27.5,64.5,2,4,10.26,14.2,MEDIUM
2025-08-04 01:00:00,1,4,8,0,0,20.9,71.5,2,2,5.77,10.26,LOW
2025-08-04 02:00:00,2,4,8,0,0,25.3,59.1,2,2,3.62,5.77,LOW
2025-08-04 03:00:00,3,4,8,0,0,25.4,52.8,2,0,2.32,3.62,LOW
2025-08-04 04:00:00,4,4,8,0,0,27.5,53.7,4,1,2.44,2.32,LOW
2025-08-04 05:00:00,5,4,8,0,0,28.5,55.5,3,0,2.56,2.44,LOW
2025-08-04 06:00:00,6,4,8,0,0,25.6,51.6,2,3,4.19,2.56,LOW
2025-08-04 07:00:00,7,4,8,0,0,27.5,49.9,6,1,5.19,4.19,LOW
2025-08-04 08:00:00,8,4,8,0,0,27.2,69.7,4,1,6.83,5.19,MEDIUM
2025-08-04 09:00:00,9,4,8,0,0,27.6,58.8,1,0,4.52,6.83,LOW
2025-08-04 10:00:00,10,4,8,0,0,32.5,50.0,2,4,8.75,4.52,MEDIUM
2025-08-04 11:00:00,11,4,8,0,0,29.7,61.0,3,0,6.81,8.75,MEDIUM
2025-08-04 12:00:00,12,4,8,0,0,32.9,47.8,4,3,9.19,6.81,MEDIUM
2025-08-04 13:00:00,13,4,8,0,0,32.2,48.5,1,1,7.04,9.19,MEDIUM
2025-08-04 14:00:00,14,4,8,0,0,36.6,48.5,2,2,8.19,7.04,MEDIUM
2025-08-04 15:00:00,15,4,8,0,0,39.9,62.0,2,2,9.17,8.19,MEDIUM
2025-08-04 16:00:00,16,4,8,0,0,32.0,53.7,1,1,6.88,9.17,MEDIUM
2025-08-04 17:00:00,17,4,8,0,0,30.1,41.3,1,3,8.49,6.88,MEDIUM
2025-08-04 18:00:00,18,4,8,0,0,33.6,61.8,5,4,14.69,8.49,HIGH
2025-08-04 19:00:00,19,4,8,0,0,32.9,53.0,4,4,15.93,14.69,HIGH
2025-08-04 20:00:00,20,4,8,0,0,32.2,44.0,4,3,16.15,15.93,HIGH
2025-08-04 21:00:00,21,4,8,0,0,29.3,54.4,4,3,15.27,16.15,HIGH
2025-08-04 22:00:00,22,4,8,0,0,28.6,59.7,5,5,12.6,15.27,HIGH
2025-08-04 23:00:00,23,4,8,0,0,28.8,58.9,2,2,8.7,12.6,MEDIUM
2025-08-05 00:00:00,0,5,8,1,0,29.5,67.0,4,2,7.47,8.7,MEDIUM
2025-08-05 01:00:00,1,5,8,1,0,21.2,54.4,3,2,5.14,7.47,LOW
2025-08-05 02:00:00,2,5,8,1,0,24.6,58.4,4,2,4.44,5.14,LOW
2025-08-05 03:00:00,3,5,8,1,0,25.9,53.4,3,0,3.12,4.44,LOW
2025-08-05 04:00:00,4,5,8,1,0,23.3,49.4,2,2,2.41,3.12,LOW
2025-08-05 05:00:00,5,5,8,1,0,30.4,61.2,3,4,3.69,2.41,LOW
2025-08-05 06:00:00,6,5,8,1,0,25.3,60.7,4,2,4.65,3.69,LOW
2025-08-05 07:00:00,7,5,8,1,0,27.8,58.6,4,2,5.13,4.65,LOW
2025-08-05 08:00:00,8,5,8,1,0,30.5,58.4,4,1,6.85,5.13,MEDIUM
2025-08-05 09:00:00,9,5,8,1,0,28.9,52.3,1,3,6.57,6.85,MEDIUM
2025-08-05 10:00:00,10,5,8,1,0,27.1,51.1,1,2,5.8,6.57,LOW
2025-08-05 11:00:00,11,5,8,1,0,31.8,55.5,1,7,10.4,5.8,MEDIUM
2025-08-05 12:00:00,12,5,8,1,0,36.5,60.4,1,5,12.06,10.4,HIGH
2025-08-05 13:00:00,13,5,8,1,0,33.9,64.1,1,0,7.69,12.06,MEDIUM
2025-08-05 14:00:00,14,5,8,1,0,33.1,59.5,1,5,9.4,7.69,MEDIUM
2025-08-05 15:00:00,15,5,8,1,0,37.7,53.1,3,1,9.52,9.4,MEDIUM
2025-08-05 16:00:00,16,5,8,1,0,34.4,55.9,1,2,8.5,9.52,MEDIUM
2025-08-05 17:00:00,17,5,8,1,0,33.4,54.7,2,2,9.81,8.5,MEDIUM
2025-08-05 18:00:00,18,5,8,1,0,34.3,48.1,5,5,15.36,9.81,HIGH
2025-08-05 19:00:00,19,5,8,1,0,34.8,54.2,4,7,20.17,15.36,HIGH
2025-08-05 20:00:00,20,5,8,1,0,37.6,45.0,7,2,18.9,20.17,HIGH
2025-08-05 21:00:00,21,5,8,1,0,32.5,54.3,6,2,17.33,18.9,HIGH
2025-08-05 22:00:00,22,5,8,1,0,32.0,65.0,7,8,16.93,17.33,HIGH
2025-08-05 23:00:00,23,5,8,1,0,26.6,62.3,3,5,12.35,16.93,HIGH
2025-08-06 00:00:00,0,6,8,2,0,24.3,52.7,4,1,8.01,12.35,MEDIUM
2025-08-06 01:00:00,1,6,8,2,0,26.2,57.1,3,0,4.17,8.01,LOW
2025-08-06 02:00:00,2,6,8,2,0,25.8,52.7,3,3,3.49,4.17,LOW
2025-08-06 03:00:00,3,6,8,2,0,22.7,58.5,4,4,4.57,3.49,LOW
2025-08-06 04:00:00,4,6,8,2,0,25.1,64.2,4,2,3.55,4.57,LOW
2025-08-06 05:00:00,5,6,8,2,0,27.1,61.1,3,1,3.04,3.55,LOW
2025-08-06 06:00:00,6,6,8,2,0,27.8,71.8,3,2,4.25,3.04,LOW
2025-08-06 07:00:00,7,6,8,2,0,29.2,63.5,5,3,6.48,4.25,MEDIUM
2025-08-06 08:00:00,8,6,8,2,0,29.8,57.3,5,0,6.48,6.48,MEDIUM
2025-08-06 09:00:00,9,6,8,2,0,29.1,60.4,1,1,5.42,6.48,LOW
2025-08-06 10:00:00,10,6,8,2,0,30.4,54.6,2,1,5.61,5.42,LOW
2025-08-06 11:00:00,11,6,8,2,0,29.9,49.3,1,0,4.85,5.61,LOW
2025-08-06 12:00:00,12,6,8,2,0,38.4,60.5,2,0,5.65,4.85,LOW
2025-08-06 13:00:00,13,6,8,2,0,34.8,60.1,2,3,7.95,5.65,MEDIUM
2025-08-06 14:00:00,14,6,8,2,0,34.7,52.7,1,0,6.51,7.95,MEDIUM
2025-08-06 15:00:00,15,6,8,2,0,33.1,56.4,3,4,9.57,6.51,MEDIUM
2025-08-06 16:00:00,16,6,8,2,0,42.0,58.6,1,3,10.37,9.57,MEDIUM
2025-08-06 17:00:00,17,6,8,2,0,32.0,60.3,1,7,14.67,10.37,HIGH
2025-08-06 18:00:00,18,6,8,2,0,32.9,46.1,4,4,15.66,14.67,HIGH
2025-08-06 19:00:00,19,6,8,2,0,33.9,55.9,4,3,15.48,15.66,HIGH
2025-08-06 20:00:00,20,6,8,2,0,33.2,53.7,6,8,22.07,15.48,HIGH
2025-08-06 21:00:00,21,6,8,2,0,32.8,61.6,4,2,16.85,22.07,HIGH
2025-08-06 22:00:00,22,6,8,2,0,33.6,60.7,6,4,13.38,16.85,HIGH
2025-08-06 23:00:00,23,6,8,2,0,29.2,64.2,3,2,9.71,13.38,MEDIUM
2025-08-07 00:00:00,0,7,8,3,0,24.2,51.6,2,3,7.39,9.71,MEDIUM
2025-08-07 01:00:00,1,7,8,3,0,25.4,53.1,2,0,4.09,7.39,LOW
2025-08-07 02:00:00,2,7,8,3,0,26.3,64.2,3,1,2.89,4.09,LOW
2025-08-07 03:00:00,3,7,8,3,0,30.6,52.2,4,0,2.79,2.89,LOW
2025-08-07 04:00:00,4,7,8,3,0,22.1,50.0,2,0,0.99,2.79,LOW
2025-08-07 05:00:00,5,7,8,3,0,29.1,59.6,4,1,1.65,0.99,LOW
2025-08-07 06:00:00,6,7,8,3,0,27.3,53.8,3,2,4.01,1.65,LOW
2025-08-07 07:00:00,7,7,8,3,0,30.0,66.7,4,3,5.93,4.01,LOW
2025-08-07 08:00:00,8,7,8,3,0,28.8,58.3,5,1,7.35,5.93,MEDIUM
2025-08-07 09:00:00,9,7,8,3,0,28.3,57.6,1,1,5.83,7.35,LOW
2025-08-07 10:00:00,10,7,8,3,0,33.6,52.3,1,0,4.8,5.83,LOW
2025-08-07 11:00:00,11,7,8,3,0,34.5,63.7,1,1,5.31,4.8,LOW
2025-08-07 12:00:00,12,7,8,3,0,36.4,55.6,2,0,5.72,5.31,LOW
2025-08-07 13:00:00,13,7,8,3,0,34.7,51.7,1,1,6.03,5.72,LOW
2025-08-07 14:00:00,14,7,8,3,0,33.7,49.8,2,1,5.96,6.03,LOW
2025-08-07 15:00:00,15,7,8,3,0,31.5,55.0,2,3,7.83,5.96,MEDIUM
2025-08-07 16:00:00,16,7,8,3,0,37.3,47.2,2,3,9.47,7.83,MEDIUM
2025-08-07 17:00:00,17,7,8,3,0,35.8,59.9,1,3,11.03,9.47,HIGH
2025-08-07 18:00:00,18,7,8,3,0,31.5,44.5,5,5,15.6,11.03,HIGH
2025-08-07 19:00:00,19,7,8,3,0,31.5,54.6,4,4,16.12,15.6,HIGH
2025-08-07 20:00:00,20,7,8,3,0,30.5,59.5,4,3,15.47,16.12,HIGH
2025-08-07 21:00:00,21,7,8,3,0,26.7,59.4,6,5,17.85,15.47,HIGH
2025-08-07 22:00:00,22,7,8,3,0,27.1,52.9,5,4,13.47,17.85,HIGH
2025-08-07 23:00:00,23,7,8,3,0,25.1,61.9,2,3,8.69,13.47,MEDIUM
2025-08-08 00:00:00,0,8,8,4,0,25.8,52.4,3,2,7.02,8.69,MEDIUM
2025-08-08 01:00:00,1,8,8,4,0,24.2,58.2,2,0,3.53,7.02,LOW
2025-08-08 02:00:00,2,8,8,4,0,21.5,63.3,4,1,2.11,3.53,LOW
2025-08-08 03:00:00,3,8,8,4,0,30.4,58.6,4,4,3.89,2.11,LOW
2025-08-08 04:00:00,4,8,8,4,0,28.7,52.5,3,1,3.41,3.89,LOW
2025-08-08 05:00:00,5,8,8,4,0,24.1,65.5,2,0,2.64,3.41,LOW
2025-08-08 06:00:00,6,8,8,4,0,27.5,57.5,2,3,3.9,2.64,LOW
2025-08-08 07:00:00,7,8,8,4,0,28.9,60.9,7,2,6.71,3.9,MEDIUM
2025-08-08 08:00:00,8,8,8,4,0,32.1,64.3,4,1,7.65,6.71,MEDIUM
2025-08-08 09:00:00,9,8,8,4,0,28.3,63.4,4,2,8.74,7.65,MEDIUM
2025-08-08 10:00:00,10,8,8,4,0,34.4,61.0,3,4,10.3,8.74,MEDIUM
2025-08-08 11:00:00,11,8,8,4,0,31.5,56.6,3,3,10.16,10.3,MEDIUM
2025-08-08 12:00:00,12,8,8,4,0,30.6,60.5,3,2,9.29,10.16,MEDIUM
2025-08-08 13:00:00,13,8,8,4,0,36.5,54.7,1,4,10.48,9.29,MEDIUM
2025-08-08 14:00:00,14,8,8,4,0,38.4,45.4,2,1,9.41,10.48,MEDIUM
2025-08-08 15:00:00,15,8,8,4,0,41.9,53.1,3,4,12.26,9.41,HIGH
2025-08-08 16:00:00,16,8,8,4,0,32.2,56.7,2,2,9.77,12.26,MEDIUM
2025-08-08 17:00:00,17,8,8,4,0,36.5,56.9,2,4,13.01,9.77,HIGH
2025-08-08 18:00:00,18,8,8,4,0,32.9,54.1,4,5,16.55,13.01,HIGH
2025-08-08 19:00:00,19,8,8,4,0,34.9,49.5,9,2,18.66,16.55,HIGH
2025-08-08 20:00:00,20,8,8,4,0,28.0,60.7,4,6,18.77,18.66,HIGH
2025-08-08 21:00:00,21,8,8,4,0,27.2,49.2,5,6,19.4,18.77,HIGH
2025-08-08 22:00:00,22,8,8,4,0,27.2,65.9,4,9,15.48,19.4,HIGH
2025-08-08 23:00:00,23,8,8,4,0,28.1,55.4,2,2,9.0,15.48,MEDIUM
2025-08-09 00:00:00,0,9,8,5,1,25.3,59.4,2,5,8.27,9.0,MEDIUM
2025-08-09 01:00:00,1,9,8,5,1,27.7,60.3,3,1,5.17,8.27,LOW
2025-08-09 02:00:00,2,9,8,5,1,28.1,60.3,3,2,4.4,5.17,LOW
2025-08-09 03:00:00,3,9,8,5,1,26.9,48.8,4,4,4.53,4.4,LOW
2025-08-09 04:00:00,4,9,8,5,1,29.6,61.1,2,2,3.22,4.53,LOW
2025-08-09 05:00:00,5,9,8,5,1,27.1,59.0,2,3,3.7,3.22,LOW
2025-08-09 06:00:00,6,9,8,5,1,23.8,54.7,4,3,5.97,3.7,LOW
2025-08-09 07:00:00,7,9,8,5,1,31.3,51.0,6,1,7.42,5.97,MEDIUM
2025-08-09 08:00:00,8,9,8,5,1,27.6,55.0,5,2,9.58,7.42,MEDIUM
2025-08-09 09:00:00,9,9,8,5,1,32.7,47.1,4,3,11.27,9.58,HIGH
2025-08-09 10:00:00,10,9,8,5,1,35.6,64.1,5,0,11.23,11.27,HIGH
2025-08-09 11:00:00,11,9,8,5,1,34.0,63.3,5,3,13.39,11.23,HIGH
2025-08-09 12:00:00,12,9,8,5,1,30.2,58.6,5,0,10.8,13.39,MEDIUM
2025-08-09 13:00:00,13,9,8,5,1,32.4,53.7,4,7,15.63,10.8,HIGH
2025-08-09 14:00:00,14,9,8,5,1,38.5,51.4,4,1,13.63,15.63,HIGH
2025-08-09 15:00:00,15,9,8,5,1,35.0,58.5,6,7,18.98,13.63,HIGH
2025-08-09 16:00:00,16,9,8,5,1,35.4,64.4,6,5,18.87,18.98,HIGH
2025-08-09 17:00:00,17,9,8,5,1,36.6,49.9,6,3,20.45,18.87,HIGH
2025-08-09 18:00:00,18,9,8,5,1,35.7,47.0,4,5,21.75,20.45,HIGH
2025-08-09 19:00:00,19,9,8,5,1,33.6,63.8,5,5,22.68,21.75,HIGH
2025-08-09 20:00:00,20,9,8,5,1,31.2,44.8,4,3,19.19,22.68,HIGH
2025-08-09 21:00:00,21,9,8,5,1,29.6,50.1,6,4,20.66,19.19,HIGH
2025-08-09 22:00:00,22,9,8,5,1,31.2,54.0,5,2,14.03,20.66,HIGH
2025-08-09 23:00:00,23,9,8,5,1,29.3,46.9,5,2,10.67,14.03,MEDIUM
2025-08-10 00:00:00,0,10,8,6,1,26.2,64.2,3,2,7.99,10.67,MEDIUM
2025-08-10 01:00:00,1,10,8,6,1,28.8,61.6,2,1,5.47,7.99,LOW
2025-08-10 02:00:00,2,10,8,6,1,25.2,54.5,3,3,4.51,5.47,LOW
2025-08-10 03:00:00,3,10,8,6,1,23.3,66.4,2,6,4.62,4.51,LOW
2025-08-10 04:00:00,4,10,8,6,1,23.7,67.2,2,3,3.69,4.62,LOW
2025-08-10 05:00:00,5,10,8,6,1,23.6,57.9,4,0,2.22,3.69,LOW
2025-08-10 06:00:00,6,10,8,6,1,26.2,54.8,3,5,6.27,2.22,MEDIUM
2025-08-10 07:00:00,7,10,8,6,1,31.0,69.2,5,2,7.91,6.27,MEDIUM
2025-08-10 08:00:00,8,10,8,6,1,27.1,61.5,5,5,12.5,7.91,HIGH
2025-08-10 09:00:00,9,10,8,6,1,30.9,57.2,5,5,15.04,12.5,HIGH
2025-08-10 10:00:00,10,10,8,6,1,30.0,64.2,7,4,16.23,15.04,HIGH
2025-08-10 11:00:00,11,10,8,6,1,32.2,56.9,5,3,15.52,16.23,HIGH
2025-08-10 12:00:00,12,10,8,6,1,30.2,52.9,4,3,13.73,15.52,HIGH
2025-08-10 13:00:00,13,10,8,6,1,34.2,54.8,5,4,15.0,13.73,HIGH
2025-08-10 14:00:00,14,10,8,6,1,34.7,60.4,4,5,15.98,15.0,HIGH
2025-08-10 15:00:00,15,10,8,6,1,36.7,41.4,4,2,14.22,15.98,HIGH
2025-08-10 16:00:00,16,10,8,6,1,35.8,52.0,5,3,14.84,14.22,HIGH
2025-08-10 17:00:00,17,10,8,6,1,31.7,63.6,5,5,19.06,14.84,HIGH
2025-08-10 18:00:00,18,10,8,6,1,36.6,50.3,5,2,18.87,19.06,HIGH
2025-08-10 19:00:00,19,10,8,6,1,33.4,63.9,6,3,19.93,18.87,HIGH
2025-08-10 20:00:00,20,10,8,6,1,32.2,63.6,7,5,23.69,19.93,HIGH
2025-08-10 21:00:00,21,10,8,6,1,30.4,55.4,4,4,20.91,23.69,HIGH
2025-08-10 22:00:00,22,10,8,6,1,27.8,53.5,5,4,15.13,20.91,HIGH
2025-08-10 23:00:00,23,10,8,6,1,28.4,54.9,2,5,11.78,15.13,HIGH
2025-08-11 00:00:00,0,11,8,0,0,28.0,72.8,4,3,9.36,11.78,MEDIUM
2025-08-11 01:00:00,1,11,8,0,0,21.7,70.6,5,3,6.01,9.36,LOW
2025-08-11 02:00:00,2,11,8,0,0,24.2,59.1,5,4,5.08,6.01,LOW
2025-08-11 03:00:00,3,11,8,0,0,24.8,54.4,3,1,3.6,5.08,LOW
2025-08-11 04:00:00,4,11,8,0,0,26.2,58.2,3,1,3.13,3.6,LOW
2025-08-11 05:00:00,5,11,8,0,0,29.0,57.9,2,2,2.96,3.13,LOW
2025-08-11 06:00:00,6,11,8,0,0,24.9,50.6,3,0,4.14,2.96,LOW
2025-08-11 07:00:00,7,11,8,0,0,26.6,57.8,5,0,4.63,4.14,LOW
2025-08-11 08:00:00,8,11,8,0,0,27.8,64.8,7,0,6.44,4.63,MEDIUM
2025-08-11 09:00:00,9,11,8,0,0,28.4,45.8,2,5,9.17,6.44,MEDIUM
2025-08-11 10:00:00,10,11,8,0,0,30.8,60.6,2,1,7.88,9.17,MEDIUM
2025-08-11 11:00:00,11,11,8,0,0,34.8,62.3,2,2,8.23,7.88,MEDIUM
2025-08-11 12:00:00,12,11,8,0,0,31.3,52.1,2,3,8.2,8.23,MEDIUM
2025-08-11 13:00:00,13,11,8,0,0,35.8,63.8,1,2,7.42,8.2,MEDIUM
2025-08-11 14:00:00,14,11,8,0,0,31.0,51.5,4,0,7.05,7.42,MEDIUM
2025-08-11 15:00:00,15,11,8,0,0,34.0,57.0,3,2,8.04,7.05,MEDIUM
2025-08-11 16:00:00,16,11,8,0,0,34.4,52.4,4,0,7.83,8.04,MEDIUM
2025-08-11 17:00:00,17,11,8,0,0,38.9,50.6,3,3,12.25,7.83,HIGH
2025-08-11 18:00:00,18,11,8,0,0,33.2,51.0,8,6,20.54,12.25,HIGH
2025-08-11 19:00:00,19,11,8,0,0,27.4,61.2,6,6,21.36,20.54,HIGH
2025-08-11 20:00:00,20,11,8,0,0,26.7,62.4,6,5,20.07,21.36,HIGH
2025-08-11 21:00:00,21,11,8,0,0,30.5,55.4,6,6,21.35,20.07,HIGH
2025-08-11 22:00:00,22,11,8,0,0,30.6,47.6,6,5,16.33,21.35,HIGH
2025-08-11 23:00:00,23,11,8,0,0,28.8,58.9,2,4,11.34,16.33,HIGH
2025-08-12 00:00:00,0,12,8,1,0,27.3,59.6,3,2,8.26,11.34,MEDIUM
2025-08-12 01:00:00,1,12,8,1,0,29.0,55.1,3,0,5.23,8.26,LOW
2025-08-12 02:00:00,2,12,8,1,0,24.2,69.5,4,2,3.74,5.23,LOW
2025-08-12 03:00:00,3,12,8,1,0,27.6,47.6,3,5,4.54,3.74,LOW
2025-08-12 04:00:00,4,12,8,1,0,21.5,46.1,3,3,3.61,4.54,LOW
2025-08-12 05:00:00,5,12,8,1,0,23.8,54.1,2,0,1.42,3.61,LOW
2025-08-12 06:00:00,6,12,8,1,0,22.3,63.3,2,2,2.48,1.42,LOW
2025-08-12 07:00:00,7,12,8,1,0,27.2,50.8,4,1,3.67,2.48,LOW
2025-08-12 08:00:00,8,12,8,1,0,29.0,50.5,5,0,6.12,3.67,LOW
2025-08-12 09:00:00,9,12,8,1,0,30.7,61.4,1,1,5.48,6.12,LOW
2025-08-12 10:00:00,10,12,8,1,0,31.8,58.1,2,1,5.87,5.48,LOW
2025-08-12 11:00:00,11,12,8,1,0,30.6,58.0,1,3,7.49,5.87,MEDIUM
2025-08-12 12:00:00,12,12,8,1,0,33.5,59.3,2,2,7.67,7.49,MEDIUM
2025-08-12 13:00:00,13,12,8,1,0,31.0,53.0,1,1,6.13,7.67,LOW
2025-08-12 14:00:00,14,12,8,1,0,38.6,50.3,2,2,8.14,6.13,MEDIUM
2025-08-12 15:00:00,15,12,8,1,0,34.6,59.0,3,2,8.96,8.14,MEDIUM
2025-08-12 16:00:00,16,12,8,1,0,34.0,46.3,2,0,7.22,8.96,MEDIUM
2025-08-12 17:00:00,17,12,8,1,0,38.7,39.7,4,3,13.01,7.22,HIGH
2025-08-12 18:00:00,18,12,8,1,0,30.8,53.1,7,4,16.78,13.01,HIGH
2025-08-12 19:00:00,19,12,8,1,0,30.1,61.5,4,1,12.64,16.78,HIGH
2025-08-12 20:00:00,20,12,8,1,0,28.9,58.0,5,6,17.21,12.64,HIGH
2025-08-12 21:00:00,21,12,8,1,0,30.2,61.1,5,6,18.75,17.21,HIGH
2025-08-12 22:00:00,22,12,8,1,0,30.2,43.8,4,3,12.92,18.75,HIGH
2025-08-12 23:00:00,23,12,8,1,0,29.7,58.0,3,1,8.82,12.92,MEDIUM
2025-08-13 00:00:00,0,13,8,2,0,33.3,58.6,2,1,7.1,8.82,MEDIUM
2025-08-13 01:00:00,1,13,8,2,0,20.4,51.7,3,3,4.85,7.1,LOW
2025-08-13 02:00:00,2,13,8,2,0,27.1,62.3,2,1,3.95,4.85,LOW
2025-08-13 03:00:00,3,13,8,2,0,24.0,57.7,3,2,2.69,3.95,LOW
2025-08-13 04:00:00,4,13,8,2,0,24.1,76.8,3,1,2.89,2.69,LOW
2025-08-13 05:00:00,5,13,8,2,0,24.5,45.1,3,3,2.77,2.89,LOW
2025-08-13 06:00:00,6,13,8,2,0,24.6,66.4,3,3,4.58,2.77,LOW
2025-08-13 07:00:00,7,13,8,2,0,32.1,52.8,4,3,6.7,4.58,MEDIUM
2025-08-13 08:00:00,8,13,8,2,0,31.2,45.8,4,1,8.05,6.7,MEDIUM
2025-08-13 09:00:00,9,13,8,2,0,30.5,52.6,2,4,8.91,8.05,MEDIUM
2025-08-13 10:00:00,10,13,8,2,0,35.1,55.6,2,0,8.0,8.91,MEDIUM
2025-08-13 11:00:00,11,13,8,2,0,29.1,62.6,3,1,6.51,8.0,MEDIUM
2025-08-13 12:00:00,12,13,8,2,0,30.6,66.1,2,1,6.24,6.51,MEDIUM
2025-08-13 13:00:00,13,13,8,2,0,29.3,64.8,2,2,6.92,6.24,MEDIUM
2025-08-13 14:00:00,14,13,8,2,0,33.5,48.8,3,0,7.04,6.92,MEDIUM
2025-08-13 15:00:00,15,13,8,2,0,35.8,60.5,1,0,5.45,7.04,LOW
2025-08-13 16:00:00,16,13,8,2,0,35.5,56.1,1,0,4.5,5.45,LOW
2025-08-13 17:00:00,17,13,8,2,0,35.1,50.0,2,6,12.9,4.5,HIGH
2025-08-13 18:00:00,18,13,8,2,0,30.4,54.6,5,4,15.53,12.9,HIGH
2025-08-13 19:00:00,19,13,8,2,0,34.9,49.8,4,4,16.14,15.53,HIGH
2025-08-13 20:00:00,20,13,8,2,0,32.3,55.3,6,0,13.75,16.14,HIGH
2025-08-13 21:00:00,21,13,8,2,0,32.2,50.7,6,4,16.69,13.75,HIGH
2025-08-13 22:00:00,22,13,8,2,0,24.4,52.1,6,5,13.6,16.69,HIGH
2025-08-13 23:00:00,23,13,8,2,0,28.7,59.4,3,2,9.2,13.6,MEDIUM
2025-08-14 00:00:00,0,14,8,3,0,23.9,62.2,2,2,6.32,9.2,MEDIUM
2025-08-14 01:00:00,1,14,8,3,0,25.1,56.8,2,1,3.7,6.32,LOW
2025-08-14 02:00:00,2,14,8,3,0,26.9,65.4,2,2,3.61,3.7,LOW
2025-08-14 03:00:00,3,14,8,3,0,25.6,56.2,3,3,3.74,3.61,LOW
2025-08-14 04:00:00,4,14,8,3,0,23.4,56.8,3,2,3.33,3.74,LOW
2025-08-14 05:00:00,5,14,8,3,0,26.1,61.5,3,2,3.1,3.33,LOW
2025-08-14 06:00:00,6,14,8,3,0,23.0,58.0,3,0,2.98,3.1,LOW
2025-08-14 07:00:00,7,14,8,3,0,30.8,56.2,5,1,4.73,2.98,LOW
2025-08-14 08:00:00,8,14,8,3,0,28.6,41.4,4,1,6.59,4.73,MEDIUM
2025-08-14 09:00:00,9,14,8,3,0,33.2,54.8,1,4,8.36,6.59,MEDIUM
2025-08-14 10:00:00,10,14,8,3,0,30.4,44.9,1,4,8.4,8.36,MEDIUM
2025-08-14 11:00:00,11,14,8,3,0,31.6,48.0,1,1,6.64,8.4,MEDIUM
2025-08-14 12:00:00,12,14,8,3,0,32.0,47.2,1,4,8.33,6.64,MEDIUM
2025-08-14 13:00:00,13,14,8,3,0,36.9,47.0,3,4,11.47,8.33,HIGH
2025-08-14 14:00:00,14,14,8,3,0,33.4,51.3,2,1,9.23,11.47,MEDIUM
2025-08-14 15:00:00,15,14,8,3,0,37.0,50.3,1,4,9.93,9.23,MEDIUM
2025-08-14 16:00:00,16,14,8,3,0,34.3,58.3,1,2,8.95,9.93,MEDIUM
2025-08-14 17:00:00,17,14,8,3,0,29.8,57.4,3,4,11.14,8.95,HIGH
2025-08-14 18:00:00,18,14,8,3,0,32.5,43.6,5,4,15.23,11.14,HIGH
2025-08-14 19:00:00,19,14,8,3,0,29.9,56.5,5,6,18.2,15.23,HIGH
2025-08-14 20:00:00,20,14,8,3,0,31.8,57.2,5,5,18.65,18.2,HIGH
2025-08-14 21:00:00,21,14,8,3,0,27.4,55.1,4,7,19.34,18.65,HIGH
2025-08-14 22:00:00,22,14,8,3,0,31.4,55.1,6,6,16.28,19.34,HIGH
2025-08-14 23:00:00,23,14,8,3,0,27.7,58.1,3,3,11.15,16.28,HIGH
2025-08-15 00:00:00,0,15,8,4,0,26.4,62.0,2,2,7.67,11.15,MEDIUM
2025-08-15 01:00:00,1,15,8,4,0,27.7,47.5,3,1,5.11,7.67,LOW
2025-08-15 02:00:00,2,15,8,4,0,28.0,55.3,3,1,3.56,5.11,LOW
2025-08-15 03:00:00,3,15,8,4,0,25.3,66.9,3,4,4.18,3.56,LOW
2025-08-15 04:00:00,4,15,8,4,0,23.6,67.1,3,2,3.22,4.18,LOW
2025-08-15 05:00:00,5,15,8,4,0,21.6,64.5,4,0,1.36,3.22,LOW
2025-08-15 06:00:00,6,15,8,4,0,25.1,61.2,2,4,4.7,1.36,LOW
2025-08-15 07:00:00,7,15,8,4,0,26.3,67.4,5,1,4.3,4.7,LOW
2025-08-15 08:00:00,8,15,8,4,0,29.4,67.7,5,2,7.52,4.3,MEDIUM
2025-08-15 09:00:00,9,15,8,4,0,29.5,55.4,2,2,7.59,7.52,MEDIUM
2025-08-15 10:00:00,10,15,8,4,0,33.4,48.8,1,1,5.79,7.59,LOW
2025-08-15 11:00:00,11,15,8,4,0,31.4,53.8,1,2,6.22,5.79,LOW
2025-08-15 12:00:00,12,15,8,4,0,33.8,73.1,1,2,6.9,6.22,MEDIUM
2025-08-15 13:00:00,13,15,8,4,0,37.7,43.5,3,3,10.01,6.9,MEDIUM
2025-08-15 14:00:00,14,15,8,4,0,36.1,50.7,1,0,7.51,10.01,MEDIUM
2025-08-15 15:00:00,15,15,8,4,0,35.2,45.4,2,5,10.11,7.51,MEDIUM
2025-08-15 16:00:00,16,15,8,4,0,33.7,55.3,3,1,8.71,10.11,MEDIUM
2025-08-15 17:00:00,17,15,8,4,0,33.1,47.5,3,4,12.24,8.71,HIGH
2025-08-15 18:00:00,18,15,8,4,0,31.8,54.6,5,7,17.87,12.24,HIGH
2025-08-15 19:00:00,19,15,8,4,0,31.5,43.7,5,3,16.65,17.87,HIGH
2025-08-15 20:00:00,20,15,8,4,0,33.6,58.3,5,5,19.34,16.65,HIGH
2025-08-15 21:00:00,21,15,8,4,0,29.8,63.4,5,4,18.37,19.34,HIGH
2025-08-15 22:00:00,22,15,8,4,0,25.7,55.4,8,6,15.66,18.37,HIGH
2025-08-15 23:00:00,23,15,8,4,0,32.3,54.3,3,1,9.67,15.66,MEDIUM
2025-08-16 00:00:00,0,16,8,5,1,27.7,55.9,2,3,7.4,9.67,MEDIUM
2025-08-16 01:00:00,1,16,8,5,1,22.5,60.1,4,3,5.74,7.4,LOW
2025-08-16 02:00:00,2,16,8,5,1,24.5,58.0,2,2,4.33,5.74,LOW
2025-08-16 03:00:00,3,16,8,5,1,25.7,62.3,3,2,3.74,4.33,LOW
2025-08-16 04:00:00,4,16,8,5,1,29.8,63.5,6,3,5.07,3.74,LOW
2025-08-16 05:00:00,5,16,8,5,1,23.3,53.8,3,3,4.13,5.07,LOW
2025-08-16 06:00:00,6,16,8,5,1,29.3,54.4,4,6,8.77,4.13,MEDIUM
2025-08-16 07:00:00,7,16,8,5,1,31.4,60.8,4,2,8.22,8.77,MEDIUM
2025-08-16 08:00:00,8,16,8,5,1,27.5,48.5,4,4,11.13,8.22,HIGH
2025-08-16 09:00:00,9,16,8,5,1,29.7,44.3,5,0,9.67,11.13,MEDIUM
2025-08-16 10:00:00,10,16,8,5,1,29.1,57.7,5,1,10.09,9.67,MEDIUM
2025-08-16 11:00:00,11,16,8,5,1,32.4,58.0,4,8,16.61,10.09,HIGH
2025-08-16 12:00:00,12,16,8,5,1,33.8,50.1,4,5,16.69,16.61,HIGH
2025-08-16 13:00:00,13,16,8,5,1,36.4,50.0,5,4,17.25,16.69,HIGH
2025-08-16 14:00:00,14,16,8,5,1,37.9,48.3,5,1,14.64,17.25,HIGH
2025-08-16 15:00:00,15,16,8,5,1,33.5,49.4,7,3,16.66,14.64,HIGH
2025-08-16 16:00:00,16,16,8,5,1,30.3,60.0,6,2,15.3,16.66,HIGH
2025-08-16 17:00:00,17,16,8,5,1,34.7,47.0,4,1,14.68,15.3,HIGH
2025-08-16 18:00:00,18,16,8,5,1,34.7,52.5,4,8,22.31,14.68,HIGH
2025-08-16 19:00:00,19,16,8,5,1,33.5,49.2,6,1,19.25,22.31,HIGH
2025-08-16 20:00:00,20,16,8,5,1,30.9,46.9,7,8,25.89,19.25,HIGH
2025-08-16 21:00:00,21,16,8,5,1,30.7,60.9,5,3,21.77,25.89,HIGH
2025-08-16 22:00:00,22,16,8,5,1,32.9,51.7,6,4,16.06,21.77,HIGH
2025-08-16 23:00:00,23,16,8,5,1,28.8,57.6,3,1,9.89,16.06,MEDIUM
2025-08-17 00:00:00,0,17,8,6,1,25.9,48.6,2,8,11.38,9.89,HIGH
2025-08-17 01:00:00,1,17,8,6,1,24.8,53.6,2,4,7.72,11.38,MEDIUM
2025-08-17 02:00:00,2,17,8,6,1,25.1,62.5,3,1,4.94,7.72,LOW
2025-08-17 03:00:00,3,17,8,6,1,29.5,71.7,4,4,5.1,4.94,LOW
2025-08-17 04:00:00,4,17,8,6,1,25.1,46.1,2,6,4.79,5.1,LOW
2025-08-17 05:00:00,5,17,8,6,1,26.0,56.4,4,2,3.98,4.79,LOW
2025-08-17 06:00:00,6,17,8,6,1,25.7,60.2,3,3,5.12,3.98,LOW
2025-08-17 07:00:00,7,17,8,6,1,30.6,52.1,4,4,7.9,5.12,MEDIUM
2025-08-17 08:00:00,8,17,8,6,1,34.0,59.5,5,2,11.64,7.9,HIGH
2025-08-17 09:00:00,9,17,8,6,1,31.5,50.2,7,3,14.37,11.64,HIGH
2025-08-17 10:00:00,10,17,8,6,1,31.9,56.2,5,3,14.46,14.37,HIGH
2025-08-17 11:00:00,11,17,8,6,1,33.0,51.7,5,3,13.9,14.46,HIGH
2025-08-17 12:00:00,12,17,8,6,1,28.0,64.1,8,4,16.76,13.9,HIGH
2025-08-17 13:00:00,13,17,8,6,1,36.6,49.3,4,1,14.3,16.76,HIGH
2025-08-17 14:00:00,14,17,8,6,1,35.6,51.6,5,2,14.12,14.3,HIGH
2025-08-17 15:00:00,15,17,8,6,1,36.5,59.1,5,6,17.96,14.12,HIGH
2025-08-17 16:00:00,16,17,8,6,1,33.4,48.5,7,3,17.28,17.96,HIGH
2025-08-17 17:00:00,17,17,8,6,1,33.8,54.9,5,4,19.57,17.28,HIGH
2025-08-17 18:00:00,18,17,8,6,1,32.9,43.9,5,2,19.06,19.57,HIGH
2025-08-17 19:00:00,19,17,8,6,1,35.4,47.3,6,3,20.36,19.06,HIGH
2025-08-17 20:00:00,20,17,8,6,1,30.7,58.0,4,7,23.65,20.36,HIGH
2025-08-17 21:00:00,21,17,8,6,1,35.6,47.8,4,4,22.81,23.65,HIGH
2025-08-17 22:00:00,22,17,8,6,1,30.2,52.7,8,8,20.67,22.81,HIGH
2025-08-17 23:00:00,23,17,8,6,1,24.7,61.1,4,4,14.22,20.67,HIGH
2025-08-18 00:00:00,0,18,8,0,0,26.5,53.9,3,1,8.31,14.22,MEDIUM
2025-08-18 01:00:00,1,18,8,0,0,24.4,63.2,4,5,6.48,8.31,MEDIUM
2025-08-18 02:00:00,2,18,8,0,0,20.1,61.3,2,2,4.1,6.48,LOW
2025-08-18 03:00:00,3,18,8,0,0,29.4,58.9,3,1,3.23,4.1,LOW
2025-08-18 04:00:00,4,18,8,0,0,27.3,64.5,3,1,2.59,3.23,LOW
2025-08-18 05:00:00,5,18,8,0,0,27.4,59.0,2,1,2.36,2.59,LOW
2025-08-18 06:00:00,6,18,8,0,0,27.3,66.3,2,1,3.29,2.36,LOW
2025-08-18 07:00:00,7,18,8,0,0,24.4,63.7,4,3,5.17,3.29,LOW
2025-08-18 08:00:00,8,18,8,0,0,27.9,53.7,5,1,7.36,5.17,MEDIUM
2025-08-18 09:00:00,9,18,8,0,0,32.5,62.8,1,1,6.36,7.36,MEDIUM
2025-08-18 10:00:00,10,18,8,0,0,29.1,57.9,1,1,5.33,6.36,LOW
2025-08-18 11:00:00,11,18,8,0,0,26.6,55.0,1,2,4.92,5.33,LOW
2025-08-18 12:00:00,12,18,8,0,0,33.4,56.3,2,1,5.91,4.92,LOW
2025-08-18 13:00:00,13,18,8,0,0,34.4,60.9,1,5,9.13,5.91,MEDIUM
2025-08-18 14:00:00,14,18,8,0,0,35.6,56.5,1,2,7.58,9.13,MEDIUM
2025-08-18 15:00:00,15,18,8,0,0,37.2,64.1,2,3,9.53,7.58,MEDIUM
2025-08-18 16:00:00,16,18,8,0,0,36.8,59.8,3,1,9.48,9.53,MEDIUM
2025-08-18 17:00:00,17,18,8,0,0,35.4,57.0,1,3,11.68,9.48,HIGH
2025-08-18 18:00:00,18,18,8,0,0,36.9,47.1,4,5,16.19,11.68,HIGH
2025-08-18 19:00:00,19,18,8,0,0,29.1,55.3,5,6,18.68,16.19,HIGH
2025-08-18 20:00:00,20,18,8,0,0,32.9,55.3,6,4,19.47,18.68,HIGH
2025-08-18 21:00:00,21,18,8,0,0,32.0,59.4,4,6,20.02,19.47,HIGH
2025-08-18 22:00:00,22,18,8,0,0,26.0,61.4,5,6,14.78,20.02,HIGH
2025-08-18 23:00:00,23,18,8,0,0,24.1,59.4,2,0,7.25,14.78,MEDIUM
2025-08-19 00:00:00,0,19,8,1,0,25.0,58.7,3,1,5.49,7.25,LOW
2025-08-19 01:00:00,1,19,8,1,0,24.4,62.6,3,0,3.72,5.49,LOW
2025-08-19 02:00:00,2,19,8,1,0,27.4,51.9,4,0,2.9,3.72,LOW
2025-08-19 03:00:00,3,19,8,1,0,23.9,68.6,2,2,2.49,2.9,LOW
2025-08-19 04:00:00,4,19,8,1,0,23.4,46.4,2,2,2.44,2.49,LOW
2025-08-19 05:00:00,5,19,8,1,0,24.5,66.9,4,1,2.72,2.44,LOW
2025-08-19 06:00:00,6,19,8,1,0,29.7,55.8,5,0,4.35,2.72,LOW
2025-08-19 07:00:00,7,19,8,1,0,27.9,62.9,6,0,4.74,4.35,LOW
2025-08-19 08:00:00,8,19,8,1,0,28.7,58.7,4,0,5.68,4.74,LOW
2025-08-19 09:00:00,9,19,8,1,0,30.1,58.0,1,2,5.8,5.68,LOW
2025-08-19 10:00:00,10,19,8,1,0,34.9,57.4,3,2,7.72,5.8,MEDIUM
2025-08-19 11:00:00,11,19,8,1,0,31.0,60.5,2,1,6.49,7.72,MEDIUM
2025-08-19 12:00:00,12,19,8,1,0,37.2,51.1,1,0,5.9,6.49,LOW
2025-08-19 13:00:00,13,19,8,1,0,35.2,60.1,1,2,6.73,5.9,MEDIUM
2025-08-19 14:00:00,14,19,8,1,0,34.8,47.6,1,3,7.91,6.73,MEDIUM
2025-08-19 15:00:00,15,19,8,1,0,41.6,51.3,2,4,10.63,7.91,MEDIUM
2025-08-19 16:00:00,16,19,8,1,0,32.6,60.0,1,2,8.95,10.63,MEDIUM
2025-08-19 17:00:00,17,19,8,1,0,33.8,60.5,2,5,13.01,8.95,HIGH
2025-08-19 18:00:00,18,19,8,1,0,30.8,58.4,6,3,15.04,13.01,HIGH
2025-08-19 19:00:00,19,19,8,1,0,35.3,51.5,4,6,18.13,15.04,HIGH
2025-08-19 20:00:00,20,19,8,1,0,35.9,59.0,5,5,20.55,18.13,HIGH
2025-08-19 21:00:00,21,19,8,1,0,34.6,50.1,5,5,20.23,20.55,HIGH
2025-08-19 22:00:00,22,19,8,1,0,32.2,65.6,5,4,14.8,20.23,HIGH
2025-08-19 23:00:00,23,19,8,1,0,27.4,56.5,3,1,9.37,14.8,MEDIUM
2025-08-20 00:00:00,0,20,8,2,0,25.9,48.4,3,0,5.81,9.37,LOW
2025-08-20 01:00:00,1,20,8,2,0,21.9,52.1,3,2,4.16,5.81,LOW
2025-08-20 02:00:00,2,20,8,2,0,30.7,56.0,2,2,3.63,4.16,LOW
2025-08-20 03:00:00,3,20,8,2,0,26.6,58.2,2,2,3.27,3.63,LOW
2025-08-20 04:00:00,4,20,8,2,0,24.3,70.1,3,3,3.43,3.27,LOW
2025-08-20 05:00:00,5,20,8,2,0,29.4,50.0,5,0,3.0,3.43,LOW
2025-08-20 06:00:00,6,20,8,2,0,24.4,58.5,3,1,3.35,3.0,LOW
2025-08-20 07:00:00,7,20,8,2,0,28.9,50.1,5,1,5.71,3.35,LOW
2025-08-20 08:00:00,8,20,8,2,0,28.7,53.6,7,2,9.63,5.71,MEDIUM
2025-08-20 09:00:00,9,20,8,2,0,32.0,65.3,2,5,10.79,9.63,MEDIUM
2025-08-20 10:00:00,10,20,8,2,0,31.5,48.6,3,1,9.01,10.79,MEDIUM
2025-08-20 11:00:00,11,20,8,2,0,29.3,59.8,3,1,7.89,9.01,MEDIUM
2025-08-20 12:00:00,12,20,8,2,0,34.1,56.7,2,2,8.21,7.89,MEDIUM
2025-08-20 13:00:00,13,20,8,2,0,37.3,52.9,2,0,7.9,8.21,MEDIUM
2025-08-20 14:00:00,14,20,8,2,0,35.1,57.1,2,0,6.77,7.9,MEDIUM
2025-08-20 15:00:00,15,20,8,2,0,37.3,46.1,2,1,7.4,6.77,MEDIUM
2025-08-20 16:00:00,16,20,8,2,0,32.6,64.9,3,1,7.83,7.4,MEDIUM
2025-08-20 17:00:00,17,20,8,2,0,34.7,65.7,2,8,15.6,7.83,HIGH
2025-08-20 18:00:00,18,20,8,2,0,32.4,55.3,5,4,16.88,15.6,HIGH
2025-08-20 19:00:00,19,20,8,2,0,34.8,68.6,4,2,15.92,16.88,HIGH
2025-08-20 20:00:00,20,20,8,2,0,31.8,52.9,5,5,18.11,15.92,HIGH
2025-08-20 21:00:00,21,20,8,2,0,32.1,57.6,5,5,18.88,18.11,HIGH
2025-08-20 22:00:00,22,20,8,2,0,31.8,63.9,6,4,14.52,18.88,HIGH
2025-08-20 23:00:00,23,20,8,2,0,29.6,53.4,2,2,9.47,14.52,MEDIUM
2025-08-21 00:00:00,0,21,8,3,0,27.5,48.7,2,1,6.8,9.47,MEDIUM
2025-08-21 01:00:00,1,21,8,3,0,23.6,48.9,2,5,5.53,6.8,LOW
2025-08-21 02:00:00,2,21,8,3,0,25.6,70.1,3,2,4.09,5.53,LOW
2025-08-21 03:00:00,3,21,8,3,0,24.1,55.2,4,1,3.75,4.09,LOW
2025-08-21 04:00:00,4,21,8,3,0,24.7,57.0,2,1,3.06,3.75,LOW
2025-08-21 05:00:00,5,21,8,3,0,25.1,51.3,2,2,2.75,3.06,LOW
2025-08-21 06:00:00,6,21,8,3,0,24.4,63.9,3,3,4.23,2.75,LOW
2025-08-21 07:00:00,7,21,8,3,0,23.0,54.1,5,1,5.46,4.23,LOW
2025-08-21 08:00:00,8,21,8,3,0,27.4,54.1,4,1,6.87,5.46,MEDIUM
2025-08-21 09:00:00,9,21,8,3,0,30.9,57.4,2,1,6.04,6.87,LOW
2025-08-21 10:00:00,10,21,8,3,0,28.3,50.3,2,2,6.26,6.04,MEDIUM
2025-08-21 11:00:00,11,21,8,3,0,32.9,53.8,1,0,4.68,6.26,LOW
2025-08-21 12:00:00,12,21,8,3,0,38.7,60.9,1,0,4.97,4.68,LOW
2025-08-21 13:00:00,13,21,8,3,0,37.3,55.6,3,1,7.63,4.97,MEDIUM
2025-08-21 14:00:00,14,21,8,3,0,39.3,53.1,3,2,9.52,7.63,MEDIUM
2025-08-21 15:00:00,15,21,8,3,0,36.4,54.7,3,1,8.86,9.52,MEDIUM
2025-08-21 16:00:00,16,21,8,3,0,38.1,50.4,2,2,9.54,8.86,MEDIUM
2025-08-21 17:00:00,17,21,8,3,0,32.9,66.8,3,7,16.36,9.54,HIGH
2025-08-21 18:00:00,18,21,8,3,0,32.3,50.2,4,3,16.08,16.36,HIGH
2025-08-21 19:00:00,19,21,8,3,0,26.0,58.9,6,6,18.99,16.08,HIGH
2025-08-21 20:00:00,20,21,8,3,0,34.7,54.8,4,3,17.52,18.99,HIGH
2025-08-21 21:00:00,21,21,8,3,0,34.2,60.4,6,6,20.82,17.52,HIGH
2025-08-21 22:00:00,22,21,8,3,0,27.7,63.5,5,7,16.2,20.82,HIGH
2025-08-21 23:00:00,23,21,8,3,0,27.3,56.9,2,3,10.48,16.2,MEDIUM
2025-08-22 00:00:00,0,22,8,4,0,25.0,59.7,2,3,6.83,10.48,MEDIUM
2025-08-22 01:00:00,1,22,8,4,0,27.0,59.2,4,1,4.7,6.83,LOW
2025-08-22 02:00:00,2,22,8,4,0,28.4,43.0,2,1,2.66,4.7,LOW
2025-08-22 03:00:00,3,22,8,4,0,21.0,50.1,3,1,2.55,2.66,LOW
2025-08-22 04:00:00,4,22,8,4,0,26.6,53.7,4,2,2.79,2.55,LOW
2025-08-22 05:00:00,5,22,8,4,0,25.4,54.5,2,1,2.09,2.79,LOW
2025-08-22 06:00:00,6,22,8,4,0,27.1,50.0,4,2,4.2,2.09,LOW
2025-08-22 07:00:00,7,22,8,4,0,29.0,60.9,5,7,8.63,4.2,MEDIUM
2025-08-22 08:00:00,8,22,8,4,0,28.6,56.6,4,2,8.75,8.63,MEDIUM
2025-08-22 09:00:00,9,22,8,4,0,30.1,54.7,3,2,8.87,8.75,MEDIUM
2025-08-22 10:00:00,10,22,8,4,0,31.2,48.0,1,3,8.03,8.87,MEDIUM
2025-08-22 11:00:00,11,22,8,4,0,35.3,53.6,2,2,8.47,8.03,MEDIUM
2025-08-22 12:00:00,12,22,8,4,0,35.0,38.2,3,0,8.35,8.47,MEDIUM
2025-08-22 13:00:00,13,22,8,4,0,35.3,52.9,1,3,8.59,8.35,MEDIUM
2025-08-22 14:00:00,14,22,8,4,0,32.0,55.6,2,4,9.77,8.59,MEDIUM
2025-08-22 15:00:00,15,22,8,4,0,34.4,55.7,4,2,10.55,9.77,MEDIUM
2025-08-22 16:00:00,16,22,8,4,0,37.5,43.6,4,2,11.85,10.55,HIGH
2025-08-22 17:00:00,17,22,8,4,0,34.8,55.4,2,6,16.23,11.85,HIGH
2025-08-22 18:00:00,18,22,8,4,0,35.6,47.5,5,4,17.96,16.23,HIGH
2025-08-22 19:00:00,19,22,8,4,0,37.3,48.2,5,4,19.28,17.96,HIGH
2025-08-22 20:00:00,20,22,8,4,0,34.3,58.6,4,5,19.32,19.28,HIGH
2025-08-22 21:00:00,21,22,8,4,0,30.6,67.8,4,4,18.06,19.32,HIGH
2025-08-22 22:00:00,22,22,8,4,0,27.8,57.2,5,6,14.32,18.06,HIGH
2025-08-22 23:00:00,23,22,8,4,0,21.5,54.5,4,3,10.7,14.32,MEDIUM
2025-08-23 00:00:00,0,23,8,5,1,26.4,58.6,2,4,8.36,10.7,MEDIUM
2025-08-23 01:00:00,1,23,8,5,1,25.2,63.6,2,3,5.77,8.36,LOW
2025-08-23 02:00:00,2,23,8,5,1,26.5,61.1,4,5,5.94,5.77,LOW
2025-08-23 03:00:00,3,23,8,5,1,25.0,74.5,2,3,3.63,5.94,LOW
2025-08-23 04:00:00,4,23,8,5,1,24.8,53.8,2,3,2.82,3.63,LOW
2025-08-23 05:00:00,5,23,8,5,1,21.6,60.9,2,1,2.74,2.82,LOW
2025-08-23 06:00:00,6,23,8,5,1,24.5,67.5,3,4,5.9,2.74,LOW
2025-08-23 07:00:00,7,23,8,5,1,29.1,65.3,5,2,7.64,5.9,MEDIUM
2025-08-23 08:00:00,8,23,8,5,1,33.4,42.9,9,2,13.87,7.64,HIGH
2025-08-23 09:00:00,9,23,8,5,1,30.1,55.9,4,2,12.08,13.87,HIGH
2025-08-23 10:00:00,10,23,8,5,1,32.5,63.9,7,1,13.48,12.08,HIGH
2025-08-23 11:00:00,11,23,8,5,1,35.3,71.2,5,3,15.65,13.48,HIGH
2025-08-23 12:00:00,12,23,8,5,1,31.9,59.5,5,4,16.23,15.65,HIGH
2025-08-23 13:00:00,13,23,8,5,1,35.6,51.6,4,3,15.31,16.23,HIGH
2025-08-23 14:00:00,14,23,8,5,1,33.4,48.6,5,3,14.98,15.31,HIGH
2025-08-23 15:00:00,15,23,8,5,1,37.6,66.3,4,6,17.77,14.98,HIGH
2025-08-23 16:00:00,16,23,8,5,1,35.6,58.1,4,2,15.01,17.77,HIGH
2025-08-23 17:00:00,17,23,8,5,1,35.5,48.7,6,2,17.55,15.01,HIGH
2025-08-23 18:00:00,18,23,8,5,1,32.0,54.0,6,4,19.83,17.55,HIGH
2025-08-23 19:00:00,19,23,8,5,1,34.7,56.0,4,3,19.13,19.83,HIGH
2025-08-23 20:00:00,20,23,8,5,1,36.9,56.5,4,10,27.55,19.13,HIGH
2025-08-23 21:00:00,21,23,8,5,1,27.9,51.4,4,2,20.14,27.55,HIGH
2025-08-23 22:00:00,22,23,8,5,1,28.2,53.0,4,5,15.35,20.14,HIGH
2025-08-23 23:00:00,23,23,8,5,1,28.5,46.7,2,5,11.81,15.35,HIGH
2025-08-24 00:00:00,0,24,8,6,1,28.8,62.7,2,6,10.79,11.81,MEDIUM
2025-08-24 01:00:00,1,24,8,6,1,24.7,56.1,3,2,6.52,10.79,MEDIUM
2025-08-24 02:00:00,2,24,8,6,1,18.5,63.4,3,3,4.59,6.52,LOW
2025-08-24 03:00:00,3,24,8,6,1,28.8,65.0,2,1,3.46,4.59,LOW
2025-08-24 04:00:00,4,24,8,6,1,27.5,58.3,4,0,2.73,3.46,LOW
2025-08-24 05:00:00,5,24,8,6,1,21.7,58.6,2,3,3.38,2.73,LOW
2025-08-24 06:00:00,6,24,8,6,1,25.3,59.0,4,4,6.76,3.38,MEDIUM
2025-08-24 07:00:00,7,24,8,6,1,31.8,55.7,4,5,9.95,6.76,MEDIUM
2025-08-24 08:00:00,8,24,8,6,1,32.7,62.4,5,3,12.41,9.95,HIGH
2025-08-24 09:00:00,9,24,8,6,1,32.7,56.8,6,4,15.2,12.41,HIGH
2025-08-24 10:00:00,10,24,8,6,1,31.2,52.3,4,5,16.03,15.2,HIGH
2025-08-24 11:00:00,11,24,8,6,1,33.1,61.0,4,5,16.55,16.03,HIGH
2025-08-24 12:00:00,12,24,8,6,1,33.6,61.9,5,1,14.04,16.55,HIGH
2025-08-24 13:00:00,13,24,8,6,1,37.5,45.0,5,5,16.74,14.04,HIGH
2025-08-24 14:00:00,14,24,8,6,1,33.0,64.0,4,1,13.41,16.74,HIGH
2025-08-24 15:00:00,15,24,8,6,1,33.4,56.8,6,4,15.51,13.41,HIGH
2025-08-24 16:00:00,16,24,8,6,1,37.7,54.6,6,2,16.35,15.51,HIGH
2025-08-24 17:00:00,17,24,8,6,1,34.6,60.2,7,5,22.41,16.35,HIGH
2025-08-24 18:00:00,18,24,8,6,1,37.4,49.6,5,5,24.39,22.41,HIGH
2025-08-24 19:00:00,19,24,8,6,1,31.2,61.2,5,1,18.55,24.39,HIGH
2025-08-24 20:00:00,20,24,8,6,1,31.5,53.1,5,5,20.8,18.55,HIGH
2025-08-24 21:00:00,21,24,8,6,1,28.1,47.9,5,6,22.17,20.8,HIGH
2025-08-24 22:00:00,22,24,8,6,1,29.1,50.4,6,3,15.2,22.17,HIGH
2025-08-24 23:00:00,23,24,8,6,1,24.2,61.7,2,1,7.87,15.2,MEDIUM
2025-08-25 00:00:00,0,25,8,0,0,25.6,52.1,2,3,6.45,7.87,MEDIUM
2025-08-25 01:00:00,1,25,8,0,0,22.5,68.7,4,1,3.58,6.45,LOW
2025-08-25 02:00:00,2,25,8,0,0,27.3,64.2,2,0,2.49,3.58,LOW
2025-08-25 03:00:00,3,25,8,0,0,27.2,65.1,2,1,2.14,2.49,LOW
2025-08-25 04:00:00,4,25,8,0,0,21.2,60.3,3,1,1.08,2.14,LOW
2025-08-25 05:00:00,5,25,8,0,0,29.4,57.8,2,2,1.81,1.08,LOW
2025-08-25 06:00:00,6,25,8,0,0,33.1,47.6,2,3,4.67,1.81,LOW
2025-08-25 07:00:00,7,25,8,0,0,28.0,62.8,6,4,8.12,4.67,MEDIUM
2025-08-25 08:00:00,8,25,8,0,0,27.5,59.3,4,0,6.69,8.12,MEDIUM
2025-08-25 09:00:00,9,25,8,0,0,37.5,56.4,2,1,6.85,6.69,MEDIUM
2025-08-25 10:00:00,10,25,8,0,0,28.4,66.8,1,1,4.9,6.85,LOW
2025-08-25 11:00:00,11,25,8,0,0,32.9,51.2,4,1,6.85,4.9,MEDIUM
2025-08-25 12:00:00,12,25,8,0,0,34.4,53.5,1,0,5.3,6.85,LOW
2025-08-25 13:00:00,13,25,8,0,0,38.1,54.7,2,0,6.03,5.3,LOW
2025-08-25 14:00:00,14,25,8,0,0,36.1,47.9,1,2,7.18,6.03,MEDIUM
2025-08-25 15:00:00,15,25,8,0,0,34.1,53.2,1,2,7.51,7.18,MEDIUM
2025-08-25 16:00:00,16,25,8,0,0,32.8,57.8,3,1,7.82,7.51,MEDIUM
2025-08-25 17:00:00,17,25,8,0,0,33.9,52.5,1,2,8.62,7.82,MEDIUM
2025-08-25 18:00:00,18,25,8,0,0,31.4,63.3,7,4,15.44,8.62,HIGH
2025-08-25 19:00:00,19,25,8,0,0,33.0,45.7,5,2,14.53,15.44,HIGH
2025-08-25 20:00:00,20,25,8,0,0,30.3,62.6,5,6,18.26,14.53,HIGH
2025-08-25 21:00:00,21,25,8,0,0,26.7,61.3,5,8,21.28,18.26,HIGH
2025-08-25 22:00:00,22,25,8,0,0,32.2,51.7,5,4,15.21,21.28,HIGH
2025-08-25 23:00:00,23,25,8,0,0,26.6,51.8,3,4,10.59,15.21,MEDIUM
2025-08-26 00:00:00,0,26,8,1,0,23.7,46.0,3,2,7.11,10.59,MEDIUM
2025-08-26 01:00:00,1,26,8,1,0,25.6,53.0,4,4,5.75,7.11,LOW
2025-08-26 02:00:00,2,26,8,1,0,25.7,64.0,2,4,4.33,5.75,LOW
2025-08-26 03:00:00,3,26,8,1,0,21.0,59.3,3,1,3.25,4.33,LOW
2025-08-26 04:00:00,4,26,8,1,0,26.4,64.4,2,1,2.27,3.25,LOW
2025-08-26 05:00:00,5,26,8,1,0,23.4,54.9,3,5,4.33,2.27,LOW
2025-08-26 06:00:00,6,26,8,1,0,31.1,59.8,3,4,6.48,4.33,MEDIUM
2025-08-26 07:00:00,7,26,8,1,0,29.2,52.0,4,0,5.86,6.48,LOW
2025-08-26 08:00:00,8,26,8,1,0,28.1,51.0,4,2,8.33,5.86,MEDIUM
2025-08-26 09:00:00,9,26,8,1,0,28.5,56.0,2,3,8.71,8.33,MEDIUM
2025-08-26 10:00:00,10,26,8,1,0,31.4,51.5,2,5,10.39,8.71,MEDIUM
2025-08-26 11:00:00,11,26,8,1,0,34.4,45.0,1,2,8.78,10.39,MEDIUM
2025-08-26 12:00:00,12,26,8,1,0,33.9,53.3,5,3,9.93,8.78,MEDIUM
2025-08-26 13:00:00,13,26,8,1,0,34.2,55.0,1,4,9.33,9.93,MEDIUM
2025-08-26 14:00:00,14,26,8,1,0,35.4,61.5,1,2,8.49,9.33,MEDIUM
2025-08-26 15:00:00,15,26,8,1,0,33.9,60.1,3,3,9.61,8.49,MEDIUM
2025-08-26 16:00:00,16,26,8,1,0,34.4,61.6,2,2,8.64,9.61,MEDIUM
2025-08-26 17:00:00,17,26,8,1,0,29.5,60.5,1,1,7.28,8.64,MEDIUM
2025-08-26 18:00:00,18,26,8,1,0,36.4,55.4,5,3,12.91,7.28,HIGH
2025-08-26 19:00:00,19,26,8,1,0,33.6,47.2,4,4,15.02,12.91,HIGH
2025-08-26 20:00:00,20,26,8,1,0,29.8,57.0,4,5,16.91,15.02,HIGH
2025-08-26 21:00:00,21,26,8,1,0,35.1,57.5,6,5,19.54,16.91,HIGH
2025-08-26 22:00:00,22,26,8,1,0,29.3,65.0,5,2,13.15,19.54,HIGH
2025-08-26 23:00:00,23,26,8,1,0,25.3,62.0,2,0,7.25,13.15,MEDIUM
2025-08-27 00:00:00,0,27,8,2,0,29.0,63.8,3,2,6.98,7.25,MEDIUM
2025-08-27 01:00:00,1,27,8,2,0,27.1,51.0,4,4,5.39,6.98,LOW
2025-08-27 02:00:00,2,27,8,2,0,26.5,55.4,2,0,2.68,5.39,LOW
2025-08-27 03:00:00,3,27,8,2,0,24.3,60.9,3,3,2.71,2.68,LOW
2025-08-27 04:00:00,4,27,8,2,0,26.7,64.3,3,4,3.38,2.71,LOW
2025-08-27 05:00:00,5,27,8,2,0,25.4,57.0,3,1,3.05,3.38,LOW
2025-08-27 06:00:00,6,27,8,2,0,28.2,56.2,3,0,3.65,3.05,LOW
2025-08-27 07:00:00,7,27,8,2,0,23.1,62.9,5,4,6.22,3.65,LOW
2025-08-27 08:00:00,8,27,8,2,0,28.0,50.0,5,4,9.76,6.22,MEDIUM
2025-08-27 09:00:00,9,27,8,2,0,34.7,63.8,1,3,9.61,9.76,MEDIUM
2025-08-27 10:00:00,10,27,8,2,0,29.8,50.8,3,3,10.04,9.61,MEDIUM
2025-08-27 11:00:00,11,27,8,2,0,31.4,43.9,2,6,12.02,10.04,HIGH
2025-08-27 12:00:00,12,27,8,2,0,32.8,54.9,2,0,8.4,12.02,MEDIUM
2025-08-27 13:00:00,13,27,8,2,0,31.7,65.5,2,0,6.58,8.4,MEDIUM
2025-08-27 14:00:00,14,27,8,2,0,29.7,59.6,1,4,8.03,6.58,MEDIUM
2025-08-27 15:00:00,15,27,8,2,0,34.8,58.6,1,1,7.12,8.03,MEDIUM
2025-08-27 16:00:00,16,27,8,2,0,35.6,54.0,1,3,7.97,7.12,MEDIUM
2025-08-27 17:00:00,17,27,8,2,0,34.6,53.2,5,3,12.49,7.97,HIGH
2025-08-27 18:00:00,18,27,8,2,0,33.6,45.3,4,8,18.98,12.49,HIGH
2025-08-27 19:00:00,19,27,8,2,0,33.0,41.2,4,7,20.89,18.98,HIGH
2025-08-27 20:00:00,20,27,8,2,0,34.2,55.5,4,3,18.27,20.89,HIGH
2025-08-27 21:00:00,21,27,8,2,0,29.9,63.9,6,3,17.38,18.27,HIGH
2025-08-27 22:00:00,22,27,8,2,0,27.7,59.0,4,4,12.55,17.38,HIGH
2025-08-27 23:00:00,23,27,8,2,0,27.2,60.9,4,2,9.12,12.55,MEDIUM
2025-08-28 00:00:00,0,28,8,3,0,28.3,66.2,3,3,8.02,9.12,MEDIUM
2025-08-28 01:00:00,1,28,8,3,0,29.6,58.1,4,3,5.72,8.02,LOW
2025-08-28 02:00:00,2,28,8,3,0,24.0,57.7,3,2,3.72,5.72,LOW
2025-08-28 03:00:00,3,28,8,3,0,25.6,52.8,5,2,3.04,3.72,LOW
2025-08-28 04:00:00,4,28,8,3,0,26.4,69.6,3,0,2.45,3.04,LOW
2025-08-28 05:00:00,5,28,8,3,0,23.6,61.7,2,3,1.54,2.45,LOW
2025-08-28 06:00:00,6,28,8,3,0,26.9,51.6,2,2,3.33,1.54,LOW
2025-08-28 07:00:00,7,28,8,3,0,24.2,51.3,7,1,5.59,3.33,LOW
2025-08-28 08:00:00,8,28,8,3,0,24.7,65.6,6,4,9.52,5.59,MEDIUM
2025-08-28 09:00:00,9,28,8,3,0,31.3,49.3,6,3,11.71,9.52,HIGH
2025-08-28 10:00:00,10,28,8,3,0,30.7,66.8,3,2,9.84,11.71,MEDIUM
2025-08-28 11:00:00,11,28,8,3,0,33.4,38.1,3,3,10.34,9.84,MEDIUM
2025-08-28 12:00:00,12,28,8,3,0,33.9,63.0,2,0,7.66,10.34,MEDIUM
2025-08-28 13:00:00,13,28,8,3,0,32.3,58.0,3,3,9.43,7.66,MEDIUM
2025-08-28 14:00:00,14,28,8,3,0,35.1,54.7,5,3,11.47,9.43,HIGH
2025-08-28 15:00:00,15,28,8,3,0,32.3,54.0,1,1,7.77,11.47,MEDIUM
2025-08-28 16:00:00,16,28,8,3,0,38.7,63.9,3,2,9.57,7.77,MEDIUM
2025-08-28 17:00:00,17,28,8,3,0,31.3,59.7,1,1,8.01,9.57,MEDIUM
2025-08-28 18:00:00,18,28,8,3,0,33.4,49.2,4,8,16.98,8.01,HIGH
2025-08-28 19:00:00,19,28,8,3,0,30.3,45.6,5,5,18.51,16.98,HIGH
2025-08-28 20:00:00,20,28,8,3,0,33.1,55.8,4,4,18.47,18.51,HIGH
2025-08-28 21:00:00,21,28,8,3,0,29.6,56.2,4,4,17.2,18.47,HIGH
2025-08-28 22:00:00,22,28,8,3,0,27.8,47.8,5,4,13.11,17.2,HIGH
2025-08-28 23:00:00,23,28,8,3,0,30.0,55.7,3,1,8.73,13.11,MEDIUM
2025-08-29 00:00:00,0,29,8,4,0,26.9,53.8,3,1,6.85,8.73,MEDIUM
2025-08-29 01:00:00,1,29,8,4,0,27.4,57.1,2,1,4.4,6.85,LOW
2025-08-29 02:00:00,2,29,8,4,0,23.1,63.1,3,2,3.19,4.4,LOW
2025-08-29 03:00:00,3,29,8,4,0,21.9,68.2,3,0,2.46,3.19,LOW
2025-08-29 04:00:00,4,29,8,4,0,25.8,63.1,3,1,2.47,2.46,LOW
2025-08-29 05:00:00,5,29,8,4,0,25.3,53.6,3,0,1.85,2.47,LOW
2025-08-29 06:00:00,6,29,8,4,0,28.4,58.9,3,1,3.86,1.85,LOW
2025-08-29 07:00:00,7,29,8,4,0,27.7,57.3,5,2,5.22,3.86,LOW
2025-08-29 08:00:00,8,29,8,4,0,29.6,48.2,5,1,7.36,5.22,MEDIUM
2025-08-29 09:00:00,9,29,8,4,0,26.3,59.9,4,1,6.95,7.36,MEDIUM
2025-08-29 10:00:00,10,29,8,4,0,36.4,64.6,2,1,6.8,6.95,MEDIUM
2025-08-29 11:00:00,11,29,8,4,0,32.5,55.2,2,4,9.09,6.8,MEDIUM
2025-08-29 12:00:00,12,29,8,4,0,35.7,44.2,3,1,8.65,9.09,MEDIUM
2025-08-29 13:00:00,13,29,8,4,0,32.6,55.1,2,3,8.9,8.65,MEDIUM
2025-08-29 14:00:00,14,29,8,4,0,36.0,46.3,3,3,9.95,8.9,MEDIUM
2025-08-29 15:00:00,15,29,8,4,0,32.1,60.3,2,2,9.53,9.95,MEDIUM
2025-08-29 16:00:00,16,29,8,4,0,36.4,56.6,1,3,8.67,9.53,MEDIUM
2025-08-29 17:00:00,17,29,8,4,0,33.8,53.5,2,3,10.21,8.67,MEDIUM
2025-08-29 18:00:00,18,29,8,4,0,34.0,52.4,6,5,16.93,10.21,HIGH
2025-08-29 19:00:00,19,29,8,4,0,34.6,52.9,5,4,18.28,16.93,HIGH
2025-08-29 20:00:00,20,29,8,4,0,28.6,56.6,4,2,14.2,18.28,HIGH
2025-08-29 21:00:00,21,29,8,4,0,28.7,51.9,5,6,17.53,14.2,HIGH
2025-08-29 22:00:00,22,29,8,4,0,30.2,47.6,4,5,13.63,17.53,HIGH
2025-08-29 23:00:00,23,29,8,4,0,33.1,61.6,3,1,9.17,13.63,MEDIUM
2025-08-30 00:00:00,0,30,8,5,1,26.5,55.1,4,1,7.62,9.17,MEDIUM
2025-08-30 01:00:00,1,30,8,5,1,27.5,58.0,2,3,5.36,7.62,LOW
2025-08-30 02:00:00,2,30,8,5,1,25.3,59.6,2,4,4.38,5.36,LOW
2025-08-30 03:00:00,3,30,8,5,1,30.2,57.9,2,1,2.9,4.38,LOW
2025-08-30 04:00:00,4,30,8,5,1,21.2,52.5,2,1,2.29,2.9,LOW
2025-08-30 05:00:00,5,30,8,5,1,26.3,47.4,4,5,3.88,2.29,LOW
2025-08-30 06:00:00,6,30,8,5,1,22.8,55.3,3,1,4.5,3.88,LOW
2025-08-30 07:00:00,7,30,8,5,1,21.6,61.7,5,5,8.37,4.5,MEDIUM
2025-08-30 08:00:00,8,30,8,5,1,29.8,51.7,4,1,8.68,8.37,MEDIUM
2025-08-30 09:00:00,9,30,8,5,1,30.7,53.6,5,2,10.61,8.68,MEDIUM
2025-08-30 10:00:00,10,30,8,5,1,31.0,68.4,5,5,14.19,10.61,HIGH
2025-08-30 11:00:00,11,30,8,5,1,32.6,43.9,4,3,13.51,14.19,HIGH
2025-08-30 12:00:00,12,30,8,5,1,41.7,46.8,6,0,13.26,13.51,HIGH
2025-08-30 13:00:00,13,30,8,5,1,34.1,65.7,5,6,16.96,13.26,HIGH
2025-08-30 14:00:00,14,30,8,5,1,36.5,53.1,5,0,13.49,16.96,HIGH
2025-08-30 15:00:00,15,30,8,5,1,33.8,50.2,6,3,15.44,13.49,HIGH
2025-08-30 16:00:00,16,30,8,5,1,36.0,60.6,6,3,16.07,15.44,HIGH
2025-08-30 17:00:00,17,30,8,5,1,34.1,54.7,5,7,23.58,16.07,HIGH
2025-08-30 18:00:00,18,30,8,5,1,32.9,52.8,6,4,23.78,23.58,HIGH
2025-08-30 19:00:00,19,30,8,5,1,37.4,54.2,7,9,30.82,23.78,HIGH
2025-08-30 20:00:00,20,30,8,5,1,34.6,50.2,5,2,23.55,30.82,HIGH
2025-08-30 21:00:00,21,30,8,5,1,30.7,49.6,5,3,20.03,23.55,HIGH
2025-08-30 22:00:00,22,30,8,5,1,23.3,58.0,5,7,16.2,20.03,HIGH
2025-08-30 23:00:00,23,30,8,5,1,27.0,51.1,6,3,12.99,16.2,HIGH
2025-08-31 00:00:00,0,31,8,6,1,33.6,54.6,3,3,10.91,12.99,MEDIUM
2025-08-31 01:00:00,1,31,8,6,1,25.5,59.9,2,3,6.44,10.91,MEDIUM
2025-08-31 02:00:00,2,31,8,6,1,28.3,61.8,2,1,4.18,6.44,LOW
2025-08-31 03:00:00,3,31,8,6,1,29.0,63.2,2,1,3.42,4.18,LOW
2025-08-31 04:00:00,4,31,8,6,1,26.1,55.1,3,2,3.25,3.42,LOW
2025-08-31 05:00:00,5,31,8,6,1,24.0,61.4,3,2,3.55,3.25,LOW
2025-08-31 06:00:00,6,31,8,6,1,20.8,62.6,3,2,4.63,3.55,LOW
2025-08-31 07:00:00,7,31,8,6,1,29.6,58.1,5,7,9.6,4.63,MEDIUM
2025-08-31 08:00:00,8,31,8,6,1,27.1,54.3,5,2,9.83,9.6,MEDIUM
2025-08-31 09:00:00,9,31,8,6,1,30.8,49.5,6,0,9.88,9.83,MEDIUM
2025-08-31 10:00:00,10,31,8,6,1,28.6,59.6,4,5,12.43,9.88,HIGH
2025-08-31 11:00:00,11,31,8,6,1,32.2,44.9,5,3,12.92,12.43,HIGH
2025-08-31 12:00:00,12,31,8,6,1,34.0,52.8,5,2,12.98,12.92,HIGH
2025-08-31 13:00:00,13,31,8,6,1,35.4,38.5,6,4,16.16,12.98,HIGH
2025-08-31 14:00:00,14,31,8,6,1,32.4,47.0,4,3,14.39,16.16,HIGH
2025-08-31 15:00:00,15,31,8,6,1,38.4,47.4,6,4,17.17,14.39,HIGH
2025-08-31 16:00:00,16,31,8,6,1,33.7,61.1,5,4,17.3,17.17,HIGH
2025-08-31 17:00:00,17,31,8,6,1,30.5,59.9,6,7,23.43,17.3,HIGH
2025-08-31 18:00:00,18,31,8,6,1,33.7,51.2,4,3,20.04,23.43,HIGH
2025-08-31 19:00:00,19,31,8,6,1,33.0,59.2,5,8,25.44,20.04,HIGH
2025-08-31 20:00:00,20,31,8,6,1,32.1,60.5,6,6,26.01,25.44,HIGH
2025-08-31 21:00:00,21,31,8,6,1,33.8,53.5,4,4,22.91,26.01,HIGH
2025-08-31 22:00:00,22,31,8,6,1,28.5,48.3,6,5,17.46,22.91,HIGH
2025-08-31 23:00:00,23,31,8,6,1,27.6,55.7,2,4,12.14,17.46,HIGH
2025-09-01 00:00:00,0,1,9,0,0,19.7,59.5,3,3,8.73,12.14,MEDIUM
2025-09-01 01:00:00,1,1,9,0,0,23.7,51.1,3,1,4.92,8.73,LOW
2025-09-01 02:00:00,2,1,9,0,0,21.6,61.6,2,1,2.53,4.92,LOW
2025-09-01 03:00:00,3,1,9,0,0,19.9,61.7,2,0,1.04,2.53,LOW
2025-09-01 04:00:00,4,1,9,0,0,16.4,64.1,3,0,1.67,1.04,LOW
2025-09-01 05:00:00,5,1,9,0,0,25.3,59.6,3,2,2.59,1.67,LOW
2025-09-01 06:00:00,6,1,9,0,0,19.4,64.6,4,4,5.46,2.59,LOW
2025-09-01 07:00:00,7,1,9,0,0,22.0,58.1,4,1,5.29,5.46,LOW
2025-09-01 08:00:00,8,1,9,0,0,25.6,59.0,4,1,6.66,5.29,MEDIUM
2025-09-01 09:00:00,9,1,9,0,0,23.0,56.4,3,3,7.27,6.66,MEDIUM
2025-09-01 10:00:00,10,1,9,0,0,23.6,55.1,2,2,6.09,7.27,LOW
2025-09-01 11:00:00,11,1,9,0,0,23.2,66.7,3,1,5.88,6.09,LOW
2025-09-01 12:00:00,12,1,9,0,0,31.3,43.2,1,1,6.0,5.88,LOW
2025-09-01 13:00:00,13,1,9,0,0,29.0,61.7,1,5,8.11,6.0,MEDIUM
2025-09-01 14:00:00,14,1,9,0,0,38.1,49.0,1,1,8.1,8.11,MEDIUM
2025-09-01 15:00:00,15,1,9,0,0,28.5,52.1,3,1,7.08,8.1,MEDIUM
2025-09-01 16:00:00,16,1,9,0,0,28.5,58.2,1,0,4.9,7.08,LOW
2025-09-01 17:00:00,17,1,9,0,0,28.9,47.5,1,2,6.36,4.9,MEDIUM
2025-09-01 18:00:00,18,1,9,0,0,30.1,51.1,7,3,12.99,6.36,HIGH
2025-09-01 19:00:00,19,1,9,0,0,27.3,52.0,6,5,16.25,12.99,HIGH
2025-09-01 20:00:00,20,1,9,0,0,28.8,55.2,5,3,15.95,16.25,HIGH
2025-09-01 21:00:00,21,1,9,0,0,23.6,53.7,4,8,18.29,15.95,HIGH
2025-09-01 22:00:00,22,1,9,0,0,21.3,69.1,4,4,12.18,18.29,HIGH
2025-09-01 23:00:00,23,1,9,0,0,19.0,71.2,3,4,9.81,12.18,MEDIUM
2025-09-02 00:00:00,0,2,9,1,0,16.9,49.1,2,0,6.43,9.81,MEDIUM
2025-09-02 01:00:00,1,2,9,1,0,20.4,63.1,4,0,3.73,6.43,LOW
2025-09-02 02:00:00,2,2,9,1,0,20.4,65.0,3,1,3.32,3.73,LOW
2025-09-02 03:00:00,3,2,9,1,0,19.4,63.5,2,3,3.43,3.32,LOW
2025-09-02 04:00:00,4,2,9,1,0,24.3,54.3,4,2,3.33,3.43,LOW
2025-09-02 05:00:00,5,2,9,1,0,24.7,56.7,4,1,2.69,3.33,LOW
2025-09-02 06:00:00,6,2,9,1,0,21.6,54.9,2,1,3.37,2.69,LOW
2025-09-02 07:00:00,7,2,9,1,0,19.0,57.9,6,2,5.37,3.37,LOW
2025-09-02 08:00:00,8,2,9,1,0,23.3,51.4,4,2,6.8,5.37,MEDIUM
2025-09-02 09:00:00,9,2,9,1,0,24.5,57.5,2,2,5.46,6.8,LOW
2025-09-02 10:00:00,10,2,9,1,0,25.7,48.7,2,1,4.87,5.46,LOW
2025-09-02 11:00:00,11,2,9,1,0,26.8,56.1,1,3,5.71,4.87,LOW
2025-09-02 12:00:00,12,2,9,1,0,27.9,49.3,1,1,4.94,5.71,LOW
2025-09-02 13:00:00,13,2,9,1,0,29.4,57.5,4,1,6.39,4.94,MEDIUM
2025-09-02 14:00:00,14,2,9,1,0,29.2,52.2,3,0,5.59,6.39,LOW
2025-09-02 15:00:00,15,2,9,1,0,31.5,57.1,7,0,8.06,5.59,MEDIUM
2025-09-02 16:00:00,16,2,9,1,0,31.7,61.8,2,3,8.43,8.06,MEDIUM
2025-09-02 17:00:00,17,2,9,1,0,28.1,66.3,4,11,18.85,8.43,HIGH
2025-09-02 18:00:00,18,2,9,1,0,32.7,39.8,5,3,17.41,18.85,HIGH
2025-09-02 19:00:00,19,2,9,1,0,26.0,52.6,4,9,20.88,17.41,HIGH
2025-09-02 20:00:00,20,2,9,1,0,23.2,56.9,4,7,20.32,20.88,HIGH
2025-09-02 21:00:00,21,2,9,1,0,27.0,60.0,5,4,18.01,20.32,HIGH
2025-09-02 22:00:00,22,2,9,1,0,22.7,49.0,4,3,11.9,18.01,HIGH
2025-09-02 23:00:00,23,2,9,1,0,24.3,52.4,2,2,7.38,11.9,MEDIUM
2025-09-03 00:00:00,0,3,9,2,0,16.5,62.2,2,1,5.16,7.38,LOW
2025-09-03 01:00:00,1,3,9,2,0,25.2,58.4,4,1,3.11,5.16,LOW
2025-09-03 02:00:00,2,3,9,2,0,22.9,61.1,3,1,2.28,3.11,LOW
2025-09-03 03:00:00,3,3,9,2,0,17.2,63.8,3,0,0.92,2.28,LOW
2025-09-03 04:00:00,4,3,9,2,0,17.5,63.0,3,2,1.43,0.92,LOW
2025-09-03 05:00:00,5,3,9,2,0,25.9,58.8,4,3,2.24,1.43,LOW
2025-09-03 06:00:00,6,3,9,2,0,20.6,60.1,2,3,4.04,2.24,LOW
2025-09-03 07:00:00,7,3,9,2,0,21.4,63.4,4,2,5.02,4.04,LOW
2025-09-03 08:00:00,8,3,9,2,0,19.0,47.0,5,1,6.64,5.02,MEDIUM
2025-09-03 09:00:00,9,3,9,2,0,25.1,67.2,3,2,6.38,6.64,MEDIUM
2025-09-03 10:00:00,10,3,9,2,0,26.7,44.1,1,3,6.87,6.38,MEDIUM
2025-09-03 11:00:00,11,3,9,2,0,30.3,49.4,2,2,6.96,6.87,MEDIUM
2025-09-03 12:00:00,12,3,9,2,0,26.0,56.2,1,0,5.0,6.96,LOW
2025-09-03 13:00:00,13,3,9,2,0,26.5,61.4,2,2,5.66,5.0,LOW
2025-09-03 14:00:00,14,3,9,2,0,32.0,37.2,2,2,7.44,5.66,MEDIUM
2025-09-03 15:00:00,15,3,9,2,0,33.5,54.4,4,0,8.49,7.44,MEDIUM
2025-09-03 16:00:00,16,3,9,2,0,26.9,62.0,1,0,5.35,8.49,LOW
2025-09-03 17:00:00,17,3,9,2,0,33.0,60.8,2,4,10.96,5.35,MEDIUM
2025-09-03 18:00:00,18,3,9,2,0,29.6,52.0,5,3,13.26,10.96,HIGH
2025-09-03 19:00:00,19,3,9,2,0,31.2,53.7,5,2,14.17,13.26,HIGH
2025-09-03 20:00:00,20,3,9,2,0,27.1,53.5,6,4,16.06,14.17,HIGH
2025-09-03 21:00:00,21,3,9,2,0,19.7,57.8,4,7,18.08,16.06,HIGH
2025-09-03 22:00:00,22,3,9,2,0,24.3,52.1,7,3,13.26,18.08,HIGH
2025-09-03 23:00:00,23,3,9,2,0,26.2,52.2,2,3,8.98,13.26,MEDIUM
2025-09-04 00:00:00,0,4,9,3,0,20.2,62.5,4,0,5.46,8.98,LOW
2025-09-04 01:00:00,1,4,9,3,0,20.7,60.5,2,0,2.56,5.46,LOW
2025-09-04 02:00:00,2,4,9,3,0,20.7,62.7,3,1,2.66,2.56,LOW
2025-09-04 03:00:00,3,4,9,3,0,13.8,63.8,2,0,2.09,2.66,LOW
2025-09-04 04:00:00,4,4,9,3,0,25.3,62.1,4,1,2.68,2.09,LOW
2025-09-04 05:00:00,5,4,9,3,0,19.4,65.5,3,3,2.74,2.68,LOW
2025-09-04 06:00:00,6,4,9,3,0,23.7,48.1,2,5,5.08,2.74,LOW
2025-09-04 07:00:00,7,4,9,3,0,23.3,53.6,5,2,5.66,5.08,LOW
2025-09-04 08:00:00,8,4,9,3,0,27.8,55.5,4,1,5.99,5.66,LOW
2025-09-04 09:00:00,9,4,9,3,0,27.0,57.1,1,2,5.55,5.99,LOW
2025-09-04 10:00:00,10,4,9,3,0,26.7,53.3,2,0,4.31,5.55,LOW
2025-09-04 11:00:00,11,4,9,3,0,26.3,63.0,3,1,5.16,4.31,LOW
2025-09-04 12:00:00,12,4,9,3,0,31.5,67.3,3,1,6.31,5.16,MEDIUM
2025-09-04 13:00:00,13,4,9,3,0,25.6,58.9,1,2,6.07,6.31,LOW
2025-09-04 14:00:00,14,4,9,3,0,32.4,55.5,1,1,5.57,6.07,LOW
2025-09-04 15:00:00,15,4,9,3,0,28.3,61.8,2,3,7.34,5.57,MEDIUM
2025-09-04 16:00:00,16,4,9,3,0,34.0,43.2,1,1,6.7,7.34,MEDIUM
2025-09-04 17:00:00,17,4,9,3,0,30.7,55.9,2,3,9.45,6.7,MEDIUM
2025-09-04 18:00:00,18,4,9,3,0,31.1,61.4,8,10,22.71,9.45,HIGH
2025-09-04 19:00:00,19,4,9,3,0,28.7,52.7,6,3,19.11,22.71,HIGH
2025-09-04 20:00:00,20,4,9,3,0,22.9,51.5,8,5,20.01,19.11,HIGH
2025-09-04 21:00:00,21,4,9,3,0,23.8,57.4,4,3,15.42,20.01,HIGH
2025-09-04 22:00:00,22,4,9,3,0,26.4,57.1,4,4,11.52,15.42,HIGH
2025-09-04 23:00:00,23,4,9,3,0,23.9,53.0,2,1,6.21,11.52,LOW
2025-09-05 00:00:00,0,5,9,4,0,25.4,70.4,2,2,5.2,6.21,LOW
2025-09-05 01:00:00,1,5,9,4,0,22.7,56.0,4,4,4.81,5.2,LOW
2025-09-05 02:00:00,2,5,9,4,0,18.8,53.6,3,1,3.26,4.81,LOW
2025-09-05 03:00:00,3,5,9,4,0,19.0,59.8,5,1,3.05,3.26,LOW
2025-09-05 04:00:00,4,5,9,4,0,21.4,64.9,3,1,2.63,3.05,LOW
2025-09-05 05:00:00,5,5,9,4,0,15.9,61.7,4,3,3.27,2.63,LOW
2025-09-05 06:00:00,6,5,9,4,0,26.6,60.3,2,5,5.17,3.27,LOW
2025-09-05 07:00:00,7,5,9,4,0,24.6,52.9,4,3,6.56,5.17,MEDIUM
2025-09-05 08:00:00,8,5,9,4,0,27.8,65.8,6,1,9.05,6.56,MEDIUM
2025-09-05 09:00:00,9,5,9,4,0,22.0,62.6,1,2,7.11,9.05,MEDIUM
2025-09-05 10:00:00,10,5,9,4,0,30.4,62.1,3,1,6.99,7.11,MEDIUM
2025-09-05 11:00:00,11,5,9,4,0,34.1,56.6,1,3,7.71,6.99,MEDIUM
2025-09-05 12:00:00,12,5,9,4,0,26.2,62.5,2,1,6.63,7.71,MEDIUM
2025-09-05 13:00:00,13,5,9,4,0,32.3,49.8,2,0,5.84,6.63,LOW
2025-09-05 14:00:00,14,5,9,4,0,30.8,52.7,3,1,6.88,5.84,MEDIUM
2025-09-05 15:00:00,15,5,9,4,0,27.1,65.2,3,2,6.89,6.88,MEDIUM
2025-09-05 16:00:00,16,5,9,4,0,32.1,64.5,1,3,7.84,6.89,MEDIUM
2025-09-05 17:00:00,17,5,9,4,0,32.4,48.2,3,6,14.27,7.84,HIGH
2025-09-05 18:00:00,18,5,9,4,0,28.0,58.3,5,3,15.02,14.27,HIGH
2025-09-05 19:00:00,19,5,9,4,0,31.4,52.9,4,6,18.2,15.02,HIGH
2025-09-05 20:00:00,20,5,9,4,0,23.1,54.6,7,8,22.18,18.2,HIGH
2025-09-05 21:00:00,21,5,9,4,0,22.3,60.8,5,7,22.05,22.18,HIGH
2025-09-05 22:00:00,22,5,9,4,0,25.0,64.8,4,4,14.18,22.05,HIGH
2025-09-05 23:00:00,23,5,9,4,0,23.6,61.3,5,0,9.27,14.18,MEDIUM
2025-09-06 00:00:00,0,6,9,5,1,20.7,57.8,3,8,11.4,9.27,HIGH
2025-09-06 01:00:00,1,6,9,5,1,23.7,61.6,3,3,7.35,11.4,MEDIUM
2025-09-06 02:00:00,2,6,9,5,1,22.5,56.8,4,1,5.87,7.35,LOW
2025-09-06 03:00:00,3,6,9,5,1,23.1,61.2,5,4,4.71,5.87,LOW
2025-09-06 04:00:00,4,6,9,5,1,20.9,68.0,4,3,3.87,4.71,LOW
2025-09-06 05:00:00,5,6,9,5,1,23.2,46.3,4,2,4.02,3.87,LOW
2025-09-06 06:00:00,6,6,9,5,1,21.4,64.2,3,2,5.19,4.02,LOW
2025-09-06 07:00:00,7,6,9,5,1,28.6,47.3,5,4,8.34,5.19,MEDIUM
2025-09-06 08:00:00,8,6,9,5,1,22.7,66.3,6,5,13.05,8.34,HIGH
2025-09-06 09:00:00,9,6,9,5,1,31.3,51.7,4,3,12.56,13.05,HIGH
2025-09-06 10:00:00,10,6,9,5,1,27.4,49.7,6,1,12.21,12.56,HIGH
2025-09-06 11:00:00,11,6,9,5,1,25.1,62.1,6,0,10.54,12.21,MEDIUM
2025-09-06 12:00:00,12,6,9,5,1,33.0,57.0,4,1,10.91,10.54,MEDIUM
2025-09-06 13:00:00,13,6,9,5,1,30.6,49.8,4,5,13.12,10.91,HIGH
2025-09-06 14:00:00,14,6,9,5,1,33.0,47.3,6,3,14.98,13.12,HIGH
2025-09-06 15:00:00,15,6,9,5,1,34.1,53.2,5,2,14.08,14.98,HIGH
2025-09-06 16:00:00,16,6,9,5,1,31.7,48.1,4,1,12.51,14.08,HIGH
2025-09-06 17:00:00,17,6,9,5,1,28.8,50.1,5,2,14.06,12.51,HIGH
2025-09-06 18:00:00,18,6,9,5,1,32.0,55.9,5,3,16.3,14.06,HIGH
2025-09-06 19:00:00,19,6,9,5,1,28.5,50.8,5,4,18.17,16.3,HIGH
2025-09-06 20:00:00,20,6,9,5,1,29.0,59.0,5,6,20.7,18.17,HIGH
2025-09-06 21:00:00,21,6,9,5,1,20.6,68.7,5,3,18.15,20.7,HIGH
2025-09-06 22:00:00,22,6,9,5,1,25.8,56.8,4,2,11.8,18.15,HIGH
2025-09-06 23:00:00,23,6,9,5,1,21.9,60.0,4,1,8.13,11.8,MEDIUM
2025-09-07 00:00:00,0,7,9,6,1,26.6,69.5,4,6,10.33,8.13,MEDIUM
2025-09-07 01:00:00,1,7,9,6,1,23.2,51.6,3,1,5.8,10.33,LOW
2025-09-07 02:00:00,2,7,9,6,1,21.8,66.4,3,6,6.19,5.8,LOW
2025-09-07 03:00:00,3,7,9,6,1,22.2,65.5,3,3,4.65,6.19,LOW
2025-09-07 04:00:00,4,7,9,6,1,18.7,65.6,3,3,4.24,4.65,LOW
2025-09-07 05:00:00,5,7,9,6,1,25.7,65.5,3,2,3.84,4.24,LOW
2025-09-07 06:00:00,6,7,9,6,1,27.4,58.7,2,5,6.76,3.84,MEDIUM
2025-09-07 07:00:00,7,7,9,6,1,24.5,54.7,4,5,8.36,6.76,MEDIUM
2025-09-07 08:00:00,8,7,9,6,1,28.7,63.1,4,5,11.38,8.36,HIGH
2025-09-07 09:00:00,9,7,9,6,1,24.6,65.0,7,3,13.35,11.38,HIGH
2025-09-07 10:00:00,10,7,9,6,1,25.3,64.5,4,4,12.54,13.35,HIGH
2025-09-07 11:00:00,11,7,9,6,1,28.6,56.8,6,1,12.44,12.54,HIGH
2025-09-07 12:00:00,12,7,9,6,1,30.6,51.5,5,4,13.89,12.44,HIGH
2025-09-07 13:00:00,13,7,9,6,1,29.3,57.4,5,2,13.16,13.89,HIGH
2025-09-07 14:00:00,14,7,9,6,1,32.2,60.8,8,4,16.74,13.16,HIGH
2025-09-07 15:00:00,15,7,9,6,1,31.8,61.4,4,3,15.25,16.74,HIGH
2025-09-07 16:00:00,16,7,9,6,1,28.3,54.1,6,3,14.84,15.25,HIGH
2025-09-07 17:00:00,17,7,9,6,1,31.6,57.3,4,2,14.99,14.84,HIGH
2025-09-07 18:00:00,18,7,9,6,1,31.7,47.5,4,3,15.69,14.99,HIGH
2025-09-07 19:00:00,19,7,9,6,1,28.9,62.3,5,4,18.06,15.69,HIGH
2025-09-07 20:00:00,20,7,9,6,1,30.2,51.2,5,4,19.49,18.06,HIGH
2025-09-07 21:00:00,21,7,9,6,1,23.0,63.5,4,6,19.91,19.49,HIGH
2025-09-07 22:00:00,22,7,9,6,1,25.9,50.7,4,5,15.12,19.91,HIGH
2025-09-07 23:00:00,23,7,9,6,1,20.6,65.9,5,4,12.31,15.12,HIGH
2025-09-08 00:00:00,0,8,9,0,0,19.7,62.1,3,1,8.05,12.31,MEDIUM
2025-09-08 01:00:00,1,8,9,0,0,20.1,55.3,3,4,5.67,8.05,LOW
2025-09-08 02:00:00,2,8,9,0,0,18.8,64.6,2,3,4.43,5.67,LOW
2025-09-08 03:00:00,3,8,9,0,0,19.6,56.6,3,1,3.19,4.43,LOW
2025-09-08 04:00:00,4,8,9,0,0,20.6,64.3,4,1,3.48,3.19,LOW
2025-09-08 05:00:00,5,8,9,0,0,23.8,56.8,3,2,2.85,3.48,LOW
2025-09-08 06:00:00,6,8,9,0,0,21.7,49.0,2,2,3.5,2.85,LOW
2025-09-08 07:00:00,7,8,9,0,0,19.5,54.3,5,1,4.27,3.5,LOW
2025-09-08 08:00:00,8,8,9,0,0,27.6,54.4,5,3,7.93,4.27,MEDIUM
2025-09-08 09:00:00,9,8,9,0,0,23.9,66.6,2,2,6.48,7.93,MEDIUM
2025-09-08 10:00:00,10,8,9,0,0,27.1,62.6,2,1,6.41,6.48,MEDIUM
2025-09-08 11:00:00,11,8,9,0,0,29.6,65.9,1,0,5.44,6.41,LOW
2025-09-08 12:00:00,12,8,9,0,0,30.0,65.9,2,2,6.44,5.44,MEDIUM
2025-09-08 13:00:00,13,8,9,0,0,33.1,51.6,2,1,7.12,6.44,MEDIUM
2025-09-08 14:00:00,14,8,9,0,0,32.0,54.1,2,0,5.91,7.12,LOW
2025-09-08 15:00:00,15,8,9,0,0,28.8,54.0,1,3,6.86,5.91,MEDIUM
2025-09-08 16:00:00,16,8,9,0,0,36.3,49.5,2,1,7.85,6.86,MEDIUM
2025-09-08 17:00:00,17,8,9,0,0,30.8,44.6,4,3,11.39,7.85,HIGH
2025-09-08 18:00:00,18,8,9,0,0,29.2,56.2,4,1,10.33,11.39,MEDIUM
2025-09-08 19:00:00,19,8,9,0,0,30.9,47.9,4,7,16.89,10.33,HIGH
2025-09-08 20:00:00,20,8,9,0,0,27.9,56.6,4,3,14.67,16.89,HIGH
2025-09-08 21:00:00,21,8,9,0,0,27.0,69.9,4,8,19.01,14.67,HIGH
2025-09-08 22:00:00,22,8,9,0,0,30.9,52.6,5,2,12.96,19.01,HIGH
2025-09-08 23:00:00,23,8,9,0,0,22.8,60.0,3,0,7.59,12.96,MEDIUM
2025-09-09 00:00:00,0,9,9,1,0,21.7,64.8,3,3,6.9,7.59,MEDIUM
2025-09-09 01:00:00,1,9,9,1,0,22.0,60.9,4,2,4.84,6.9,LOW
2025-09-09 02:00:00,2,9,9,1,0,23.8,60.2,3,1,3.58,4.84,LOW
2025-09-09 03:00:00,3,9,9,1,0,17.2,58.9,3,2,3.61,3.58,LOW
2025-09-09 04:00:00,4,9,9,1,0,16.3,60.1,4,1,3.35,3.61,LOW
2025-09-09 05:00:00,5,9,9,1,0,20.2,54.2,2,5,3.97,3.35,LOW
2025-09-09 06:00:00,6,9,9,1,0,18.4,65.7,3,4,5.3,3.97,LOW
2025-09-09 07:00:00,7,9,9,1,0,22.4,48.6,5,1,5.39,5.3,LOW
2025-09-09 08:00:00,8,9,9,1,0,26.0,63.4,5,0,6.1,5.39,LOW
2025-09-09 09:00:00,9,9,9,1,0,23.8,50.1,1,3,6.85,6.1,MEDIUM
2025-09-09 10:00:00,10,9,9,1,0,23.7,64.3,2,3,6.18,6.85,LOW
2025-09-09 11:00:00,11,9,9,1,0,28.7,54.4,3,1,6.69,6.18,MEDIUM
2025-09-09 12:00:00,12,9,9,1,0,31.7,47.9,3,5,10.42,6.69,MEDIUM
2025-09-09 13:00:00,13,9,9,1,0,26.1,61.0,1,3,8.57,10.42,MEDIUM
2025-09-09 14:00:00,14,9,9,1,0,32.9,60.4,1,4,8.86,8.57,MEDIUM
2025-09-09 15:00:00,15,9,9,1,0,33.0,52.2,1,2,7.98,8.86,MEDIUM
2025-09-09 16:00:00,16,9,9,1,0,33.2,59.0,1,4,9.77,7.98,MEDIUM
2025-09-09 17:00:00,17,9,9,1,0,33.4,40.9,2,3,10.98,9.77,MEDIUM
2025-09-09 18:00:00,18,9,9,1,0,35.0,46.1,4,9,20.17,10.98,HIGH
2025-09-09 19:00:00,19,9,9,1,0,27.6,64.7,4,9,22.33,20.17,HIGH
2025-09-09 20:00:00,20,9,9,1,0,27.6,55.6,4,5,19.98,22.33,HIGH
2025-09-09 21:00:00,21,9,9,1,0,25.0,46.8,5,4,17.81,19.98,HIGH
2025-09-09 22:00:00,22,9,9,1,0,24.7,53.9,5,7,14.64,17.81,HIGH
2025-09-09 23:00:00,23,9,9,1,0,27.3,51.5,3,3,9.95,14.64,MEDIUM
2025-09-10 00:00:00,0,10,9,2,0,19.1,59.4,3,1,6.52,9.95,MEDIUM
2025-09-10 01:00:00,1,10,9,2,0,19.5,58.0,3,3,4.51,6.52,LOW
2025-09-10 02:00:00,2,10,9,2,0,24.6,59.2,3,2,3.16,4.51,LOW
2025-09-10 03:00:00,3,10,9,2,0,23.6,58.1,2,3,2.85,3.16,LOW
2025-09-10 04:00:00,4,10,9,2,0,20.3,68.0,3,1,1.72,2.85,LOW
2025-09-10 05:00:00,5,10,9,2,0,23.8,61.0,4,3,2.95,1.72,LOW
2025-09-10 06:00:00,6,10,9,2,0,23.3,61.4,4,0,3.12,2.95,LOW
2025-09-10 07:00:00,7,10,9,2,0,27.3,64.1,4,5,6.34,3.12,MEDIUM
2025-09-10 08:00:00,8,10,9,2,0,24.9,55.7,5,3,8.07,6.34,MEDIUM
2025-09-10 09:00:00,9,10,9,2,0,28.6,49.0,3,2,8.15,8.07,MEDIUM
2025-09-10 10:00:00,10,10,9,2,0,33.9,61.7,2,1,8.19,8.15,MEDIUM
2025-09-10 11:00:00,11,10,9,2,0,30.0,56.8,1,1,6.24,8.19,MEDIUM
2025-09-10 12:00:00,12,10,9,2,0,29.7,57.0,1,3,7.47,6.24,MEDIUM
2025-09-10 13:00:00,13,10,9,2,0,32.1,51.4,2,0,6.34,7.47,MEDIUM
2025-09-10 14:00:00,14,10,9,2,0,29.9,52.3,1,2,6.23,6.34,MEDIUM
2025-09-10 15:00:00,15,10,9,2,0,37.0,58.3,1,1,7.25,6.23,MEDIUM
2025-09-10 16:00:00,16,10,9,2,0,31.3,61.4,1,1,5.52,7.25,LOW
2025-09-10 17:00:00,17,10,9,2,0,29.6,60.9,1,9,14.16,5.52,HIGH
2025-09-10 18:00:00,18,10,9,2,0,27.4,61.8,4,3,13.49,14.16,HIGH
2025-09-10 19:00:00,19,10,9,2,0,31.2,58.9,6,1,13.65,13.49,HIGH
2025-09-10 20:00:00,20,10,9,2,0,29.5,57.0,5,6,17.25,13.65,HIGH
2025-09-10 21:00:00,21,10,9,2,0,24.8,57.0,7,4,18.03,17.25,HIGH
2025-09-10 22:00:00,22,10,9,2,0,26.1,64.8,5,4,12.44,18.03,HIGH
2025-09-10 23:00:00,23,10,9,2,0,19.7,57.9,3,1,7.91,12.44,MEDIUM
2025-09-11 00:00:00,0,11,9,3,0,22.9,61.1,4,3,7.04,7.91,MEDIUM
2025-09-11 01:00:00,1,11,9,3,0,22.8,54.1,3,2,4.73,7.04,LOW
2025-09-11 02:00:00,2,11,9,3,0,25.4,53.9,2,3,3.45,4.73,LOW
2025-09-11 03:00:00,3,11,9,3,0,19.1,58.9,3,2,2.66,3.45,LOW
2025-09-11 04:00:00,4,11,9,3,0,18.0,56.0,2,2,2.94,2.66,LOW
2025-09-11 05:00:00,5,11,9,3,0,19.4,65.0,2,3,3.4,2.94,LOW
2025-09-11 06:00:00,6,11,9,3,0,19.1,52.3,4,2,4.21,3.4,LOW
2025-09-11 07:00:00,7,11,9,3,0,26.8,57.9,5,1,5.2,4.21,LOW
2025-09-11 08:00:00,8,11,9,3,0,28.6,57.4,5,5,10.48,5.2,MEDIUM
2025-09-11 09:00:00,9,11,9,3,0,26.8,46.4,1,1,6.85,10.48,MEDIUM
2025-09-11 10:00:00,10,11,9,3,0,30.3,53.2,1,1,5.78,6.85,LOW
2025-09-11 11:00:00,11,11,9,3,0,28.8,58.0,1,3,6.9,5.78,MEDIUM
2025-09-11 12:00:00,12,11,9,3,0,29.3,58.9,6,0,7.92,6.9,MEDIUM
2025-09-11 13:00:00,13,11,9,3,0,29.5,55.0,2,2,7.35,7.92,MEDIUM
2025-09-11 14:00:00,14,11,9,3,0,30.1,60.0,3,3,8.88,7.35,MEDIUM
2025-09-11 15:00:00,15,11,9,3,0,27.1,56.5,2,1,6.68,8.88,MEDIUM
2025-09-11 16:00:00,16,11,9,3,0,31.5,55.5,1,3,7.35,6.68,MEDIUM
2025-09-11 17:00:00,17,11,9,3,0,30.2,57.4,3,5,12.18,7.35,HIGH
2025-09-11 18:00:00,18,11,9,3,0,31.4,61.0,4,2,12.26,12.18,HIGH
2025-09-11 19:00:00,19,11,9,3,0,28.7,52.5,4,5,15.18,12.26,HIGH
2025-09-11 20:00:00,20,11,9,3,0,26.9,54.3,7,7,19.79,15.18,HIGH
2025-09-11 21:00:00,21,11,9,3,0,23.8,54.5,5,3,15.65,19.79,HIGH
2025-09-11 22:00:00,22,11,9,3,0,24.9,56.0,6,5,12.73,15.65,HIGH
2025-09-11 23:00:00,23,11,9,3,0,25.3,66.4,3,1,7.98,12.73,MEDIUM
2025-09-12 00:00:00,0,12,9,4,0,19.6,63.6,2,3,6.05,7.98,LOW
2025-09-12 01:00:00,1,12,9,4,0,21.9,52.5,5,3,5.48,6.05,LOW
2025-09-12 02:00:00,2,12,9,4,0,21.8,55.7,3,2,3.61,5.48,LOW
2025-09-12 03:00:00,3,12,9,4,0,19.2,62.6,3,2,2.8,3.61,LOW
2025-09-12 04:00:00,4,12,9,4,0,19.7,54.7,4,2,2.62,2.8,LOW
2025-09-12 05:00:00,5,12,9,4,0,22.2,54.8,5,2,3.35,2.62,LOW
2025-09-12 06:00:00,6,12,9,4,0,19.6,68.2,4,1,4.64,3.35,LOW
2025-09-12 07:00:00,7,12,9,4,0,24.4,54.6,4,3,5.45,4.64,LOW
2025-09-12 08:00:00,8,12,9,4,0,22.5,64.7,4,3,7.75,5.45,MEDIUM
2025-09-12 09:00:00,9,12,9,4,0,28.7,64.1,1,1,6.04,7.75,LOW
2025-09-12 10:00:00,10,12,9,4,0,33.1,50.4,1,3,7.17,6.04,MEDIUM
2025-09-12 11:00:00,11,12,9,4,0,26.3,52.1,4,2,7.9,7.17,MEDIUM
2025-09-12 12:00:00,12,12,9,4,0,30.9,54.0,3,1,7.04,7.9,MEDIUM
2025-09-12 13:00:00,13,12,9,4,0,28.5,50.1,3,4,9.01,7.04,MEDIUM
2025-09-12 14:00:00,14,12,9,4,0,33.4,55.4,5,5,12.33,9.01,HIGH
2025-09-12 15:00:00,15,12,9,4,0,27.8,55.6,6,2,11.39,12.33,HIGH
2025-09-12 16:00:00,16,12,9,4,0,32.0,57.4,2,2,9.48,11.39,MEDIUM
2025-09-12 17:00:00,17,12,9,4,0,28.1,65.1,2,7,14.8,9.48,HIGH
2025-09-12 18:00:00,18,12,9,4,0,29.0,61.3,4,3,14.25,14.8,HIGH
2025-09-12 19:00:00,19,12,9,4,0,25.9,60.6,4,4,14.03,14.25,HIGH
2025-09-12 20:00:00,20,12,9,4,0,29.3,44.5,6,3,15.45,14.03,HIGH
2025-09-12 21:00:00,21,12,9,4,0,23.9,61.1,6,6,17.35,15.45,HIGH
2025-09-12 22:00:00,22,12,9,4,0,26.1,67.9,5,4,13.03,17.35,HIGH
2025-09-12 23:00:00,23,12,9,4,0,22.6,40.9,3,0,7.09,13.03,MEDIUM
2025-09-13 00:00:00,0,13,9,5,1,22.2,63.3,3,5,8.9,7.09,MEDIUM
2025-09-13 01:00:00,1,13,9,5,1,22.0,58.2,2,2,5.68,8.9,LOW
2025-09-13 02:00:00,2,13,9,5,1,19.3,55.2,2,2,3.95,5.68,LOW
2025-09-13 03:00:00,3,13,9,5,1,21.5,64.2,3,4,3.98,3.95,LOW
2025-09-13 04:00:00,4,13,9,5,1,25.0,68.3,3,0,2.65,3.98,LOW
2025-09-13 05:00:00,5,13,9,5,1,19.7,64.8,5,3,3.53,2.65,LOW
2025-09-13 06:00:00,6,13,9,5,1,25.4,55.6,4,5,7.3,3.53,MEDIUM
2025-09-13 07:00:00,7,13,9,5,1,27.2,51.5,4,2,7.11,7.3,MEDIUM
2025-09-13 08:00:00,8,13,9,5,1,22.7,59.8,4,5,10.96,7.11,MEDIUM
2025-09-13 09:00:00,9,13,9,5,1,22.4,64.3,7,4,14.08,10.96,HIGH
2025-09-13 10:00:00,10,13,9,5,1,28.0,54.5,5,6,16.22,14.08,HIGH
2025-09-13 11:00:00,11,13,9,5,1,27.1,55.4,5,2,13.76,16.22,HIGH
2025-09-13 12:00:00,12,13,9,5,1,34.2,71.3,7,4,16.31,13.76,HIGH
2025-09-13 13:00:00,13,13,9,5,1,30.4,62.3,4,4,15.28,16.31,HIGH
2025-09-13 14:00:00,14,13,9,5,1,28.8,63.4,6,2,13.94,15.28,HIGH
2025-09-13 15:00:00,15,13,9,5,1,28.1,48.0,5,3,12.94,13.94,HIGH
2025-09-13 16:00:00,16,13,9,5,1,33.6,50.3,6,5,16.35,12.94,HIGH
2025-09-13 17:00:00,17,13,9,5,1,28.9,56.9,4,3,16.34,16.35,HIGH
2025-09-13 18:00:00,18,13,9,5,1,29.6,50.2,6,11,26.45,16.34,HIGH
2025-09-13 19:00:00,19,13,9,5,1,30.9,65.2,6,6,26.26,26.45,HIGH
2025-09-13 20:00:00,20,13,9,5,1,26.1,66.0,6,6,24.97,26.26,HIGH
2025-09-13 21:00:00,21,13,9,5,1,25.9,54.4,6,6,24.58,24.97,HIGH
2025-09-13 22:00:00,22,13,9,5,1,24.7,68.8,5,4,16.86,24.58,HIGH
2025-09-13 23:00:00,23,13,9,5,1,25.2,57.9,4,3,12.2,16.86,HIGH
2025-09-14 00:00:00,0,14,9,6,1,23.9,74.0,2,2,8.52,12.2,MEDIUM
2025-09-14 01:00:00,1,14,9,6,1,21.1,60.4,2,1,5.26,8.52,LOW
2025-09-14 02:00:00,2,14,9,6,1,21.3,62.9,2,4,4.3,5.26,LOW
2025-09-14 03:00:00,3,14,9,6,1,20.1,68.4,4,3,3.32,4.3,LOW
2025-09-14 04:00:00,4,14,9,6,1,17.5,68.7,2,1,2.8,3.32,LOW
2025-09-14 05:00:00,5,14,9,6,1,22.3,62.1,3,8,4.61,2.8,LOW
2025-09-14 06:00:00,6,14,9,6,1,27.2,56.3,3,1,5.0,4.61,LOW
2025-09-14 07:00:00,7,14,9,6,1,21.3,62.6,5,2,5.78,5.0,LOW
2025-09-14 08:00:00,8,14,9,6,1,22.8,54.0,4,5,9.91,5.78,MEDIUM
2025-09-14 09:00:00,9,14,9,6,1,23.8,59.4,4,3,10.42,9.91,MEDIUM
2025-09-14 10:00:00,10,14,9,6,1,29.1,49.7,5,0,9.16,10.42,MEDIUM
2025-09-14 11:00:00,11,14,9,6,1,29.6,45.5,5,4,11.87,9.16,HIGH
2025-09-14 12:00:00,12,14,9,6,1,29.1,56.7,5,5,14.01,11.87,HIGH
2025-09-14 13:00:00,13,14,9,6,1,28.0,64.4,5,1,12.03,14.01,HIGH
2025-09-14 14:00:00,14,14,9,6,1,31.1,61.1,5,4,13.89,12.03,HIGH
2025-09-14 15:00:00,15,14,9,6,1,27.1,56.7,6,3,13.77,13.89,HIGH
2025-09-14 16:00:00,16,14,9,6,1,31.2,66.0,4,3,13.06,13.77,HIGH
2025-09-14 17:00:00,17,14,9,6,1,32.5,51.6,4,3,14.88,13.06,HIGH
2025-09-14 18:00:00,18,14,9,6,1,26.4,45.9,4,2,13.51,14.88,HIGH
2025-09-14 19:00:00,19,14,9,6,1,24.7,45.0,4,2,13.02,13.51,HIGH
2025-09-14 20:00:00,20,14,9,6,1,31.2,48.4,4,8,20.73,13.02,HIGH
2025-09-14 21:00:00,21,14,9,6,1,24.5,63.1,4,5,18.68,20.73,HIGH
2025-09-14 22:00:00,22,14,9,6,1,27.5,53.2,4,2,12.68,18.68,HIGH
2025-09-14 23:00:00,23,14,9,6,1,23.1,61.5,2,2,8.32,12.68,MEDIUM
2025-09-15 00:00:00,0,15,9,0,0,22.1,69.0,2,1,5.52,8.32,LOW
2025-09-15 01:00:00,1,15,9,0,0,22.8,52.3,2,2,3.8,5.52,LOW
2025-09-15 02:00:00,2,15,9,0,0,19.0,63.3,3,2,2.5,3.8,LOW
2025-09-15 03:00:00,3,15,9,0,0,21.3,62.7,2,2,2.27,2.5,LOW
2025-09-15 04:00:00,4,15,9,0,0,20.2,54.8,2,2,2.29,2.27,LOW
2025-09-15 05:00:00,5,15,9,0,0,18.4,68.8,4,3,2.96,2.29,LOW
2025-09-15 06:00:00,6,15,9,0,0,23.3,57.0,3,3,4.55,2.96,LOW
2025-09-15 07:00:00,7,15,9,0,0,22.8,56.6,7,3,7.36,4.55,MEDIUM
2025-09-15 08:00:00,8,15,9,0,0,24.3,70.9,4,2,7.82,7.36,MEDIUM
2025-09-15 09:00:00,9,15,9,0,0,23.0,61.9,4,4,9.53,7.82,MEDIUM
2025-09-15 10:00:00,10,15,9,0,0,31.3,61.0,1,2,7.88,9.53,MEDIUM
2025-09-15 11:00:00,11,15,9,0,0,30.7,63.8,2,1,5.99,7.88,LOW
2025-09-15 12:00:00,12,15,9,0,0,31.9,51.3,2,1,6.11,5.99,LOW
2025-09-15 13:00:00,13,15,9,0,0,29.6,63.7,1,1,5.34,6.11,LOW
2025-09-15 14:00:00,14,15,9,0,0,26.5,54.4,3,1,5.59,5.34,LOW
2025-09-15 15:00:00,15,15,9,0,0,35.9,50.4,3,2,8.01,5.59,MEDIUM
2025-09-15 16:00:00,16,15,9,0,0,30.7,54.1,1,3,8.02,8.01,MEDIUM
2025-09-15 17:00:00,17,15,9,0,0,28.5,52.9,1,3,9.17,8.02,MEDIUM
2025-09-15 18:00:00,18,15,9,0,0,30.6,60.7,5,3,12.48,9.17,HIGH
2025-09-15 19:00:00,19,15,9,0,0,31.4,57.0,4,4,14.64,12.48,HIGH
2025-09-15 20:00:00,20,15,9,0,0,27.2,54.2,5,7,19.19,14.64,HIGH
2025-09-15 21:00:00,21,15,9,0,0,29.2,60.4,4,3,15.68,19.19,HIGH
2025-09-15 22:00:00,22,15,9,0,0,27.4,55.4,5,5,12.57,15.68,HIGH
2025-09-15 23:00:00,23,15,9,0,0,20.8,57.7,4,2,7.98,12.57,MEDIUM
2025-09-16 00:00:00,0,16,9,1,0,20.8,60.0,3,0,5.02,7.98,LOW
2025-09-16 01:00:00,1,16,9,1,0,24.1,61.1,2,2,3.48,5.02,LOW
2025-09-16 02:00:00,2,16,9,1,0,14.4,64.6,3,0,1.95,3.48,LOW
2025-09-16 03:00:00,3,16,9,1,0,20.6,57.6,2,5,3.04,1.95,LOW
2025-09-16 04:00:00,4,16,9,1,0,17.6,66.0,2,3,2.65,3.04,LOW
2025-09-16 05:00:00,5,16,9,1,0,20.5,58.5,2,1,2.45,2.65,LOW
2025-09-16 06:00:00,6,16,9,1,0,21.7,55.4,3,4,5.08,2.45,LOW
2025-09-16 07:00:00,7,16,9,1,0,22.6,50.2,4,3,5.75,5.08,LOW
2025-09-16 08:00:00,8,16,9,1,0,23.3,64.6,7,2,8.45,5.75,MEDIUM
2025-09-16 09:00:00,9,16,9,1,0,23.3,58.8,1,2,6.85,8.45,MEDIUM
2025-09-16 10:00:00,10,16,9,1,0,33.0,56.1,4,0,7.1,6.85,MEDIUM
2025-09-16 11:00:00,11,16,9,1,0,33.2,61.0,1,1,5.89,7.1,LOW
2025-09-16 12:00:00,12,16,9,1,0,26.6,54.5,2,2,5.73,5.89,LOW
2025-09-16 13:00:00,13,16,9,1,0,34.3,46.0,3,0,6.21,5.73,LOW
2025-09-16 14:00:00,14,16,9,1,0,29.8,56.5,3,2,7.75,6.21,MEDIUM
2025-09-16 15:00:00,15,16,9,1,0,31.3,57.3,3,1,7.32,7.75,MEDIUM
2025-09-16 16:00:00,16,16,9,1,0,30.7,54.1,2,0,5.47,7.32,LOW
2025-09-16 17:00:00,17,16,9,1,0,28.7,65.4,1,8,12.88,5.47,HIGH
2025-09-16 18:00:00,18,16,9,1,0,32.0,40.3,6,4,16.63,12.88,HIGH
2025-09-16 19:00:00,19,16,9,1,0,28.8,63.2,6,3,16.69,16.63,HIGH
2025-09-16 20:00:00,20,16,9,1,0,26.1,62.3,5,5,16.7,16.69,HIGH
2025-09-16 21:00:00,21,16,9,1,0,22.7,61.7,5,3,14.92,16.7,HIGH
2025-09-16 22:00:00,22,16,9,1,0,22.5,39.0,4,2,9.89,14.92,MEDIUM
2025-09-16 23:00:00,23,16,9,1,0,19.4,67.9,5,2,7.83,9.89,MEDIUM
2025-09-17 00:00:00,0,17,9,2,0,22.5,52.8,3,2,6.59,7.83,MEDIUM
2025-09-17 01:00:00,1,17,9,2,0,18.7,57.5,4,4,5.35,6.59,LOW
2025-09-17 02:00:00,2,17,9,2,0,20.5,58.8,2,1,2.99,5.35,LOW
2025-09-17 03:00:00,3,17,9,2,0,24.4,60.7,5,0,2.77,2.99,LOW
2025-09-17 04:00:00,4,17,9,2,0,24.2,62.2,3,0,1.4,2.77,LOW
2025-09-17 05:00:00,5,17,9,2,0,21.6,64.7,3,6,3.08,1.4,LOW
2025-09-17 06:00:00,6,17,9,2,0,22.2,64.0,2,2,3.49,3.08,LOW
2025-09-17 07:00:00,7,17,9,2,0,28.2,58.2,5,1,5.21,3.49,LOW
2025-09-17 08:00:00,8,17,9,2,0,26.0,60.1,5,0,6.94,5.21,MEDIUM
2025-09-17 09:00:00,9,17,9,2,0,25.2,51.4,2,2,6.28,6.94,MEDIUM
2025-09-17 10:00:00,10,17,9,2,0,23.7,54.0,2,2,6.41,6.28,MEDIUM
2025-09-17 11:00:00,11,17,9,2,0,29.5,61.6,1,6,9.87,6.41,MEDIUM
2025-09-17 12:00:00,12,17,9,2,0,31.6,60.4,2,1,7.46,9.87,MEDIUM
2025-09-17 13:00:00,13,17,9,2,0,28.8,60.8,3,2,8.23,7.46,MEDIUM
2025-09-17 14:00:00,14,17,9,2,0,31.6,52.3,1,2,7.15,8.23,MEDIUM
2025-09-17 15:00:00,15,17,9,2,0,30.1,61.4,3,1,7.04,7.15,MEDIUM
2025-09-17 16:00:00,16,17,9,2,0,30.4,48.9,3,3,9.41,7.04,MEDIUM
2025-09-17 17:00:00,17,17,9,2,0,24.1,64.8,1,3,8.74,9.41,MEDIUM
2025-09-17 18:00:00,18,17,9,2,0,29.0,54.8,5,6,15.11,8.74,HIGH
2025-09-17 19:00:00,19,17,9,2,0,30.9,65.7,6,3,16.43,15.11,HIGH
2025-09-17 20:00:00,20,17,9,2,0,25.7,48.6,5,8,19.64,16.43,HIGH
2025-09-17 21:00:00,21,17,9,2,0,26.1,68.1,4,3,16.24,19.64,HIGH
2025-09-17 22:00:00,22,17,9,2,0,22.8,56.7,6,6,13.3,16.24,HIGH
2025-09-17 23:00:00,23,17,9,2,0,24.4,56.0,2,1,6.84,13.3,MEDIUM
2025-09-18 00:00:00,0,18,9,3,0,21.9,60.4,4,2,6.03,6.84,LOW
2025-09-18 01:00:00,1,18,9,3,0,19.3,56.1,5,4,4.98,6.03,LOW
2025-09-18 02:00:00,2,18,9,3,0,24.5,57.8,5,2,4.29,4.98,LOW
2025-09-18 03:00:00,3,18,9,3,0,23.3,54.3,2,0,2.1,4.29,LOW
2025-09-18 04:00:00,4,18,9,3,0,19.7,55.9,2,0,1.64,2.1,LOW
2025-09-18 05:00:00,5,18,9,3,0,22.9,61.8,2,2,1.68,1.64,LOW
2025-09-18 06:00:00,6,18,9,3,0,23.8,53.1,2,1,2.4,1.68,LOW
2025-09-18 07:00:00,7,18,9,3,0,25.1,53.4,5,0,3.93,2.4,LOW
2025-09-18 08:00:00,8,18,9,3,0,20.5,51.6,6,1,6.73,3.93,MEDIUM
2025-09-18 09:00:00,9,18,9,3,0,28.5,53.6,1,4,8.26,6.73,MEDIUM
2025-09-18 10:00:00,10,18,9,3,0,25.9,65.5,2,2,6.83,8.26,MEDIUM
2025-09-18 11:00:00,11,18,9,3,0,27.6,51.9,2,3,7.6,6.83,MEDIUM
2025-09-18 12:00:00,12,18,9,3,0,36.1,49.2,3,4,10.66,7.6,MEDIUM
2025-09-18 13:00:00,13,18,9,3,0,31.1,56.7,2,5,11.79,10.66,HIGH
2025-09-18 14:00:00,14,18,9,3,0,29.9,53.8,3,2,9.77,11.79,MEDIUM
2025-09-18 15:00:00,15,18,9,3,0,25.5,71.2,4,1,7.63,9.77,MEDIUM
2025-09-18 16:00:00,16,18,9,3,0,34.3,53.3,2,2,8.43,7.63,MEDIUM
2025-09-18 17:00:00,17,18,9,3,0,27.0,59.2,1,3,9.18,8.43,MEDIUM
2025-09-18 18:00:00,18,18,9,3,0,27.0,62.9,5,7,16.27,9.18,HIGH
2025-09-18 19:00:00,19,18,9,3,0,27.7,62.5,6,6,18.83,16.27,HIGH
2025-09-18 20:00:00,20,18,9,3,0,30.8,57.1,4,3,17.18,18.83,HIGH
2025-09-18 21:00:00,21,18,9,3,0,27.9,55.9,4,7,19.23,17.18,HIGH
2025-09-18 22:00:00,22,18,9,3,0,24.3,70.4,6,5,14.16,19.23,HIGH
2025-09-18 23:00:00,23,18,9,3,0,24.3,57.7,2,3,9.61,14.16,MEDIUM
2025-09-19 00:00:00,0,19,9,4,0,21.0,56.9,2,4,8.3,9.61,MEDIUM
2025-09-19 01:00:00,1,19,9,4,0,22.0,55.3,2,2,4.36,8.3,LOW
2025-09-19 02:00:00,2,19,9,4,0,21.4,49.1,4,0,3.17,4.36,LOW
2025-09-19 03:00:00,3,19,9,4,0,23.4,63.6,3,0,2.68,3.17,LOW
2025-09-19 04:00:00,4,19,9,4,0,23.6,44.5,3,0,1.97,2.68,LOW
2025-09-19 05:00:00,5,19,9,4,0,22.9,58.8,2,2,2.12,1.97,LOW
2025-09-19 06:00:00,6,19,9,4,0,21.6,58.1,3,2,3.57,2.12,LOW
2025-09-19 07:00:00,7,19,9,4,0,25.4,71.3,4,2,5.45,3.57,LOW
2025-09-19 08:00:00,8,19,9,4,0,24.5,47.2,5,2,6.94,5.45,MEDIUM
2025-09-19 09:00:00,9,19,9,4,0,23.3,53.3,2,2,6.11,6.94,LOW
2025-09-19 10:00:00,10,19,9,4,0,26.3,56.7,1,3,7.15,6.11,MEDIUM
2025-09-19 11:00:00,11,19,9,4,0,28.7,55.3,2,3,7.6,7.15,MEDIUM
2025-09-19 12:00:00,12,19,9,4,0,31.8,52.0,3,3,8.54,7.6,MEDIUM
2025-09-19 13:00:00,13,19,9,4,0,29.9,55.6,3,2,8.41,8.54,MEDIUM
2025-09-19 14:00:00,14,19,9,4,0,27.8,49.3,3,0,6.83,8.41,MEDIUM
2025-09-19 15:00:00,15,19,9,4,0,31.1,57.7,1,1,5.89,6.83,LOW
2025-09-19 16:00:00,16,19,9,4,0,31.1,41.6,1,0,4.53,5.89,LOW
2025-09-19 17:00:00,17,19,9,4,0,30.8,55.5,1,6,11.0,4.53,MEDIUM
2025-09-19 18:00:00,18,19,9,4,0,31.8,51.7,4,4,15.0,11.0,HIGH
2025-09-19 19:00:00,19,19,9,4,0,31.0,61.7,5,4,16.42,15.0,HIGH
2025-09-19 20:00:00,20,19,9,4,0,25.8,68.2,4,1,13.03,16.42,HIGH
2025-09-19 21:00:00,21,19,9,4,0,24.5,56.2,4,1,10.6,13.03,MEDIUM
2025-09-19 22:00:00,22,19,9,4,0,22.1,67.5,5,4,9.14,10.6,MEDIUM
2025-09-19 23:00:00,23,19,9,4,0,25.2,56.0,3,2,7.5,9.14,MEDIUM
2025-09-20 00:00:00,0,20,9,5,1,26.1,51.8,3,4,7.92,7.5,MEDIUM
2025-09-20 01:00:00,1,20,9,5,1,20.9,70.1,2,5,5.45,7.92,LOW
2025-09-20 02:00:00,2,20,9,5,1,20.6,62.9,2,2,3.92,5.45,LOW
2025-09-20 03:00:00,3,20,9,5,1,24.7,58.1,2,4,3.71,3.92,LOW
2025-09-20 04:00:00,4,20,9,5,1,22.4,63.2,3,2,3.92,3.71,LOW
2025-09-20 05:00:00,5,20,9,5,1,22.8,60.5,2,4,3.96,3.92,LOW
2025-09-20 06:00:00,6,20,9,5,1,19.5,59.8,3,6,7.3,3.96,MEDIUM
2025-09-20 07:00:00,7,20,9,5,1,25.2,50.0,5,7,11.08,7.3,HIGH
2025-09-20 08:00:00,8,20,9,5,1,22.4,57.4,8,8,17.9,11.08,HIGH
2025-09-20 09:00:00,9,20,9,5,1,23.2,62.5,5,3,14.58,17.9,HIGH
2025-09-20 10:00:00,10,20,9,5,1,26.4,56.7,5,3,12.57,14.58,HIGH
2025-09-20 11:00:00,11,20,9,5,1,27.0,62.6,4,4,12.46,12.57,HIGH
2025-09-20 12:00:00,12,20,9,5,1,29.0,58.7,5,5,14.81,12.46,HIGH
2025-09-20 13:00:00,13,20,9,5,1,26.7,52.1,6,3,13.78,14.81,HIGH
2025-09-20 14:00:00,14,20,9,5,1,33.2,46.8,5,1,12.26,13.78,HIGH
2025-09-20 15:00:00,15,20,9,5,1,33.8,53.5,8,3,16.0,12.26,HIGH
2025-09-20 16:00:00,16,20,9,5,1,26.0,54.5,5,4,15.06,16.0,HIGH
2025-09-20 17:00:00,17,20,9,5,1,32.8,56.9,5,6,21.2,15.06,HIGH
2025-09-20 18:00:00,18,20,9,5,1,27.5,52.7,6,6,23.17,21.2,HIGH
2025-09-20 19:00:00,19,20,9,5,1,30.6,52.1,4,9,26.37,23.17,HIGH
2025-09-20 20:00:00,20,20,9,5,1,27.1,63.5,4,4,21.8,26.37,HIGH
2025-09-20 21:00:00,21,20,9,5,1,26.1,58.4,5,3,18.71,21.8,HIGH
2025-09-20 22:00:00,22,20,9,5,1,24.2,54.1,4,4,12.94,18.71,HIGH
2025-09-20 23:00:00,23,20,9,5,1,26.5,57.5,3,0,8.47,12.94,MEDIUM
2025-09-21 00:00:00,0,21,9,6,1,19.4,68.5,3,4,8.26,8.47,MEDIUM
2025-09-21 01:00:00,1,21,9,6,1,23.2,60.5,3,1,5.32,8.26,LOW
2025-09-21 02:00:00,2,21,9,6,1,23.9,62.0,2,5,4.9,5.32,LOW
2025-09-21 03:00:00,3,21,9,6,1,22.8,54.4,2,2,3.91,4.9,LOW
2025-09-21 04:00:00,4,21,9,6,1,27.0,63.4,3,3,4.15,3.91,LOW
2025-09-21 05:00:00,5,21,9,6,1,20.3,73.8,3,5,4.47,4.15,LOW
2025-09-21 06:00:00,6,21,9,6,1,24.9,53.3,3,0,3.75,4.47,LOW
2025-09-21 07:00:00,7,21,9,6,1,23.2,51.6,6,4,7.77,3.75,MEDIUM
2025-09-21 08:00:00,8,21,9,6,1,27.8,57.9,5,3,10.64,7.77,MEDIUM
2025-09-21 09:00:00,9,21,9,6,1,26.0,62.9,5,5,13.37,10.64,HIGH
2025-09-21 10:00:00,10,21,9,6,1,26.3,56.9,5,3,12.69,13.37,HIGH
2025-09-21 11:00:00,11,21,9,6,1,31.8,49.0,4,4,13.69,12.69,HIGH
2025-09-21 12:00:00,12,21,9,6,1,28.3,56.0,4,2,11.26,13.69,HIGH
2025-09-21 13:00:00,13,21,9,6,1,26.8,60.9,4,4,12.41,11.26,HIGH
2025-09-21 14:00:00,14,21,9,6,1,29.5,53.8,4,0,9.4,12.41,MEDIUM
2025-09-21 15:00:00,15,21,9,6,1,32.5,58.6,7,3,13.53,9.4,HIGH
2025-09-21 16:00:00,16,21,9,6,1,34.3,61.3,5,3,14.34,13.53,HIGH
2025-09-21 17:00:00,17,21,9,6,1,30.6,57.2,5,3,16.47,14.34,HIGH
2025-09-21 18:00:00,18,21,9,6,1,32.8,54.7,5,7,22.62,16.47,HIGH
2025-09-21 19:00:00,19,21,9,6,1,25.1,62.9,8,1,19.2,22.62,HIGH
2025-09-21 20:00:00,20,21,9,6,1,26.2,52.4,4,2,15.2,19.2,HIGH
2025-09-21 21:00:00,21,21,9,6,1,25.3,52.2,4,3,14.65,15.2,HIGH
2025-09-21 22:00:00,22,21,9,6,1,24.4,56.6,4,6,12.84,14.65,HIGH
2025-09-21 23:00:00,23,21,9,6,1,23.7,55.6,2,3,8.72,12.84,MEDIUM
2025-09-22 00:00:00,0,22,9,0,0,24.2,53.5,3,4,7.42,8.72,MEDIUM
2025-09-22 01:00:00,1,22,9,0,0,20.6,70.7,3,4,5.18,7.42,LOW
2025-09-22 02:00:00,2,22,9,0,0,21.5,72.4,3,1,3.53,5.18,LOW
2025-09-22 03:00:00,3,22,9,0,0,20.9,57.5,4,4,3.44,3.53,LOW
2025-09-22 04:00:00,4,22,9,0,0,18.9,61.0,3,3,3.58,3.44,LOW
2025-09-22 05:00:00,5,22,9,0,0,21.4,58.3,4,3,3.32,3.58,LOW
2025-09-22 06:00:00,6,22,9,0,0,22.1,65.8,2,0,2.6,3.32,LOW
2025-09-22 07:00:00,7,22,9,0,0,23.1,66.6,4,0,3.35,2.6,LOW
2025-09-22 08:00:00,8,22,9,0,0,24.8,47.4,6,5,8.84,3.35,MEDIUM
2025-09-22 09:00:00,9,22,9,0,0,26.2,60.4,2,2,7.88,8.84,MEDIUM
2025-09-22 10:00:00,10,22,9,0,0,26.2,49.7,1,3,6.87,7.88,MEDIUM
2025-09-22 11:00:00,11,22,9,0,0,31.7,65.9,3,2,8.43,6.87,MEDIUM
2025-09-22 12:00:00,12,22,9,0,0,26.6,60.0,3,0,6.46,8.43,MEDIUM
2025-09-22 13:00:00,13,22,9,0,0,28.5,51.7,1,4,7.06,6.46,MEDIUM
2025-09-22 14:00:00,14,22,9,0,0,37.8,51.4,2,3,9.16,7.06,MEDIUM
2025-09-22 15:00:00,15,22,9,0,0,28.4,54.9,1,1,6.26,9.16,MEDIUM
2025-09-22 16:00:00,16,22,9,0,0,27.4,60.2,3,3,8.36,6.26,MEDIUM
2025-09-22 17:00:00,17,22,9,0,0,32.2,61.4,2,2,9.54,8.36,MEDIUM
2025-09-22 18:00:00,18,22,9,0,0,24.3,51.4,4,3,10.22,9.54,MEDIUM
2025-09-22 19:00:00,19,22,9,0,0,27.9,67.9,5,7,17.3,10.22,HIGH
2025-09-22 20:00:00,20,22,9,0,0,32.7,64.6,4,7,20.43,17.3,HIGH
2025-09-22 21:00:00,21,22,9,0,0,22.1,53.9,4,4,16.91,20.43,HIGH
2025-09-22 22:00:00,22,22,9,0,0,19.8,60.5,5,4,12.27,16.91,HIGH
2025-09-22 23:00:00,23,22,9,0,0,19.8,70.3,2,2,7.33,12.27,MEDIUM
2025-09-23 00:00:00,0,23,9,1,0,24.7,65.5,2,1,5.61,7.33,LOW
2025-09-23 01:00:00,1,23,9,1,0,24.5,56.2,4,0,3.49,5.61,LOW
2025-09-23 02:00:00,2,23,9,1,0,19.9,64.9,4,2,3.7,3.49,LOW
2025-09-23 03:00:00,3,23,9,1,0,22.7,76.9,2,3,3.22,3.7,LOW
2025-09-23 04:00:00,4,23,9,1,0,24.6,58.8,4,1,2.74,3.22,LOW
2025-09-23 05:00:00,5,23,9,1,0,26.1,53.8,2,1,1.63,2.74,LOW
2025-09-23 06:00:00,6,23,9,1,0,21.8,60.3,2,1,2.16,1.63,LOW
2025-09-23 07:00:00,7,23,9,1,0,17.7,62.4,6,0,4.24,2.16,LOW
2025-09-23 08:00:00,8,23,9,1,0,22.7,55.8,4,1,5.59,4.24,LOW
2025-09-23 09:00:00,9,23,9,1,0,24.9,60.7,5,1,6.84,5.59,MEDIUM
2025-09-23 10:00:00,10,23,9,1,0,26.6,49.8,1,1,5.41,6.84,LOW
2025-09-23 11:00:00,11,23,9,1,0,28.0,52.8,2,4,7.71,5.41,MEDIUM
2025-09-23 12:00:00,12,23,9,1,0,32.3,59.6,2,0,6.11,7.71,LOW
2025-09-23 13:00:00,13,23,9,1,0,33.5,44.1,2,2,7.04,6.11,MEDIUM
2025-09-23 14:00:00,14,23,9,1,0,30.4,61.3,1,1,5.73,7.04,LOW
2025-09-23 15:00:00,15,23,9,1,0,33.7,42.4,4,2,8.37,5.73,MEDIUM
2025-09-23 16:00:00,16,23,9,1,0,31.7,44.9,1,3,8.0,8.37,MEDIUM
2025-09-23 17:00:00,17,23,9,1,0,30.5,52.8,1,3,9.24,8.0,MEDIUM
2025-09-23 18:00:00,18,23,9,1,0,31.8,57.0,6,4,14.86,9.24,HIGH
2025-09-23 19:00:00,19,23,9,1,0,28.7,64.5,4,6,17.22,14.86,HIGH
2025-09-23 20:00:00,20,23,9,1,0,32.4,55.4,4,2,14.42,17.22,HIGH
2025-09-23 21:00:00,21,23,9,1,0,22.4,57.6,8,5,17.72,14.42,HIGH
2025-09-23 22:00:00,22,23,9,1,0,23.4,62.1,6,8,15.28,17.72,HIGH
2025-09-23 23:00:00,23,23,9,1,0,23.2,53.5,6,1,9.47,15.28,MEDIUM
2025-09-24 00:00:00,0,24,9,2,0,23.6,59.4,2,2,6.87,9.47,MEDIUM
2025-09-24 01:00:00,1,24,9,2,0,24.8,50.9,2,1,4.47,6.87,LOW
2025-09-24 02:00:00,2,24,9,2,0,21.1,60.1,2,0,2.89,4.47,LOW
2025-09-24 03:00:00,3,24,9,2,0,17.4,60.3,3,3,3.14,2.89,LOW
2025-09-24 04:00:00,4,24,9,2,0,23.3,53.9,3,1,2.08,3.14,LOW
2025-09-24 05:00:00,5,24,9,2,0,23.6,59.6,4,3,2.97,2.08,LOW
2025-09-24 06:00:00,6,24,9,2,0,17.6,61.9,2,3,4.7,2.97,LOW
2025-09-24 07:00:00,7,24,9,2,0,23.5,65.7,5,1,4.65,4.7,LOW
2025-09-24 08:00:00,8,24,9,2,0,20.7,50.1,7,3,9.71,4.65,MEDIUM
2025-09-24 09:00:00,9,24,9,2,0,24.3,57.8,1,1,6.42,9.71,MEDIUM
2025-09-24 10:00:00,10,24,9,2,0,25.0,53.4,2,2,5.75,6.42,LOW
2025-09-24 11:00:00,11,24,9,2,0,30.5,61.0,1,1,4.97,5.75,LOW
2025-09-24 12:00:00,12,24,9,2,0,29.8,60.6,2,2,6.05,4.97,LOW
2025-09-24 13:00:00,13,24,9,2,0,27.1,60.2,1,2,5.69,6.05,LOW
2025-09-24 14:00:00,14,24,9,2,0,33.0,50.6,2,2,6.92,5.69,MEDIUM
2025-09-24 15:00:00,15,24,9,2,0,27.4,62.4,2,3,6.53,6.92,MEDIUM
2025-09-24 16:00:00,16,24,9,2,0,31.7,46.1,3,1,6.55,6.53,MEDIUM
2025-09-24 17:00:00,17,24,9,2,0,28.3,46.3,5,4,12.15,6.55,HIGH
2025-09-24 18:00:00,18,24,9,2,0,28.6,48.9,6,7,18.64,12.15,HIGH
2025-09-24 19:00:00,19,24,9,2,0,29.8,55.9,5,7,21.3,18.64,HIGH
2025-09-24 20:00:00,20,24,9,2,0,28.6,60.6,4,6,19.93,21.3,HIGH
2025-09-24 21:00:00,21,24,9,2,0,29.3,38.4,4,5,18.71,19.93,HIGH
2025-09-24 22:00:00,22,24,9,2,0,24.5,66.1,6,6,14.71,18.71,HIGH
2025-09-24 23:00:00,23,24,9,2,0,24.3,59.1,3,2,9.03,14.71,MEDIUM
2025-09-25 00:00:00,0,25,9,3,0,21.4,50.0,4,1,6.79,9.03,MEDIUM
2025-09-25 01:00:00,1,25,9,3,0,22.1,59.8,5,0,4.46,6.79,LOW
2025-09-25 02:00:00,2,25,9,3,0,22.3,65.6,3,2,4.22,4.46,LOW
2025-09-25 03:00:00,3,25,9,3,0,20.8,63.3,3,0,3.07,4.22,LOW
2025-09-25 04:00:00,4,25,9,3,0,16.7,67.9,2,0,1.51,3.07,LOW
2025-09-25 05:00:00,5,25,9,3,0,22.5,50.8,5,0,2.24,1.51,LOW
2025-09-25 06:00:00,6,25,9,3,0,23.4,56.2,2,0,1.6,2.24,LOW
2025-09-25 07:00:00,7,25,9,3,0,21.8,53.7,7,0,4.42,1.6,LOW
2025-09-25 08:00:00,8,25,9,3,0,21.5,69.7,4,0,4.6,4.42,LOW
2025-09-25 09:00:00,9,25,9,3,0,29.7,60.0,1,3,6.37,4.6,MEDIUM
2025-09-25 10:00:00,10,25,9,3,0,28.5,73.7,2,1,6.45,6.37,MEDIUM
2025-09-25 11:00:00,11,25,9,3,0,27.9,54.0,2,0,5.18,6.45,LOW
2025-09-25 12:00:00,12,25,9,3,0,26.7,53.0,2,4,7.69,5.18,MEDIUM
2025-09-25 13:00:00,13,25,9,3,0,28.3,55.8,4,0,6.56,7.69,MEDIUM
2025-09-25 14:00:00,14,25,9,3,0,34.1,62.6,1,2,6.72,6.56,MEDIUM
2025-09-25 15:00:00,15,25,9,3,0,31.3,53.3,2,3,8.04,6.72,MEDIUM
2025-09-25 16:00:00,16,25,9,3,0,29.5,56.9,2,1,7.0,8.04,MEDIUM
2025-09-25 17:00:00,17,25,9,3,0,31.6,55.9,2,0,6.64,7.0,MEDIUM
2025-09-25 18:00:00,18,25,9,3,0,27.5,57.2,6,5,14.38,6.64,HIGH
2025-09-25 19:00:00,19,25,9,3,0,32.3,51.2,4,6,18.01,14.38,HIGH
2025-09-25 20:00:00,20,25,9,3,0,30.7,54.9,5,5,18.73,18.01,HIGH
2025-09-25 21:00:00,21,25,9,3,0,24.8,57.0,5,3,15.83,18.73,HIGH
2025-09-25 22:00:00,22,25,9,3,0,23.1,58.7,4,3,10.59,15.83,MEDIUM
2025-09-25 23:00:00,23,25,9,3,0,17.0,66.9,4,2,8.15,10.59,MEDIUM
2025-09-26 00:00:00,0,26,9,4,0,18.8,71.0,2,1,5.27,8.15,LOW
2025-09-26 01:00:00,1,26,9,4,0,18.3,55.6,2,3,3.93,5.27,LOW
2025-09-26 02:00:00,2,26,9,4,0,21.5,57.0,2,0,2.88,3.93,LOW
2025-09-26 03:00:00,3,26,9,4,0,20.2,55.0,2,1,2.34,2.88,LOW
2025-09-26 04:00:00,4,26,9,4,0,17.8,62.0,3,1,2.15,2.34,LOW
2025-09-26 05:00:00,5,26,9,4,0,21.0,56.4,3,3,2.6,2.15,LOW
2025-09-26 06:00:00,6,26,9,4,0,23.7,60.0,2,2,3.88,2.6,LOW
2025-09-26 07:00:00,7,26,9,4,0,24.8,64.7,6,0,4.74,3.88,LOW
2025-09-26 08:00:00,8,26,9,4,0,20.0,44.8,6,3,8.55,4.74,MEDIUM
2025-09-26 09:00:00,9,26,9,4,0,25.7,60.7,3,1,6.77,8.55,MEDIUM
2025-09-26 10:00:00,10,26,9,4,0,23.8,55.7,1,2,5.08,6.77,LOW
2025-09-26 11:00:00,11,26,9,4,0,30.8,58.4,1,0,4.73,5.08,LOW
2025-09-26 12:00:00,12,26,9,4,0,31.5,50.0,3,1,6.54,4.73,MEDIUM
2025-09-26 13:00:00,13,26,9,4,0,28.1,63.9,1,2,5.72,6.54,LOW
2025-09-26 14:00:00,14,26,9,4,0,28.9,61.9,2,3,7.5,5.72,MEDIUM
2025-09-26 15:00:00,15,26,9,4,0,29.8,59.5,1,1,6.48,7.5,MEDIUM
2025-09-26 16:00:00,16,26,9,4,0,25.2,62.7,1,1,4.68,6.48,LOW
2025-09-26 17:00:00,17,26,9,4,0,31.2,51.0,1,5,9.93,4.68,MEDIUM
2025-09-26 18:00:00,18,26,9,4,0,28.9,52.7,6,3,14.19,9.93,HIGH
2025-09-26 19:00:00,19,26,9,4,0,30.9,60.2,5,7,19.65,14.19,HIGH
2025-09-26 20:00:00,20,26,9,4,0,24.5,53.6,5,8,21.12,19.65,HIGH
2025-09-26 21:00:00,21,26,9,4,0,24.5,66.9,5,6,19.8,21.12,HIGH
2025-09-26 22:00:00,22,26,9,4,0,20.9,57.7,4,6,14.21,19.8,HIGH
2025-09-26 23:00:00,23,26,9,4,0,21.0,62.6,3,0,8.0,14.21,MEDIUM
2025-09-27 00:00:00,0,27,9,5,1,19.5,72.8,3,1,6.28,8.0,MEDIUM
2025-09-27 01:00:00,1,27,9,5,1,24.2,54.1,2,1,3.41,6.28,LOW
2025-09-27 02:00:00,2,27,9,5,1,19.4,60.7,4,6,4.58,3.41,LOW
2025-09-27 03:00:00,3,27,9,5,1,21.3,65.8,2,1,2.42,4.58,LOW
2025-09-27 04:00:00,4,27,9,5,1,20.2,65.6,3,7,4.71,2.42,LOW
2025-09-27 05:00:00,5,27,9,5,1,18.5,58.6,3,2,3.75,4.71,LOW
2025-09-27 06:00:00,6,27,9,5,1,22.0,56.1,5,6,8.28,3.75,MEDIUM
2025-09-27 07:00:00,7,27,9,5,1,25.0,56.6,4,4,8.58,8.28,MEDIUM
2025-09-27 08:00:00,8,27,9,5,1,21.7,68.0,5,6,12.98,8.58,HIGH
2025-09-27 09:00:00,9,27,9,5,1,28.0,55.1,5,3,13.12,12.98,HIGH
2025-09-27 10:00:00,10,27,9,5,1,25.2,58.4,6,2,11.87,13.12,HIGH
2025-09-27 11:00:00,11,27,9,5,1,27.3,54.5,5,7,15.71,11.87,HIGH
2025-09-27 12:00:00,12,27,9,5,1,30.9,59.9,6,5,16.84,15.71,HIGH
2025-09-27 13:00:00,13,27,9,5,1,28.7,57.5,6,2,13.7,16.84,HIGH
2025-09-27 14:00:00,14,27,9,5,1,30.9,49.6,4,4,14.7,13.7,HIGH
2025-09-27 15:00:00,15,27,9,5,1,30.2,50.1,6,3,15.05,14.7,HIGH
2025-09-27 16:00:00,16,27,9,5,1,31.2,43.5,4,5,15.36,15.05,HIGH
2025-09-27 17:00:00,17,27,9,5,1,24.4,53.3,4,2,13.43,15.36,HIGH
2025-09-27 18:00:00,18,27,9,5,1,25.0,62.8,4,5,15.76,13.43,HIGH
2025-09-27 19:00:00,19,27,9,5,1,30.0,63.9,5,5,19.44,15.76,HIGH
2025-09-27 20:00:00,20,27,9,5,1,29.9,60.2,7,4,22.27,19.44,HIGH
2025-09-27 21:00:00,21,27,9,5,1,23.7,61.8,4,1,15.52,22.27,HIGH
2025-09-27 22:00:00,22,27,9,5,1,24.1,57.6,4,1,9.19,15.52,MEDIUM
2025-09-27 23:00:00,23,27,9,5,1,24.2,63.0,3,5,8.67,9.19,MEDIUM
2025-09-28 00:00:00,0,28,9,6,1,24.2,60.0,3,4,7.79,8.67,MEDIUM
2025-09-28 01:00:00,1,28,9,6,1,16.6,72.2,2,5,5.91,7.79,LOW
2025-09-28 02:00:00,2,28,9,6,1,19.0,59.8,3,3,4.6,5.91,LOW
2025-09-28 03:00:00,3,28,9,6,1,20.2,68.0,4,2,4.45,4.6,LOW
2025-09-28 04:00:00,4,28,9,6,1,22.9,64.1,4,5,4.44,4.45,LOW
2025-09-28 05:00:00,5,28,9,6,1,27.9,61.3,2,5,4.68,4.44,LOW
2025-09-28 06:00:00,6,28,9,6,1,21.9,47.2,3,5,6.23,4.68,MEDIUM
2025-09-28 07:00:00,7,28,9,6,1,20.0,65.6,4,5,7.98,6.23,MEDIUM
2025-09-28 08:00:00,8,28,9,6,1,25.7,57.0,4,3,9.18,7.98,MEDIUM
2025-09-28 09:00:00,9,28,9,6,1,29.3,53.6,5,6,13.47,9.18,HIGH
2025-09-28 10:00:00,10,28,9,6,1,27.6,48.1,8,2,14.46,13.47,HIGH
2025-09-28 11:00:00,11,28,9,6,1,26.2,57.5,5,1,11.28,14.46,HIGH
2025-09-28 12:00:00,12,28,9,6,1,31.9,55.4,5,6,15.69,11.28,HIGH
2025-09-28 13:00:00,13,28,9,6,1,32.0,47.4,5,4,15.34,15.69,HIGH
2025-09-28 14:00:00,14,28,9,6,1,28.3,47.8,5,5,16.31,15.34,HIGH
2025-09-28 15:00:00,15,28,9,6,1,32.0,58.1,4,2,13.3,16.31,HIGH
2025-09-28 16:00:00,16,28,9,6,1,33.3,59.9,5,2,13.57,13.3,HIGH
2025-09-28 17:00:00,17,28,9,6,1,33.3,55.8,4,2,15.03,13.57,HIGH
2025-09-28 18:00:00,18,28,9,6,1,29.4,63.1,5,4,17.7,15.03,HIGH
2025-09-28 19:00:00,19,28,9,6,1,27.6,56.4,4,2,15.28,17.7,HIGH
2025-09-28 20:00:00,20,28,9,6,1,30.4,55.5,5,2,15.24,15.28,HIGH
2025-09-28 21:00:00,21,28,9,6,1,23.0,53.3,5,0,11.13,15.24,HIGH
2025-09-28 22:00:00,22,28,9,6,1,25.8,48.3,6,8,13.79,11.13,HIGH
2025-09-28 23:00:00,23,28,9,6,1,20.1,71.1,3,9,14.05,13.79,HIGH
2025-09-29 00:00:00,0,29,9,0,0,25.1,64.7,2,2,8.56,14.05,MEDIUM
2025-09-29 01:00:00,1,29,9,0,0,21.0,51.2,3,0,4.36,8.56,LOW
2025-09-29 02:00:00,2,29,9,0,0,24.3,59.2,3,2,3.08,4.36,LOW
2025-09-29 03:00:00,3,29,9,0,0,22.2,58.5,3,0,1.67,3.08,LOW
2025-09-29 04:00:00,4,29,9,0,0,18.1,59.1,3,0,1.88,1.67,LOW
2025-09-29 05:00:00,5,29,9,0,0,25.2,55.5,5,0,1.91,1.88,LOW
2025-09-29 06:00:00,6,29,9,0,0,26.3,59.8,3,2,3.46,1.91,LOW
2025-09-29 07:00:00,7,29,9,0,0,25.7,62.6,6,0,4.74,3.46,LOW
2025-09-29 08:00:00,8,29,9,0,0,22.8,61.3,4,1,5.38,4.74,LOW
2025-09-29 09:00:00,9,29,9,0,0,25.2,57.2,2,0,3.9,5.38,LOW
2025-09-29 10:00:00,10,29,9,0,0,27.7,56.0,1,2,5.24,3.9,LOW
2025-09-29 11:00:00,11,29,9,0,0,26.7,62.9,1,0,3.31,5.24,LOW
2025-09-29 12:00:00,12,29,9,0,0,33.8,57.3,1,2,5.15,3.31,LOW
2025-09-29 13:00:00,13,29,9,0,0,30.7,56.2,2,1,5.0,5.15,LOW
2025-09-29 14:00:00,14,29,9,0,0,24.1,58.1,1,4,6.33,5.0,MEDIUM
2025-09-29 15:00:00,15,29,9,0,0,31.8,57.4,1,3,7.16,6.33,MEDIUM
2025-09-29 16:00:00,16,29,9,0,0,30.0,53.2,2,2,7.89,7.16,MEDIUM
2025-09-29 17:00:00,17,29,9,0,0,30.1,60.9,1,6,11.98,7.89,HIGH
2025-09-29 18:00:00,18,29,9,0,0,28.6,50.1,5,3,13.86,11.98,HIGH
2025-09-29 19:00:00,19,29,9,0,0,30.5,53.3,5,5,16.62,13.86,HIGH
2025-09-29 20:00:00,20,29,9,0,0,30.1,59.6,5,3,16.31,16.62,HIGH
2025-09-29 21:00:00,21,29,9,0,0,26.7,50.5,5,7,19.81,16.31,HIGH
2025-09-29 22:00:00,22,29,9,0,0,23.9,49.0,4,4,12.96,19.81,HIGH
2025-09-29 23:00:00,23,29,9,0,0,23.4,59.0,4,4,10.01,12.96,MEDIUM
2025-09-30 00:00:00,0,30,9,1,0,22.5,48.8,3,4,8.24,10.01,MEDIUM
2025-09-30 01:00:00,1,30,9,1,0,19.7,52.3,4,2,5.42,8.24,LOW
2025-09-30 02:00:00,2,30,9,1,0,22.6,63.5,3,1,3.89,5.42,LOW
2025-09-30 03:00:00,3,30,9,1,0,22.2,57.9,4,2,3.15,3.89,LOW
2025-09-30 04:00:00,4,30,9,1,0,25.0,65.7,2,2,3.03,3.15,LOW
2025-09-30 05:00:00,5,30,9,1,0,24.8,50.9,5,0,2.72,3.03,LOW
2025-09-30 06:00:00,6,30,9,1,0,20.8,59.1,2,1,3.45,2.72,LOW
2025-09-30 07:00:00,7,30,9,1,0,25.6,60.2,7,2,6.19,3.45,LOW
2025-09-30 08:00:00,8,30,9,1,0,22.3,52.1,6,4,9.23,6.19,MEDIUM
2025-09-30 09:00:00,9,30,9,1,0,27.7,63.1,2,1,7.27,9.23,MEDIUM
2025-09-30 10:00:00,10,30,9,1,0,26.0,60.7,4,1,7.02,7.27,MEDIUM
2025-09-30 11:00:00,11,30,9,1,0,25.9,48.0,1,2,5.86,7.02,LOW
2025-09-30 12:00:00,12,30,9,1,0,30.2,55.7,3,3,8.23,5.86,MEDIUM
2025-09-30 13:00:00,13,30,9,1,0,23.6,60.9,3,0,5.5,8.23,LOW
2025-09-30 14:00:00,14,30,9,1,0,26.5,53.9,3,5,8.81,5.5,MEDIUM
2025-09-30 15:00:00,15,30,9,1,0,30.6,46.9,3,2,8.47,8.81,MEDIUM
2025-09-30 16:00:00,16,30,9,1,0,31.0,57.3,2,0,6.65,8.47,MEDIUM
2025-09-30 17:00:00,17,30,9,1,0,29.4,69.5,1,5,10.43,6.65,MEDIUM
2025-09-30 18:00:00,18,30,9,1,0,25.6,55.4,5,5,14.42,10.43,HIGH
2025-09-30 19:00:00,19,30,9,1,0,26.5,66.8,5,4,15.42,14.42,HIGH
2025-09-30 20:00:00,20,30,9,1,0,28.3,52.2,5,2,14.26,15.42,HIGH
2025-09-30 21:00:00,21,30,9,1,0,27.5,58.3,5,8,19.41,14.26,HIGH
2025-09-30 22:00:00,22,30,9,1,0,24.7,62.7,7,3,14.15,19.41,HIGH
2025-09-30 23:00:00,23,30,9,1,0,26.4,57.4,4,0,8.94,14.15,MEDIUM
2025-10-01 00:00:00,0,1,10,2,0,17.5,59.2,2,2,6.98,8.94,MEDIUM
2025-10-01 01:00:00,1,1,10,2,0,13.8,66.8,4,1,4.41,6.98,LOW
2025-10-01 02:00:00,2,1,10,2,0,14.5,73.5,3,2,3.71,4.41,LOW
2025-10-01 03:00:00,3,1,10,2,0,11.5,65.2,3,1,2.61,3.71,LOW
2025-10-01 04:00:00,4,1,10,2,0,14.9,58.9,2,0,1.55,2.61,LOW
2025-10-01 05:00:00,5,1,10,2,0,18.5,59.5,2,0,1.54,1.55,LOW
2025-10-01 06:00:00,6,1,10,2,0,18.2,75.8,2,2,3.01,1.54,LOW
2025-10-01 07:00:00,7,1,10,2,0,21.0,60.4,4,1,3.52,3.01,LOW
2025-10-01 08:00:00,8,1,10,2,0,17.9,57.3,4,2,6.09,3.52,LOW
2025-10-01 09:00:00,9,1,10,2,0,23.4,51.8,2,1,5.15,6.09,LOW
2025-10-01 10:00:00,10,1,10,2,0,20.8,48.7,3,1,4.34,5.15,LOW
2025-10-01 11:00:00,11,1,10,2,0,26.2,59.7,2,1,4.97,4.34,LOW
2025-10-01 12:00:00,12,1,10,2,0,23.5,62.5,3,1,5.12,4.97,LOW
2025-10-01 13:00:00,13,1,10,2,0,26.1,55.2,3,0,4.52,5.12,LOW
2025-10-01 14:00:00,14,1,10,2,0,28.5,56.5,1,1,3.99,4.52,LOW
2025-10-01 15:00:00,15,1,10,2,0,24.5,51.2,1,2,4.54,3.99,LOW
2025-10-01 16:00:00,16,1,10,2,0,25.4,58.6,3,2,5.74,4.54,LOW
2025-10-01 17:00:00,17,1,10,2,0,27.6,59.8,1,3,7.57,5.74,MEDIUM
2025-10-01 18:00:00,18,1,10,2,0,23.2,55.5,5,4,11.75,7.57,HIGH
2025-10-01 19:00:00,19,1,10,2,0,19.2,70.5,5,3,12.87,11.75,HIGH
2025-10-01 20:00:00,20,1,10,2,0,26.7,52.3,4,5,15.05,12.87,HIGH
2025-10-01 21:00:00,21,1,10,2,0,18.8,62.2,5,0,11.51,15.05,HIGH
2025-10-01 22:00:00,22,1,10,2,0,19.1,65.4,4,3,8.22,11.51,MEDIUM
2025-10-01 23:00:00,23,1,10,2,0,20.4,59.4,3,1,5.59,8.22,LOW
2025-10-02 00:00:00,0,2,10,3,0,14.9,60.9,3,3,6.49,5.59,MEDIUM
2025-10-02 01:00:00,1,2,10,3,0,13.2,54.1,4,2,5.55,6.49,LOW
2025-10-02 02:00:00,2,2,10,3,0,15.8,69.8,2,1,3.95,5.55,LOW
2025-10-02 03:00:00,3,2,10,3,0,10.5,62.8,4,2,4.03,3.95,LOW
2025-10-02 04:00:00,4,2,10,3,0,14.5,65.4,2,4,4.12,4.03,LOW
2025-10-02 05:00:00,5,2,10,3,0,16.3,65.5,4,1,3.58,4.12,LOW
2025-10-02 06:00:00,6,2,10,3,0,15.8,57.9,4,4,5.89,3.58,LOW
2025-10-02 07:00:00,7,2,10,3,0,13.6,61.4,5,2,6.87,5.89,MEDIUM
2025-10-02 08:00:00,8,2,10,3,0,22.7,66.9,4,2,7.0,6.87,MEDIUM
2025-10-02 09:00:00,9,2,10,3,0,20.3,53.2,2,3,7.06,7.0,MEDIUM
2025-10-02 10:00:00,10,2,10,3,0,24.9,70.8,2,2,6.31,7.06,MEDIUM
2025-10-02 11:00:00,11,2,10,3,0,21.8,54.8,3,2,6.65,6.31,MEDIUM
2025-10-02 12:00:00,12,2,10,3,0,21.3,52.4,2,2,5.88,6.65,LOW
2025-10-02 13:00:00,13,2,10,3,0,25.0,58.8,3,4,8.05,5.88,MEDIUM
2025-10-02 14:00:00,14,2,10,3,0,24.3,71.5,1,3,6.7,8.05,MEDIUM
2025-10-02 15:00:00,15,2,10,3,0,22.1,47.7,1,2,5.39,6.7,LOW
2025-10-02 16:00:00,16,2,10,3,0,28.5,55.8,4,2,7.76,5.39,MEDIUM
2025-10-02 17:00:00,17,2,10,3,0,22.8,61.7,2,5,9.95,7.76,MEDIUM
2025-10-02 18:00:00,18,2,10,3,0,18.9,60.6,6,7,16.65,9.95,HIGH
2025-10-02 19:00:00,19,2,10,3,0,25.8,60.0,5,5,17.7,16.65,HIGH
2025-10-02 20:00:00,20,2,10,3,0,20.0,55.7,4,6,17.91,17.7,HIGH
2025-10-02 21:00:00,21,2,10,3,0,18.5,57.0,5,4,16.41,17.91,HIGH
2025-10-02 22:00:00,22,2,10,3,0,14.3,61.4,5,2,11.57,16.41,HIGH
2025-10-02 23:00:00,23,2,10,3,0,21.9,52.5,3,0,6.46,11.57,MEDIUM
2025-10-03 00:00:00,0,3,10,4,0,13.2,62.5,3,3,6.96,6.46,MEDIUM
2025-10-03 01:00:00,1,3,10,4,0,15.8,59.3,4,2,5.32,6.96,LOW
2025-10-03 02:00:00,2,3,10,4,0,17.5,58.2,3,2,3.91,5.32,LOW
2025-10-03 03:00:00,3,3,10,4,0,16.1,63.5,2,1,3.11,3.91,LOW
2025-10-03 04:00:00,4,3,10,4,0,15.0,51.1,2,2,2.41,3.11,LOW
2025-10-03 05:00:00,5,3,10,4,0,11.4,62.1,4,1,2.4,2.41,LOW
2025-10-03 06:00:00,6,3,10,4,0,14.4,76.1,4,3,5.54,2.4,LOW
2025-10-03 07:00:00,7,3,10,4,0,18.0,54.3,8,2,8.11,5.54,MEDIUM
2025-10-03 08:00:00,8,3,10,4,0,16.7,69.0,5,1,7.95,8.11,MEDIUM
2025-10-03 09:00:00,9,3,10,4,0,20.5,60.1,2,0,5.39,7.95,LOW
2025-10-03 10:00:00,10,3,10,4,0,23.0,55.2,2,5,6.83,5.39,MEDIUM
2025-10-03 11:00:00,11,3,10,4,0,24.9,50.1,3,1,6.29,6.83,MEDIUM
2025-10-03 12:00:00,12,3,10,4,0,20.5,60.6,1,2,5.16,6.29,LOW
2025-10-03 13:00:00,13,3,10,4,0,29.8,64.8,1,4,8.01,5.16,MEDIUM
2025-10-03 14:00:00,14,3,10,4,0,26.7,55.0,1,3,7.59,8.01,MEDIUM
2025-10-03 15:00:00,15,3,10,4,0,25.0,57.5,2,0,5.1,7.59,LOW
2025-10-03 16:00:00,16,3,10,4,0,27.6,63.0,1,1,4.39,5.1,LOW
2025-10-03 17:00:00,17,3,10,4,0,30.2,58.0,2,3,8.75,4.39,MEDIUM
2025-10-03 18:00:00,18,3,10,4,0,19.9,50.6,4,3,10.94,8.75,MEDIUM
2025-10-03 19:00:00,19,3,10,4,0,21.9,59.8,6,6,15.77,10.94,HIGH
2025-10-03 20:00:00,20,3,10,4,0,15.3,71.0,5,5,17.52,15.77,HIGH
2025-10-03 21:00:00,21,3,10,4,0,20.5,59.6,4,3,14.78,17.52,HIGH
2025-10-03 22:00:00,22,3,10,4,0,19.6,43.7,5,3,10.82,14.78,MEDIUM
2025-10-03 23:00:00,23,3,10,4,0,17.4,63.4,4,2,8.31,10.82,MEDIUM
2025-10-04 00:00:00,0,4,10,5,1,14.8,60.9,2,5,8.93,8.31,MEDIUM
2025-10-04 01:00:00,1,4,10,5,1,10.5,52.8,2,4,6.23,8.93,MEDIUM
2025-10-04 02:00:00,2,4,10,5,1,16.1,51.5,2,3,4.77,6.23,LOW
2025-10-04 03:00:00,3,4,10,5,1,18.6,66.4,3,5,4.77,4.77,LOW
2025-10-04 04:00:00,4,4,10,5,1,13.7,58.1,2,3,3.77,4.77,LOW
2025-10-04 05:00:00,5,4,10,5,1,16.8,55.8,3,0,2.42,3.77,LOW
2025-10-04 06:00:00,6,4,10,5,1,12.5,62.8,2,6,6.46,2.42,MEDIUM
2025-10-04 07:00:00,7,4,10,5,1,18.6,56.7,4,3,6.5,6.46,MEDIUM
2025-10-04 08:00:00,8,4,10,5,1,17.7,61.5,5,1,7.38,6.5,MEDIUM
2025-10-04 09:00:00,9,4,10,5,1,18.1,59.5,5,3,10.12,7.38,MEDIUM
2025-10-04 10:00:00,10,4,10,5,1,19.4,53.0,5,4,11.42,10.12,HIGH
2025-10-04 11:00:00,11,4,10,5,1,21.5,56.3,4,4,11.38,11.42,HIGH
2025-10-04 12:00:00,12,4,10,5,1,24.5,60.9,5,2,11.39,11.38,HIGH
2025-10-04 13:00:00,13,4,10,5,1,21.0,59.9,4,1,8.74,11.39,MEDIUM
2025-10-04 14:00:00,14,4,10,5,1,23.8,58.0,5,0,7.64,8.74,MEDIUM
2025-10-04 15:00:00,15,4,10,5,1,24.9,69.7,7,1,9.77,7.64,MEDIUM
2025-10-04 16:00:00,16,4,10,5,1,22.1,63.5,4,3,10.08,9.77,MEDIUM
2025-10-04 17:00:00,17,4,10,5,1,28.8,61.6,7,1,13.4,10.08,HIGH
2025-10-04 18:00:00,18,4,10,5,1,21.4,58.4,5,2,12.95,13.4,HIGH
2025-10-04 19:00:00,19,4,10,5,1,20.8,61.0,6,6,18.4,12.95,HIGH
2025-10-04 20:00:00,20,4,10,5,1,18.8,57.9,5,4,17.96,18.4,HIGH
2025-10-04 21:00:00,21,4,10,5,1,24.5,62.9,4,5,17.67,17.96,HIGH
2025-10-04 22:00:00,22,4,10,5,1,20.1,59.3,4,4,13.32,17.67,HIGH
2025-10-04 23:00:00,23,4,10,5,1,15.2,63.3,2,5,10.3,13.32,MEDIUM
2025-10-05 00:00:00,0,5,10,6,1,19.2,61.3,2,3,7.95,10.3,MEDIUM
2025-10-05 01:00:00,1,5,10,6,1,16.2,61.4,2,3,5.04,7.95,LOW
2025-10-05 02:00:00,2,5,10,6,1,15.8,79.3,3,2,4.29,5.04,LOW
2025-10-05 03:00:00,3,5,10,6,1,14.1,58.4,4,4,4.42,4.29,LOW
2025-10-05 04:00:00,4,5,10,6,1,13.3,58.6,2,6,5.27,4.42,LOW
2025-10-05 05:00:00,5,5,10,6,1,16.5,65.6,3,1,4.03,5.27,LOW
2025-10-05 06:00:00,6,5,10,6,1,15.1,58.4,4,9,10.68,4.03,MEDIUM
2025-10-05 07:00:00,7,5,10,6,1,22.0,57.5,4,0,6.86,10.68,MEDIUM
2025-10-05 08:00:00,8,5,10,6,1,15.5,55.3,4,2,8.92,6.86,MEDIUM
2025-10-05 09:00:00,9,5,10,6,1,23.8,61.4,4,2,8.88,8.92,MEDIUM
2025-10-05 10:00:00,10,5,10,6,1,21.0,62.6,4,3,9.74,8.88,MEDIUM
2025-10-05 11:00:00,11,5,10,6,1,23.2,56.8,5,6,13.7,9.74,HIGH
2025-10-05 12:00:00,12,5,10,6,1,25.6,62.0,6,6,15.67,13.7,HIGH
2025-10-05 13:00:00,13,5,10,6,1,22.8,47.7,4,1,10.92,15.67,MEDIUM
2025-10-05 14:00:00,14,5,10,6,1,27.0,53.0,4,6,14.05,10.92,HIGH
2025-10-05 15:00:00,15,5,10,6,1,18.2,59.7,4,2,10.97,14.05,MEDIUM
2025-10-05 16:00:00,16,5,10,6,1,23.0,51.8,6,4,12.9,10.97,HIGH
2025-10-05 17:00:00,17,5,10,6,1,22.0,48.7,4,4,15.1,12.9,HIGH
2025-10-05 18:00:00,18,5,10,6,1,20.4,58.0,4,5,16.41,15.1,HIGH
2025-10-05 19:00:00,19,5,10,6,1,22.0,63.4,8,5,21.0,16.41,HIGH
2025-10-05 20:00:00,20,5,10,6,1,22.3,66.8,4,5,19.16,21.0,HIGH
2025-10-05 21:00:00,21,5,10,6,1,21.8,56.0,4,7,20.91,19.16,HIGH
2025-10-05 22:00:00,22,5,10,6,1,19.3,64.7,4,4,14.46,20.91,HIGH
2025-10-05 23:00:00,23,5,10,6,1,15.8,65.5,3,2,10.16,14.46,MEDIUM
2025-10-06 00:00:00,0,6,10,0,0,17.4,68.4,5,0,7.16,10.16,MEDIUM
2025-10-06 01:00:00,1,6,10,0,0,16.0,59.5,2,0,4.18,7.16,LOW
2025-10-06 02:00:00,2,6,10,0,0,17.5,50.2,2,2,3.03,4.18,LOW
2025-10-06 03:00:00,3,6,10,0,0,16.9,61.7,5,1,2.82,3.03,LOW
2025-10-06 04:00:00,4,6,10,0,0,15.2,55.8,2,0,2.38,2.82,LOW
2025-10-06 05:00:00,5,6,10,0,0,13.4,58.3,3,0,1.5,2.38,LOW
2025-10-06 06:00:00,6,6,10,0,0,14.8,60.3,2,5,4.87,1.5,LOW
2025-10-06 07:00:00,7,6,10,0,0,16.1,59.5,5,2,5.82,4.87,LOW
2025-10-06 08:00:00,8,6,10,0,0,17.9,61.7,6,3,8.85,5.82,MEDIUM
2025-10-06 09:00:00,9,6,10,0,0,20.7,63.9,1,2,6.8,8.85,MEDIUM
2025-10-06 10:00:00,10,6,10,0,0,23.1,56.6,2,1,5.42,6.8,LOW
2025-10-06 11:00:00,11,6,10,0,0,22.4,61.4,1,3,5.65,5.42,LOW
2025-10-06 12:00:00,12,6,10,0,0,23.6,58.6,1,3,6.12,5.65,LOW
2025-10-06 13:00:00,13,6,10,0,0,24.7,63.7,2,3,6.82,6.12,MEDIUM
2025-10-06 14:00:00,14,6,10,0,0,23.5,57.5,4,2,7.33,6.82,MEDIUM
2025-10-06 15:00:00,15,6,10,0,0,22.7,58.4,3,1,6.72,7.33,MEDIUM
2025-10-06 16:00:00,16,6,10,0,0,20.4,57.6,1,1,5.08,6.72,LOW
2025-10-06 17:00:00,17,6,10,0,0,22.6,58.0,2,4,9.29,5.08,MEDIUM
2025-10-06 18:00:00,18,6,10,0,0,24.7,53.4,4,3,10.19,9.29,MEDIUM
2025-10-06 19:00:00,19,6,10,0,0,20.7,54.4,5,2,11.3,10.19,HIGH
2025-10-06 20:00:00,20,6,10,0,0,20.7,64.4,6,7,17.76,11.3,HIGH
2025-10-06 21:00:00,21,6,10,0,0,21.2,53.0,6,3,15.79,17.76,HIGH
2025-10-06 22:00:00,22,6,10,0,0,20.0,58.1,5,2,10.57,15.79,MEDIUM
2025-10-06 23:00:00,23,6,10,0,0,14.8,68.2,4,0,7.12,10.57,MEDIUM
2025-10-07 00:00:00,0,7,10,1,0,19.0,58.3,4,5,7.85,7.12,MEDIUM
2025-10-07 01:00:00,1,7,10,1,0,18.5,65.6,2,5,5.51,7.85,LOW
2025-10-07 02:00:00,2,7,10,1,0,12.3,59.5,2,2,5.16,5.51,LOW
2025-10-07 03:00:00,3,7,10,1,0,12.9,56.5,2,0,3.21,5.16,LOW
2025-10-07 04:00:00,4,7,10,1,0,18.1,51.2,2,7,4.35,3.21,LOW
2025-10-07 05:00:00,5,7,10,1,0,15.3,69.8,2,0,2.86,4.35,LOW
2025-10-07 06:00:00,6,7,10,1,0,10.9,56.8,2,1,3.81,2.86,LOW
2025-10-07 07:00:00,7,7,10,1,0,14.0,66.9,4,2,4.88,3.81,LOW
2025-10-07 08:00:00,8,7,10,1,0,18.1,54.8,7,1,7.68,4.88,MEDIUM
2025-10-07 09:00:00,9,7,10,1,0,17.1,69.1,6,2,9.0,7.68,MEDIUM
2025-10-07 10:00:00,10,7,10,1,0,20.3,73.1,1,2,6.12,9.0,LOW
2025-10-07 11:00:00,11,7,10,1,0,22.6,48.8,2,1,5.1,6.12,LOW
2025-10-07 12:00:00,12,7,10,1,0,27.2,50.6,2,3,6.77,5.1,MEDIUM
2025-10-07 13:00:00,13,7,10,1,0,23.6,63.2,3,3,7.89,6.77,MEDIUM
2025-10-07 14:00:00,14,7,10,1,0,27.5,60.1,1,2,6.13,7.89,LOW
2025-10-07 15:00:00,15,7,10,1,0,28.6,61.2,1,2,5.94,6.13,LOW
2025-10-07 16:00:00,16,7,10,1,0,28.4,53.2,4,3,8.13,5.94,MEDIUM
2025-10-07 17:00:00,17,7,10,1,0,25.0,69.9,1,6,11.05,8.13,HIGH
2025-10-07 18:00:00,18,7,10,1,0,18.6,61.3,4,5,13.65,11.05,HIGH
2025-10-07 19:00:00,19,7,10,1,0,23.7,51.2,4,5,14.59,13.65,HIGH
2025-10-07 20:00:00,20,7,10,1,0,23.9,56.9,5,6,17.12,14.59,HIGH
2025-10-07 21:00:00,21,7,10,1,0,19.8,52.9,5,7,18.8,17.12,HIGH
2025-10-07 22:00:00,22,7,10,1,0,23.1,68.3,4,3,12.1,18.8,HIGH
2025-10-07 23:00:00,23,7,10,1,0,19.6,56.2,3,1,7.64,12.1,MEDIUM
2025-10-08 00:00:00,0,8,10,2,0,17.9,63.8,2,3,6.42,7.64,MEDIUM
2025-10-08 01:00:00,1,8,10,2,0,18.4,57.8,3,1,4.05,6.42,LOW
2025-10-08 02:00:00,2,8,10,2,0,16.0,57.9,5,1,3.47,4.05,LOW
2025-10-08 03:00:00,3,8,10,2,0,8.8,53.0,4,0,2.93,3.47,LOW
2025-10-08 04:00:00,4,8,10,2,0,13.9,66.0,3,1,3.23,2.93,LOW
2025-10-08 05:00:00,5,8,10,2,0,18.7,68.3,3,0,2.34,3.23,LOW
2025-10-08 06:00:00,6,8,10,2,0,14.4,56.7,4,0,3.0,2.34,LOW
2025-10-08 07:00:00,7,8,10,2,0,16.9,52.0,5,3,4.86,3.0,LOW
2025-10-08 08:00:00,8,8,10,2,0,16.1,66.4,4,4,8.72,4.86,MEDIUM
2025-10-08 09:00:00,9,8,10,2,0,24.5,48.3,1,1,5.27,8.72,LOW
2025-10-08 10:00:00,10,8,10,2,0,25.5,65.1,1,3,5.96,5.27,LOW
2025-10-08 11:00:00,11,8,10,2,0,20.3,54.5,2,3,6.12,5.96,LOW
2025-10-08 12:00:00,12,8,10,2,0,23.9,51.8,1,1,4.52,6.12,LOW
2025-10-08 13:00:00,13,8,10,2,0,22.6,60.5,2,1,4.43,4.52,LOW
2025-10-08 14:00:00,14,8,10,2,0,26.4,51.2,1,1,4.37,4.43,LOW
2025-10-08 15:00:00,15,8,10,2,0,26.3,53.2,1,0,3.23,4.37,LOW
2025-10-08 16:00:00,16,8,10,2,0,26.9,59.4,2,2,4.95,3.23,LOW
2025-10-08 17:00:00,17,8,10,2,0,25.2,43.3,1,4,7.43,4.95,MEDIUM
2025-10-08 18:00:00,18,8,10,2,0,30.9,65.5,5,7,16.09,7.43,HIGH
2025-10-08 19:00:00,19,8,10,2,0,19.9,60.3,5,5,16.6,16.09,HIGH
2025-10-08 20:00:00,20,8,10,2,0,17.0,53.4,7,6,19.56,16.6,HIGH
2025-10-08 21:00:00,21,8,10,2,0,19.0,54.3,6,4,17.81,19.56,HIGH
2025-10-08 22:00:00,22,8,10,2,0,14.8,68.0,5,3,12.11,17.81,HIGH
2025-10-08 23:00:00,23,8,10,2,0,13.8,66.1,3,5,9.88,12.11,MEDIUM
2025-10-09 00:00:00,0,9,10,3,0,14.0,70.7,4,1,8.0,9.88,MEDIUM
2025-10-09 01:00:00,1,9,10,3,0,13.4,58.5,3,0,4.88,8.0,LOW
2025-10-09 02:00:00,2,9,10,3,0,12.8,64.7,2,2,4.52,4.88,LOW
2025-10-09 03:00:00,3,9,10,3,0,16.3,64.0,3,4,4.28,4.52,LOW
2025-10-09 04:00:00,4,9,10,3,0,13.9,66.6,3,1,3.52,4.28,LOW
2025-10-09 05:00:00,5,9,10,3,0,15.2,68.7,3,1,2.56,3.52,LOW
2025-10-09 06:00:00,6,9,10,3,0,18.7,56.2,4,1,4.17,2.56,LOW
2025-10-09 07:00:00,7,9,10,3,0,15.6,61.1,4,5,6.31,4.17,MEDIUM
2025-10-09 08:00:00,8,9,10,3,0,18.0,57.1,7,1,8.21,6.31,MEDIUM
2025-10-09 09:00:00,9,9,10,3,0,20.9,59.3,2,0,5.23,8.21,LOW
2025-10-09 10:00:00,10,9,10,3,0,16.4,65.6,2,2,6.2,5.23,LOW
2025-10-09 11:00:00,11,9,10,3,0,16.5,51.5,2,2,6.05,6.2,LOW
2025-10-09 12:00:00,12,9,10,3,0,24.4,64.9,2,2,5.87,6.05,LOW
2025-10-09 13:00:00,13,9,10,3,0,25.6,50.9,2,2,5.29,5.87,LOW
2025-10-09 14:00:00,14,9,10,3,0,30.0,54.2,1,0,3.59,5.29,LOW
2025-10-09 15:00:00,15,9,10,3,0,25.4,65.3,3,1,4.83,3.59,LOW
2025-10-09 16:00:00,16,9,10,3,0,26.9,59.2,2,3,6.89,4.83,MEDIUM
2025-10-09 17:00:00,17,9,10,3,0,23.8,60.5,2,2,7.22,6.89,MEDIUM
2025-10-09 18:00:00,18,9,10,3,0,24.3,51.2,6,9,17.48,7.22,HIGH
2025-10-09 19:00:00,19,9,10,3,0,26.7,51.1,5,2,14.79,17.48,HIGH
2025-10-09 20:00:00,20,9,10,3,0,16.0,67.2,4,7,17.84,14.79,HIGH
2025-10-09 21:00:00,21,9,10,3,0,21.0,56.1,5,3,15.55,17.84,HIGH
2025-10-09 22:00:00,22,9,10,3,0,24.0,55.4,5,4,11.31,15.55,HIGH
2025-10-09 23:00:00,23,9,10,3,0,18.2,66.5,4,1,7.7,11.31,MEDIUM
2025-10-10 00:00:00,0,10,10,4,0,20.6,53.5,2,3,5.93,7.7,LOW
2025-10-10 01:00:00,1,10,10,4,0,14.1,64.0,2,0,3.87,5.93,LOW
2025-10-10 02:00:00,2,10,10,4,0,15.1,62.2,2,1,2.41,3.87,LOW
2025-10-10 03:00:00,3,10,10,4,0,15.1,61.9,4,3,3.11,2.41,LOW
2025-10-10 04:00:00,4,10,10,4,0,9.6,61.0,3,0,2.91,3.11,LOW
2025-10-10 05:00:00,5,10,10,4,0,12.7,59.4,3,3,2.87,2.91,LOW
2025-10-10 06:00:00,6,10,10,4,0,13.7,56.0,5,2,5.0,2.87,LOW
2025-10-10 07:00:00,7,10,10,4,0,19.6,63.1,6,0,5.8,5.0,LOW
2025-10-10 08:00:00,8,10,10,4,0,20.9,55.6,4,0,5.58,5.8,LOW
2025-10-10 09:00:00,9,10,10,4,0,20.8,65.5,3,1,5.5,5.58,LOW
2025-10-10 10:00:00,10,10,10,4,0,23.4,57.3,2,1,4.99,5.5,LOW
2025-10-10 11:00:00,11,10,10,4,0,22.1,52.8,3,0,3.72,4.99,LOW
2025-10-10 12:00:00,12,10,10,4,0,26.5,56.0,1,3,5.58,3.72,LOW
2025-10-10 13:00:00,13,10,10,4,0,24.4,55.8,1,4,7.33,5.58,MEDIUM
2025-10-10 14:00:00,14,10,10,4,0,25.0,64.1,1,2,5.79,7.33,LOW
2025-10-10 15:00:00,15,10,10,4,0,24.3,56.1,1,2,5.79,5.79,LOW
2025-10-10 16:00:00,16,10,10,4,0,26.5,55.7,3,1,5.7,5.79,LOW
2025-10-10 17:00:00,17,10,10,4,0,23.3,67.1,2,5,9.75,5.7,MEDIUM
2025-10-10 18:00:00,18,10,10,4,0,26.0,60.6,4,6,13.96,9.75,HIGH
2025-10-10 19:00:00,19,10,10,4,0,19.7,70.1,5,3,13.82,13.96,HIGH
2025-10-10 20:00:00,20,10,10,4,0,18.5,68.2,4,4,13.9,13.82,HIGH
2025-10-10 21:00:00,21,10,10,4,0,21.7,54.0,4,3,12.72,13.9,HIGH
2025-10-10 22:00:00,22,10,10,4,0,18.5,66.5,6,4,10.51,12.72,MEDIUM
2025-10-10 23:00:00,23,10,10,4,0,16.4,70.6,2,4,8.45,10.51,MEDIUM
2025-10-11 00:00:00,0,11,10,5,1,18.7,69.7,3,6,9.35,8.45,MEDIUM
2025-10-11 01:00:00,1,11,10,5,1,14.2,68.2,3,7,8.23,9.35,MEDIUM
2025-10-11 02:00:00,2,11,10,5,1,14.7,67.9,5,3,6.51,8.23,MEDIUM
2025-10-11 03:00:00,3,11,10,5,1,18.5,58.8,3,2,4.37,6.51,LOW
2025-10-11 04:00:00,4,11,10,5,1,19.0,55.4,3,4,4.63,4.37,LOW
2025-10-11 05:00:00,5,11,10,5,1,19.6,58.0,3,3,3.89,4.63,LOW
2025-10-11 06:00:00,6,11,10,5,1,15.8,51.7,2,4,6.29,3.89,MEDIUM
2025-10-11 07:00:00,7,11,10,5,1,20.6,67.8,5,2,6.93,6.29,MEDIUM
2025-10-11 08:00:00,8,11,10,5,1,16.3,59.8,4,4,9.42,6.93,MEDIUM
2025-10-11 09:00:00,9,11,10,5,1,17.7,68.7,4,2,9.41,9.42,MEDIUM
2025-10-11 10:00:00,10,11,10,5,1,15.4,54.5,5,2,10.2,9.41,MEDIUM
2025-10-11 11:00:00,11,11,10,5,1,26.7,63.8,5,3,11.69,10.2,HIGH
2025-10-11 12:00:00,12,11,10,5,1,21.4,56.5,4,3,11.09,11.69,HIGH
2025-10-11 13:00:00,13,11,10,5,1,24.0,50.7,5,4,12.39,11.09,HIGH
2025-10-11 14:00:00,14,11,10,5,1,22.6,68.7,6,3,12.72,12.39,HIGH
2025-10-11 15:00:00,15,11,10,5,1,26.7,64.0,7,2,14.05,12.72,HIGH
2025-10-11 16:00:00,16,11,10,5,1,23.9,59.7,5,2,12.02,14.05,HIGH
2025-10-11 17:00:00,17,11,10,5,1,21.1,59.8,4,8,18.23,12.02,HIGH
2025-10-11 18:00:00,18,11,10,5,1,24.6,60.8,7,4,19.11,18.23,HIGH
2025-10-11 19:00:00,19,11,10,5,1,18.9,61.6,5,6,20.69,19.11,HIGH
2025-10-11 20:00:00,20,11,10,5,1,19.2,55.6,6,3,18.36,20.69,HIGH
2025-10-11 21:00:00,21,11,10,5,1,14.7,59.6,7,3,19.53,18.36,HIGH
2025-10-11 22:00:00,22,11,10,5,1,15.1,73.7,5,3,14.08,19.53,HIGH
2025-10-11 23:00:00,23,11,10,5,1,17.9,76.9,2,4,10.53,14.08,MEDIUM
2025-10-12 00:00:00,0,12,10,6,1,11.6,72.7,3,5,10.4,10.53,MEDIUM
2025-10-12 01:00:00,1,12,10,6,1,12.0,66.1,3,4,7.61,10.4,MEDIUM
2025-10-12 02:00:00,2,12,10,6,1,15.2,59.9,2,2,5.04,7.61,LOW
2025-10-12 03:00:00,3,12,10,6,1,13.6,57.8,3,0,3.16,5.04,LOW
2025-10-12 04:00:00,4,12,10,6,1,20.2,55.5,3,4,3.4,3.16,LOW
2025-10-12 05:00:00,5,12,10,6,1,20.3,56.6,4,2,3.98,3.4,LOW
2025-10-12 06:00:00,6,12,10,6,1,14.3,75.2,2,5,7.17,3.98,MEDIUM
2025-10-12 07:00:00,7,12,10,6,1,18.9,71.3,5,1,6.53,7.17,MEDIUM
2025-10-12 08:00:00,8,12,10,6,1,20.6,64.2,4,2,7.6,6.53,MEDIUM
2025-10-12 09:00:00,9,12,10,6,1,18.5,54.8,4,4,10.08,7.6,MEDIUM
2025-10-12 10:00:00,10,12,10,6,1,17.6,66.3,4,6,13.2,10.08,HIGH
2025-10-12 11:00:00,11,12,10,6,1,22.5,57.6,4,0,8.51,13.2,MEDIUM
2025-10-12 12:00:00,12,12,10,6,1,23.1,45.8,5,1,8.39,8.51,MEDIUM
2025-10-12 13:00:00,13,12,10,6,1,23.2,60.4,5,3,9.47,8.39,MEDIUM
2025-10-12 14:00:00,14,12,10,6,1,25.9,52.6,6,1,9.86,9.47,MEDIUM
2025-10-12 15:00:00,15,12,10,6,1,23.1,53.9,4,4,11.61,9.86,HIGH
2025-10-12 16:00:00,16,12,10,6,1,21.9,57.7,5,1,9.37,11.61,MEDIUM
2025-10-12 17:00:00,17,12,10,6,1,24.6,55.2,7,3,14.42,9.37,HIGH
2025-10-12 18:00:00,18,12,10,6,1,24.5,58.0,4,4,15.24,14.42,HIGH
2025-10-12 19:00:00,19,12,10,6,1,19.6,59.7,4,7,18.72,15.24,HIGH
2025-10-12 20:00:00,20,12,10,6,1,23.6,47.3,4,4,16.97,18.72,HIGH
2025-10-12 21:00:00,21,12,10,6,1,15.6,70.9,5,5,18.62,16.97,HIGH
2025-10-12 22:00:00,22,12,10,6,1,17.3,55.2,5,7,15.46,18.62,HIGH
2025-10-12 23:00:00,23,12,10,6,1,16.9,55.5,2,3,10.4,15.46,MEDIUM
2025-10-13 00:00:00,0,13,10,0,0,14.9,60.1,2,2,7.42,10.4,MEDIUM
2025-10-13 01:00:00,1,13,10,0,0,14.3,61.6,2,0,4.03,7.42,LOW
2025-10-13 02:00:00,2,13,10,0,0,19.8,68.8,2,2,3.49,4.03,LOW
2025-10-13 03:00:00,3,13,10,0,0,12.9,64.5,2,2,3.32,3.49,LOW
2025-10-13 04:00:00,4,13,10,0,0,21.3,62.9,2,0,2.76,3.32,LOW
2025-10-13 05:00:00,5,13,10,0,0,16.8,62.9,3,1,2.37,2.76,LOW
2025-10-13 06:00:00,6,13,10,0,0,16.7,62.7,2,2,3.1,2.37,LOW
2025-10-13 07:00:00,7,13,10,0,0,18.7,62.4,5,2,4.83,3.1,LOW
2025-10-13 08:00:00,8,13,10,0,0,25.0,46.4,6,1,7.61,4.83,MEDIUM
2025-10-13 09:00:00,9,13,10,0,0,17.5,59.5,2,1,5.44,7.61,LOW
2025-10-13 10:00:00,10,13,10,0,0,18.5,67.6,1,3,6.07,5.44,LOW
2025-10-13 11:00:00,11,13,10,0,0,20.6,83.4,4,0,5.28,6.07,LOW
2025-10-13 12:00:00,12,13,10,0,0,23.6,51.3,1,2,4.75,5.28,LOW
2025-10-13 13:00:00,13,13,10,0,0,20.0,62.5,1,3,5.25,4.75,LOW
2025-10-13 14:00:00,14,13,10,0,0,24.9,54.6,1,2,4.69,5.25,LOW
2025-10-13 15:00:00,15,13,10,0,0,29.2,68.6,1,0,4.18,4.69,LOW
2025-10-13 16:00:00,16,13,10,0,0,25.2,49.8,1,2,5.08,4.18,LOW
2025-10-13 17:00:00,17,13,10,0,0,23.6,62.3,2,3,7.65,5.08,MEDIUM
2025-10-13 18:00:00,18,13,10,0,0,22.0,50.8,4,7,14.11,7.65,HIGH
2025-10-13 19:00:00,19,13,10,0,0,24.7,56.2,4,5,14.58,14.11,HIGH
2025-10-13 20:00:00,20,13,10,0,0,19.2,60.1,4,3,13.15,14.58,HIGH
2025-10-13 21:00:00,21,13,10,0,0,24.6,64.6,4,2,11.78,13.15,HIGH
2025-10-13 22:00:00,22,13,10,0,0,23.5,52.1,4,3,8.93,11.78,MEDIUM
2025-10-13 23:00:00,23,13,10,0,0,18.1,64.7,2,3,7.3,8.93,MEDIUM
2025-10-14 00:00:00,0,14,10,1,0,16.4,61.6,4,0,5.33,7.3,LOW
2025-10-14 01:00:00,1,14,10,1,0,18.2,62.4,3,1,3.29,5.33,LOW
2025-10-14 02:00:00,2,14,10,1,0,17.9,66.6,2,3,3.33,3.29,LOW
2025-10-14 03:00:00,3,14,10,1,0,13.0,55.1,2,3,3.59,3.33,LOW
2025-10-14 04:00:00,4,14,10,1,0,13.9,67.3,2,0,2.98,3.59,LOW
2025-10-14 05:00:00,5,14,10,1,0,12.4,59.6,4,2,3.49,2.98,LOW
2025-10-14 06:00:00,6,14,10,1,0,17.5,67.6,3,3,4.61,3.49,LOW
2025-10-14 07:00:00,7,14,10,1,0,19.2,62.3,4,2,4.25,4.61,LOW
2025-10-14 08:00:00,8,14,10,1,0,15.3,60.6,5,0,4.95,4.25,LOW
2025-10-14 09:00:00,9,14,10,1,0,18.9,56.9,1,3,5.31,4.95,LOW
2025-10-14 10:00:00,10,14,10,1,0,17.9,65.8,4,3,7.89,5.31,MEDIUM
2025-10-14 11:00:00,11,14,10,1,0,20.3,67.4,1,1,5.73,7.89,LOW
2025-10-14 12:00:00,12,14,10,1,0,24.9,54.8,1,3,5.87,5.73,LOW
2025-10-14 13:00:00,13,14,10,1,0,22.5,52.2,4,2,7.14,5.87,MEDIUM
2025-10-14 14:00:00,14,14,10,1,0,24.1,62.5,2,3,6.61,7.14,MEDIUM
2025-10-14 15:00:00,15,14,10,1,0,20.9,50.9,3,4,8.63,6.61,MEDIUM
2025-10-14 16:00:00,16,14,10,1,0,25.3,50.0,1,2,6.49,8.63,MEDIUM
2025-10-14 17:00:00,17,14,10,1,0,24.2,51.9,2,6,11.32,6.49,HIGH
2025-10-14 18:00:00,18,14,10,1,0,21.7,56.8,6,4,14.35,11.32,HIGH
2025-10-14 19:00:00,19,14,10,1,0,22.0,51.2,6,8,19.8,14.35,HIGH
2025-10-14 20:00:00,20,14,10,1,0,21.7,47.7,7,6,20.36,19.8,HIGH
2025-10-14 21:00:00,21,14,10,1,0,18.0,54.0,5,4,17.28,20.36,HIGH
2025-10-14 22:00:00,22,14,10,1,0,15.0,65.9,5,5,13.72,17.28,HIGH
2025-10-14 23:00:00,23,14,10,1,0,22.0,51.6,2,0,7.45,13.72,MEDIUM
2025-10-15 00:00:00,0,15,10,2,0,14.9,60.0,3,0,4.85,7.45,LOW
2025-10-15 01:00:00,1,15,10,2,0,15.4,73.5,3,1,3.62,4.85,LOW
2025-10-15 02:00:00,2,15,10,2,0,17.7,60.6,6,2,3.34,3.62,LOW
2025-10-15 03:00:00,3,15,10,2,0,23.8,60.5,3,0,1.86,3.34,LOW
2025-10-15 04:00:00,4,15,10,2,0,12.1,57.5,3,2,2.38,1.86,LOW
2025-10-15 05:00:00,5,15,10,2,0,16.8,74.3,3,2,2.56,2.38,LOW
2025-10-15 06:00:00,6,15,10,2,0,14.7,58.9,4,0,3.04,2.56,LOW
2025-10-15 07:00:00,7,15,10,2,0,16.2,60.2,5,1,4.81,3.04,LOW
2025-10-15 08:00:00,8,15,10,2,0,16.9,69.1,4,1,5.58,4.81,LOW
2025-10-15 09:00:00,9,15,10,2,0,17.2,60.0,2,3,6.49,5.58,MEDIUM
2025-10-15 10:00:00,10,15,10,2,0,21.2,59.8,2,1,5.37,6.49,LOW
2025-10-15 11:00:00,11,15,10,2,0,18.8,58.8,3,2,6.71,5.37,MEDIUM
2025-10-15 12:00:00,12,15,10,2,0,25.9,56.0,1,1,5.24,6.71,LOW
2025-10-15 13:00:00,13,15,10,2,0,24.5,60.4,6,1,6.91,5.24,MEDIUM
2025-10-15 14:00:00,14,15,10,2,0,25.9,61.0,3,0,5.14,6.91,LOW
2025-10-15 15:00:00,15,15,10,2,0,23.8,54.6,1,2,4.38,5.14,LOW
2025-10-15 16:00:00,16,15,10,2,0,23.9,53.8,2,2,4.7,4.38,LOW
2025-10-15 17:00:00,17,15,10,2,0,25.0,54.3,1,5,8.63,4.7,MEDIUM
2025-10-15 18:00:00,18,15,10,2,0,20.6,51.4,6,9,18.52,8.63,HIGH
2025-10-15 19:00:00,19,15,10,2,0,21.6,49.8,6,3,16.33,18.52,HIGH
2025-10-15 20:00:00,20,15,10,2,0,19.1,62.1,4,4,14.73,16.33,HIGH
2025-10-15 21:00:00,21,15,10,2,0,17.8,66.5,4,9,19.45,14.73,HIGH
2025-10-15 22:00:00,22,15,10,2,0,13.4,67.9,4,4,14.12,19.45,HIGH
2025-10-15 23:00:00,23,15,10,2,0,20.8,45.4,5,3,10.17,14.12,MEDIUM
2025-10-16 00:00:00,0,16,10,3,0,14.7,60.6,3,5,9.51,10.17,MEDIUM
2025-10-16 01:00:00,1,16,10,3,0,18.6,53.9,3,2,5.56,9.51,LOW
2025-10-16 02:00:00,2,16,10,3,0,17.8,61.7,4,3,4.51,5.56,LOW
2025-10-16 03:00:00,3,16,10,3,0,11.8,60.8,4,1,3.95,4.51,LOW
2025-10-16 04:00:00,4,16,10,3,0,12.4,66.6,3,2,4.01,3.95,LOW
2025-10-16 05:00:00,5,16,10,3,0,22.1,59.0,3,3,3.49,4.01,LOW
2025-10-16 06:00:00,6,16,10,3,0,20.8,48.3,2,4,5.36,3.49,LOW
2025-10-16 07:00:00,7,16,10,3,0,17.4,55.2,5,2,6.12,5.36,LOW
2025-10-16 08:00:00,8,16,10,3,0,19.3,60.3,4,3,7.31,6.12,MEDIUM
2025-10-16 09:00:00,9,16,10,3,0,18.4,61.2,3,0,5.29,7.31,LOW
2025-10-16 10:00:00,10,16,10,3,0,22.4,50.6,3,1,6.05,5.29,LOW
2025-10-16 11:00:00,11,16,10,3,0,20.7,50.5,2,2,5.76,6.05,LOW
2025-10-16 12:00:00,12,16,10,3,0,18.5,60.9,3,0,4.56,5.76,LOW
2025-10-16 13:00:00,13,16,10,3,0,21.0,51.2,2,1,4.23,4.56,LOW
2025-10-16 14:00:00,14,16,10,3,0,24.9,48.0,1,4,5.96,4.23,LOW
2025-10-16 15:00:00,15,16,10,3,0,22.2,56.4,2,3,6.06,5.96,LOW
2025-10-16 16:00:00,16,16,10,3,0,24.7,55.2,1,2,4.54,6.06,LOW
2025-10-16 17:00:00,17,16,10,3,0,21.6,54.1,1,5,8.13,4.54,MEDIUM
2025-10-16 18:00:00,18,16,10,3,0,21.6,55.1,5,3,10.83,8.13,MEDIUM
2025-10-16 19:00:00,19,16,10,3,0,24.6,58.2,4,3,11.73,10.83,HIGH
2025-10-16 20:00:00,20,16,10,3,0,21.9,54.9,5,2,11.41,11.73,HIGH
2025-10-16 21:00:00,21,16,10,3,0,20.0,60.4,4,5,13.78,11.41,HIGH
2025-10-16 22:00:00,22,16,10,3,0,20.9,57.4,4,6,11.17,13.78,HIGH
2025-10-16 23:00:00,23,16,10,3,0,18.7,61.5,5,1,7.35,11.17,MEDIUM
2025-10-17 00:00:00,0,17,10,4,0,20.1,65.2,3,3,6.67,7.35,MEDIUM
2025-10-17 01:00:00,1,17,10,4,0,14.5,67.2,3,1,4.55,6.67,LOW
2025-10-17 02:00:00,2,17,10,4,0,14.1,70.1,3,3,4.36,4.55,LOW
2025-10-17 03:00:00,3,17,10,4,0,11.7,68.3,3,2,4.19,4.36,LOW
2025-10-17 04:00:00,4,17,10,4,0,14.1,63.8,3,3,4.29,4.19,LOW
2025-10-17 05:00:00,5,17,10,4,0,18.1,58.2,2,1,3.05,4.29,LOW
2025-10-17 06:00:00,6,17,10,4,0,19.7,57.8,5,0,3.52,3.05,LOW
2025-10-17 07:00:00,7,17,10,4,0,19.9,54.8,4,1,4.19,3.52,LOW
2025-10-17 08:00:00,8,17,10,4,0,14.2,62.3,5,0,5.59,4.19,LOW
2025-10-17 09:00:00,9,17,10,4,0,22.7,63.1,3,1,5.3,5.59,LOW
2025-10-17 10:00:00,10,17,10,4,0,16.7,57.0,2,1,5.01,5.3,LOW
2025-10-17 11:00:00,11,17,10,4,0,24.7,57.9,2,3,6.67,5.01,MEDIUM
2025-10-17 12:00:00,12,17,10,4,0,22.6,54.9,2,4,7.92,6.67,MEDIUM
2025-10-17 13:00:00,13,17,10,4,0,26.1,58.8,1,0,4.82,7.92,LOW
2025-10-17 14:00:00,14,17,10,4,0,21.5,56.1,4,1,5.64,4.82,LOW
2025-10-17 15:00:00,15,17,10,4,0,27.9,52.4,2,3,7.14,5.64,MEDIUM
2025-10-17 16:00:00,16,17,10,4,0,21.2,55.4,1,0,4.55,7.14,LOW
2025-10-17 17:00:00,17,17,10,4,0,22.7,61.9,4,2,8.21,4.55,MEDIUM
2025-10-17 18:00:00,18,17,10,4,0,21.0,59.0,5,3,11.03,8.21,HIGH
2025-10-17 19:00:00,19,17,10,4,0,18.1,58.2,5,6,15.27,11.03,HIGH
2025-10-17 20:00:00,20,17,10,4,0,21.5,61.0,4,5,15.53,15.27,HIGH
2025-10-17 21:00:00,21,17,10,4,0,24.5,55.7,5,9,20.92,15.53,HIGH
2025-10-17 22:00:00,22,17,10,4,0,25.4,64.6,6,5,15.4,20.92,HIGH
2025-10-17 23:00:00,23,17,10,4,0,17.7,55.1,3,1,8.88,15.4,MEDIUM
2025-10-18 00:00:00,0,18,10,5,1,19.3,59.2,2,3,7.25,8.88,MEDIUM
2025-10-18 01:00:00,1,18,10,5,1,16.3,53.1,2,3,5.09,7.25,LOW
2025-10-18 02:00:00,2,18,10,5,1,16.4,59.4,2,9,5.97,5.09,LOW
2025-10-18 03:00:00,3,18,10,5,1,14.1,52.3,3,1,3.99,5.97,LOW
2025-10-18 04:00:00,4,18,10,5,1,15.7,66.2,4,3,3.75,3.99,LOW
2025-10-18 05:00:00,5,18,10,5,1,17.0,65.8,4,4,4.27,3.75,LOW
2025-10-18 06:00:00,6,18,10,5,1,15.0,66.7,4,2,6.28,4.27,MEDIUM
2025-10-18 07:00:00,7,18,10,5,1,17.3,61.3,6,3,8.44,6.28,MEDIUM
2025-10-18 08:00:00,8,18,10,5,1,18.6,55.3,6,5,12.67,8.44,HIGH
2025-10-18 09:00:00,9,18,10,5,1,22.1,54.4,4,3,12.08,12.67,HIGH
2025-10-18 10:00:00,10,18,10,5,1,18.6,69.7,5,2,11.0,12.08,MEDIUM
2025-10-18 11:00:00,11,18,10,5,1,22.4,67.7,7,0,9.89,11.0,MEDIUM
2025-10-18 12:00:00,12,18,10,5,1,28.3,57.4,4,4,11.2,9.89,HIGH
2025-10-18 13:00:00,13,18,10,5,1,27.2,54.0,5,5,13.91,11.2,HIGH
2025-10-18 14:00:00,14,18,10,5,1,28.2,64.9,4,1,10.65,13.91,MEDIUM
2025-10-18 15:00:00,15,18,10,5,1,25.1,53.8,5,1,10.1,10.65,MEDIUM
2025-10-18 16:00:00,16,18,10,5,1,25.6,59.1,5,5,12.62,10.1,HIGH
2025-10-18 17:00:00,17,18,10,5,1,26.8,65.4,4,8,20.24,12.62,HIGH
2025-10-18 18:00:00,18,18,10,5,1,27.4,52.0,6,2,18.05,20.24,HIGH
2025-10-18 19:00:00,19,18,10,5,1,17.6,65.9,6,3,17.08,18.05,HIGH
2025-10-18 20:00:00,20,18,10,5,1,18.0,63.9,4,5,17.0,17.08,HIGH
2025-10-18 21:00:00,21,18,10,5,1,23.3,58.4,6,5,19.39,17.0,HIGH
2025-10-18 22:00:00,22,18,10,5,1,18.0,54.8,5,8,16.39,19.39,HIGH
2025-10-18 23:00:00,23,18,10,5,1,15.8,57.3,3,3,10.7,16.39,MEDIUM
2025-10-19 00:00:00,0,19,10,6,1,13.3,64.4,3,0,7.87,10.7,MEDIUM
2025-10-19 01:00:00,1,19,10,6,1,14.3,53.7,2,2,5.46,7.87,LOW
2025-10-19 02:00:00,2,19,10,6,1,11.7,64.1,2,1,3.51,5.46,LOW
2025-10-19 03:00:00,3,19,10,6,1,20.2,63.2,2,2,2.3,3.51,LOW
2025-10-19 04:00:00,4,19,10,6,1,15.1,67.9,3,8,5.37,2.3,LOW
2025-10-19 05:00:00,5,19,10,6,1,15.5,53.4,4,3,4.33,5.37,LOW
2025-10-19 06:00:00,6,19,10,6,1,17.9,68.7,4,3,6.25,4.33,MEDIUM
2025-10-19 07:00:00,7,19,10,6,1,19.9,70.2,5,5,9.04,6.25,MEDIUM
2025-10-19 08:00:00,8,19,10,6,1,21.1,62.0,5,4,11.21,9.04,HIGH
2025-10-19 09:00:00,9,19,10,6,1,22.7,52.7,4,4,11.36,11.21,HIGH
2025-10-19 10:00:00,10,19,10,6,1,19.7,58.2,4,3,10.2,11.36,MEDIUM
2025-10-19 11:00:00,11,19,10,6,1,21.8,59.0,5,3,11.16,10.2,HIGH
2025-10-19 12:00:00,12,19,10,6,1,25.5,59.4,8,5,16.32,11.16,HIGH
2025-10-19 13:00:00,13,19,10,6,1,23.0,58.9,6,4,14.92,16.32,HIGH
2025-10-19 14:00:00,14,19,10,6,1,24.8,59.8,4,2,11.36,14.92,HIGH
2025-10-19 15:00:00,15,19,10,6,1,26.0,57.1,4,4,12.41,11.36,HIGH
2025-10-19 16:00:00,16,19,10,6,1,26.8,58.9,5,3,11.65,12.41,HIGH
2025-10-19 17:00:00,17,19,10,6,1,19.9,57.3,5,1,10.99,11.65,MEDIUM
2025-10-19 18:00:00,18,19,10,6,1,25.3,55.9,4,4,14.04,10.99,HIGH
2025-10-19 19:00:00,19,19,10,6,1,21.9,55.8,5,7,19.15,14.04,HIGH
2025-10-19 20:00:00,20,19,10,6,1,23.1,70.3,4,8,22.35,19.15,HIGH
2025-10-19 21:00:00,21,19,10,6,1,21.9,68.0,4,3,17.79,22.35,HIGH
2025-10-19 22:00:00,22,19,10,6,1,22.7,62.3,6,7,15.86,17.79,HIGH
2025-10-19 23:00:00,23,19,10,6,1,20.9,67.6,2,1,8.83,15.86,MEDIUM
2025-10-20 00:00:00,0,20,10,0,0,19.8,64.9,4,1,6.34,8.83,MEDIUM
2025-10-20 01:00:00,1,20,10,0,0,19.3,61.4,4,1,4.2,6.34,LOW
2025-10-20 02:00:00,2,20,10,0,0,15.9,52.6,2,1,2.97,4.2,LOW
2025-10-20 03:00:00,3,20,10,0,0,15.1,60.4,2,1,2.89,2.97,LOW
2025-10-20 04:00:00,4,20,10,0,0,17.4,59.0,3,2,2.99,2.89,LOW
2025-10-20 05:00:00,5,20,10,0,0,17.5,54.2,4,4,3.47,2.99,LOW
2025-10-20 06:00:00,6,20,10,0,0,15.7,52.8,2,5,5.99,3.47,LOW
2025-10-20 07:00:00,7,20,10,0,0,18.5,63.6,6,0,5.69,5.99,LOW
2025-10-20 08:00:00,8,20,10,0,0,18.6,62.5,7,2,8.27,5.69,MEDIUM
2025-10-20 09:00:00,9,20,10,0,0,17.9,53.8,1,0,4.87,8.27,LOW
2025-10-20 10:00:00,10,20,10,0,0,24.5,53.7,3,1,5.05,4.87,LOW
2025-10-20 11:00:00,11,20,10,0,0,22.6,65.9,3,0,4.46,5.05,LOW
2025-10-20 12:00:00,12,20,10,0,0,28.7,51.3,2,1,5.39,4.46,LOW
2025-10-20 13:00:00,13,20,10,0,0,20.3,60.9,2,3,6.65,5.39,MEDIUM
2025-10-20 14:00:00,14,20,10,0,0,23.4,57.5,2,1,4.98,6.65,LOW
2025-10-20 15:00:00,15,20,10,0,0,25.1,61.0,1,2,4.53,4.98,LOW
2025-10-20 16:00:00,16,20,10,0,0,27.7,51.8,1,1,4.96,4.53,LOW
2025-10-20 17:00:00,17,20,10,0,0,25.3,58.4,2,2,7.14,4.96,MEDIUM
2025-10-20 18:00:00,18,20,10,0,0,24.3,59.3,5,1,8.77,7.14,MEDIUM
2025-10-20 19:00:00,19,20,10,0,0,19.7,61.5,5,1,9.08,8.77,MEDIUM
2025-10-20 20:00:00,20,20,10,0,0,18.4,61.1,4,5,12.59,9.08,HIGH
2025-10-20 21:00:00,21,20,10,0,0,20.8,61.7,4,5,13.92,12.59,HIGH
2025-10-20 22:00:00,22,20,10,0,0,15.3,75.0,4,4,10.99,13.92,MEDIUM
2025-10-20 23:00:00,23,20,10,0,0,16.2,76.9,4,1,7.74,10.99,MEDIUM
2025-10-21 00:00:00,0,21,10,1,0,17.7,57.1,3,1,5.57,7.74,LOW
2025-10-21 01:00:00,1,21,10,1,0,13.2,48.8,2,4,4.18,5.57,LOW
2025-10-21 02:00:00,2,21,10,1,0,19.2,63.9,3,2,3.62,4.18,LOW
2025-10-21 03:00:00,3,21,10,1,0,18.1,61.9,4,0,2.8,3.62,LOW
2025-10-21 04:00:00,4,21,10,1,0,11.2,69.9,4,4,4.09,2.8,LOW
2025-10-21 05:00:00,5,21,10,1,0,13.3,64.4,2,3,2.98,4.09,LOW
2025-10-21 06:00:00,6,21,10,1,0,10.8,64.0,2,1,3.31,2.98,LOW
2025-10-21 07:00:00,7,21,10,1,0,15.5,68.6,6,1,4.77,3.31,LOW
2025-10-21 08:00:00,8,21,10,1,0,20.6,67.4,6,2,7.81,4.77,MEDIUM
2025-10-21 09:00:00,9,21,10,1,0,19.0,52.1,2,4,7.99,7.81,MEDIUM
2025-10-21 10:00:00,10,21,10,1,0,22.4,54.1,1,1,4.95,7.99,LOW
2025-10-21 11:00:00,11,21,10,1,0,18.7,59.9,4,2,6.67,4.95,MEDIUM
2025-10-21 12:00:00,12,21,10,1,0,25.5,58.4,3,1,5.98,6.67,LOW
2025-10-21 13:00:00,13,21,10,1,0,22.9,57.5,2,1,5.11,5.98,LOW
2025-10-21 14:00:00,14,21,10,1,0,24.9,60.6,3,2,5.73,5.11,LOW
2025-10-21 15:00:00,15,21,10,1,0,24.8,64.1,1,3,5.98,5.73,LOW
2025-10-21 16:00:00,16,21,10,1,0,21.7,69.7,1,1,4.94,5.98,LOW
2025-10-21 17:00:00,17,21,10,1,0,21.4,62.9,2,5,9.76,4.94,MEDIUM
2025-10-21 18:00:00,18,21,10,1,0,26.0,52.5,4,1,9.01,9.76,MEDIUM
2025-10-21 19:00:00,19,21,10,1,0,23.5,57.7,4,3,10.5,9.01,MEDIUM
2025-10-21 20:00:00,20,21,10,1,0,23.9,58.0,4,10,18.75,10.5,HIGH
2025-10-21 21:00:00,21,21,10,1,0,20.8,62.8,4,6,18.1,18.75,HIGH
2025-10-21 22:00:00,22,21,10,1,0,19.1,62.7,4,7,14.23,18.1,HIGH
2025-10-21 23:00:00,23,21,10,1,0,13.2,75.0,3,2,10.21,14.23,MEDIUM
2025-10-22 00:00:00,0,22,10,2,0,15.8,58.9,4,0,6.86,10.21,MEDIUM
2025-10-22 01:00:00,1,22,10,2,0,15.6,64.1,2,4,4.81,6.86,LOW
2025-10-22 02:00:00,2,22,10,2,0,20.1,74.1,4,1,3.97,4.81,LOW
2025-10-22 03:00:00,3,22,10,2,0,16.7,57.8,3,2,2.98,3.97,LOW
2025-10-22 04:00:00,4,22,10,2,0,19.0,61.3,3,2,2.74,2.98,LOW
2025-10-22 05:00:00,5,22,10,2,0,17.2,55.5,2,2,2.26,2.74,LOW
2025-10-22 06:00:00,6,22,10,2,0,14.7,62.6,4,2,4.06,2.26,LOW
2025-10-22 07:00:00,7,22,10,2,0,17.8,56.2,4,3,5.47,4.06,LOW
2025-10-22 08:00:00,8,22,10,2,0,19.3,66.6,6,2,7.87,5.47,MEDIUM
2025-10-22 09:00:00,9,22,10,2,0,17.7,61.8,4,1,6.93,7.87,MEDIUM
2025-10-22 10:00:00,10,22,10,2,0,20.3,54.3,2,1,5.76,6.93,LOW
2025-10-22 11:00:00,11,22,10,2,0,22.0,64.2,2,1,4.61,5.76,LOW
2025-10-22 12:00:00,12,22,10,2,0,27.5,58.1,2,4,7.4,4.61,MEDIUM
2025-10-22 13:00:00,13,22,10,2,0,19.1,66.1,1,4,7.0,7.4,MEDIUM
2025-10-22 14:00:00,14,22,10,2,0,27.8,50.0,4,2,8.81,7.0,MEDIUM
2025-10-22 15:00:00,15,22,10,2,0,22.7,61.1,2,1,6.02,8.81,LOW
2025-10-22 16:00:00,16,22,10,2,0,21.4,64.1,2,1,4.43,6.02,LOW
2025-10-22 17:00:00,17,22,10,2,0,27.3,54.5,1,4,7.92,4.43,MEDIUM
2025-10-22 18:00:00,18,22,10,2,0,25.4,50.3,6,4,13.0,7.92,HIGH
2025-10-22 19:00:00,19,22,10,2,0,25.6,57.5,4,4,14.06,13.0,HIGH
2025-10-22 20:00:00,20,22,10,2,0,23.3,66.0,5,7,18.13,14.06,HIGH
2025-10-22 21:00:00,21,22,10,2,0,25.1,64.7,4,9,21.32,18.13,HIGH
2025-10-22 22:00:00,22,22,10,2,0,20.1,57.4,5,5,15.11,21.32,HIGH
2025-10-22 23:00:00,23,22,10,2,0,17.1,53.5,3,0,8.8,15.11,MEDIUM
2025-10-23 00:00:00,0,23,10,3,0,17.3,58.5,2,2,6.37,8.8,MEDIUM
2025-10-23 01:00:00,1,23,10,3,0,18.8,57.7,5,0,3.84,6.37,LOW
2025-10-23 02:00:00,2,23,10,3,0,13.2,65.4,3,3,3.76,3.84,LOW
2025-10-23 03:00:00,3,23,10,3,0,13.4,62.0,2,2,2.9,3.76,LOW
2025-10-23 04:00:00,4,23,10,3,0,14.4,57.7,2,4,3.68,2.9,LOW
2025-10-23 05:00:00,5,23,10,3,0,10.4,70.5,2,2,3.75,3.68,LOW
2025-10-23 06:00:00,6,23,10,3,0,16.8,62.1,3,2,4.93,3.75,LOW
2025-10-23 07:00:00,7,23,10,3,0,12.8,65.5,6,7,9.21,4.93,MEDIUM
2025-10-23 08:00:00,8,23,10,3,0,18.8,50.1,5,3,10.09,9.21,MEDIUM
2025-10-23 09:00:00,9,23,10,3,0,22.2,44.6,5,2,9.13,10.09,MEDIUM
2025-10-23 10:00:00,10,23,10,3,0,20.1,51.3,1,2,6.74,9.13,MEDIUM
2025-10-23 11:00:00,11,23,10,3,0,26.7,54.4,2,6,9.97,6.74,MEDIUM
2025-10-23 12:00:00,12,23,10,3,0,19.9,63.5,3,3,8.42,9.97,MEDIUM
2025-10-23 13:00:00,13,23,10,3,0,27.3,43.0,1,1,6.33,8.42,MEDIUM
2025-10-23 14:00:00,14,23,10,3,0,26.5,67.0,1,1,4.44,6.33,LOW
2025-10-23 15:00:00,15,23,10,3,0,20.7,60.7,2,2,5.0,4.44,LOW
2025-10-23 16:00:00,16,23,10,3,0,31.6,63.5,3,0,5.86,5.0,LOW
2025-10-23 17:00:00,17,23,10,3,0,24.2,53.0,2,6,11.28,5.86,HIGH
2025-10-23 18:00:00,18,23,10,3,0,21.3,62.5,6,7,17.51,11.28,HIGH
2025-10-23 19:00:00,19,23,10,3,0,19.0,60.9,5,3,14.97,17.51,HIGH
2025-10-23 20:00:00,20,23,10,3,0,20.7,64.6,5,6,16.9,14.97,HIGH
2025-10-23 21:00:00,21,23,10,3,0,19.7,58.7,6,5,17.65,16.9,HIGH
2025-10-23 22:00:00,22,23,10,3,0,19.0,63.2,5,3,12.04,17.65,HIGH
2025-10-23 23:00:00,23,23,10,3,0,16.8,67.9,3,1,7.98,12.04,MEDIUM
2025-10-24 00:00:00,0,24,10,4,0,18.0,56.9,4,3,7.23,7.98,MEDIUM
2025-10-24 01:00:00,1,24,10,4,0,14.7,63.6,2,3,4.78,7.23,LOW
2025-10-24 02:00:00,2,24,10,4,0,10.3,52.6,3,2,3.89,4.78,LOW
2025-10-24 03:00:00,3,24,10,4,0,14.6,66.4,4,1,3.68,3.89,LOW
2025-10-24 04:00:00,4,24,10,4,0,9.3,76.0,4,1,3.58,3.68,LOW
2025-10-24 05:00:00,5,24,10,4,0,16.6,53.9,2,1,3.11,3.58,LOW
2025-10-24 06:00:00,6,24,10,4,0,14.0,61.9,3,1,4.28,3.11,LOW
2025-10-24 07:00:00,7,24,10,4,0,17.9,66.1,7,4,7.25,4.28,MEDIUM
2025-10-24 08:00:00,8,24,10,4,0,22.0,59.4,6,3,9.25,7.25,MEDIUM
2025-10-24 09:00:00,9,24,10,4,0,17.6,62.0,1,2,6.69,9.25,MEDIUM
2025-10-24 10:00:00,10,24,10,4,0,23.9,56.1,3,3,7.4,6.69,MEDIUM
2025-10-24 11:00:00,11,24,10,4,0,21.4,56.9,3,1,6.59,7.4,MEDIUM
2025-10-24 12:00:00,12,24,10,4,0,27.9,56.3,2,3,7.25,6.59,MEDIUM
2025-10-24 13:00:00,13,24,10,4,0,23.4,58.9,1,1,5.02,7.25,LOW
2025-10-24 14:00:00,14,24,10,4,0,22.7,51.8,4,3,7.38,5.02,MEDIUM
2025-10-24 15:00:00,15,24,10,4,0,26.7,56.9,2,1,6.28,7.38,MEDIUM
2025-10-24 16:00:00,16,24,10,4,0,23.7,67.9,1,0,3.96,6.28,LOW
2025-10-24 17:00:00,17,24,10,4,0,22.2,56.6,1,1,4.16,3.96,LOW
2025-10-24 18:00:00,18,24,10,4,0,22.3,51.7,5,2,7.97,4.16,MEDIUM
2025-10-24 19:00:00,19,24,10,4,0,22.4,58.1,7,7,16.36,7.97,HIGH
2025-10-24 20:00:00,20,24,10,4,0,24.6,53.9,4,4,15.15,16.36,HIGH
2025-10-24 21:00:00,21,24,10,4,0,15.2,53.9,5,4,15.65,15.15,HIGH
2025-10-24 22:00:00,22,24,10,4,0,18.8,61.3,4,3,10.37,15.65,MEDIUM
2025-10-24 23:00:00,23,24,10,4,0,19.1,56.1,3,5,8.9,10.37,MEDIUM
2025-10-25 00:00:00,0,25,10,5,1,16.9,57.5,2,1,6.13,8.9,LOW
2025-10-25 01:00:00,1,25,10,5,1,18.9,61.4,2,1,4.19,6.13,LOW
2025-10-25 02:00:00,2,25,10,5,1,15.0,52.8,2,2,3.12,4.19,LOW
2025-10-25 03:00:00,3,25,10,5,1,14.5,51.8,3,2,2.88,3.12,LOW
2025-10-25 04:00:00,4,25,10,5,1,16.7,65.3,4,2,3.52,2.88,LOW
2025-10-25 05:00:00,5,25,10,5,1,15.9,50.1,2,3,3.29,3.52,LOW
2025-10-25 06:00:00,6,25,10,5,1,15.5,55.9,2,3,4.76,3.29,LOW
2025-10-25 07:00:00,7,25,10,5,1,18.8,49.7,7,6,9.77,4.76,MEDIUM
2025-10-25 08:00:00,8,25,10,5,1,17.1,58.2,4,0,7.29,9.77,MEDIUM
2025-10-25 09:00:00,9,25,10,5,1,18.5,63.2,4,4,10.71,7.29,MEDIUM
2025-10-25 10:00:00,10,25,10,5,1,20.0,60.7,5,4,11.87,10.71,HIGH
2025-10-25 11:00:00,11,25,10,5,1,25.9,72.0,4,2,10.72,11.87,MEDIUM
2025-10-25 12:00:00,12,25,10,5,1,15.5,68.3,7,0,10.53,10.72,MEDIUM
2025-10-25 13:00:00,13,25,10,5,1,25.3,52.3,5,2,10.81,10.53,MEDIUM
2025-10-25 14:00:00,14,25,10,5,1,24.9,50.9,4,3,10.41,10.81,MEDIUM
2025-10-25 15:00:00,15,25,10,5,1,20.8,75.9,4,4,11.68,10.41,HIGH
2025-10-25 16:00:00,16,25,10,5,1,25.6,64.1,4,4,11.63,11.68,HIGH
2025-10-25 17:00:00,17,25,10,5,1,25.5,61.3,5,8,20.0,11.63,HIGH
2025-10-25 18:00:00,18,25,10,5,1,25.0,58.4,6,5,20.83,20.0,HIGH
2025-10-25 19:00:00,19,25,10,5,1,15.9,63.3,5,2,17.34,20.83,HIGH
2025-10-25 20:00:00,20,25,10,5,1,24.7,49.2,6,5,19.67,17.34,HIGH
2025-10-25 21:00:00,21,25,10,5,1,18.2,61.7,4,1,13.97,19.67,HIGH
2025-10-25 22:00:00,22,25,10,5,1,20.4,60.3,5,8,14.27,13.97,HIGH
2025-10-25 23:00:00,23,25,10,5,1,19.4,54.8,4,4,10.78,14.27,MEDIUM
2025-10-26 00:00:00,0,26,10,6,1,14.3,59.0,3,5,10.1,10.78,MEDIUM
2025-10-26 01:00:00,1,26,10,6,1,17.3,70.2,2,2,6.52,10.1,MEDIUM
2025-10-26 02:00:00,2,26,10,6,1,14.2,61.6,4,6,6.53,6.52,MEDIUM
2025-10-26 03:00:00,3,26,10,6,1,9.8,76.5,5,2,5.94,6.53,LOW
2025-10-26 04:00:00,4,26,10,6,1,18.1,50.3,4,2,4.32,5.94,LOW
2025-10-26 05:00:00,5,26,10,6,1,13.7,59.4,4,6,5.81,4.32,LOW
2025-10-26 06:00:00,6,26,10,6,1,14.3,53.0,3,5,8.05,5.81,MEDIUM
2025-10-26 07:00:00,7,26,10,6,1,16.5,54.1,7,3,8.97,8.05,MEDIUM
2025-10-26 08:00:00,8,26,10,6,1,19.4,55.3,4,6,12.48,8.97,HIGH
2025-10-26 09:00:00,9,26,10,6,1,19.9,61.9,5,7,16.1,12.48,HIGH
2025-10-26 10:00:00,10,26,10,6,1,22.7,60.5,4,4,13.18,16.1,HIGH
2025-10-26 11:00:00,11,26,10,6,1,19.2,56.2,4,6,14.66,13.18,HIGH
2025-10-26 12:00:00,12,26,10,6,1,21.7,46.0,5,2,12.16,14.66,HIGH
2025-10-26 13:00:00,13,26,10,6,1,24.0,67.3,6,2,12.58,12.16,HIGH
2025-10-26 14:00:00,14,26,10,6,1,29.6,54.4,5,3,13.89,12.58,HIGH
2025-10-26 15:00:00,15,26,10,6,1,24.7,51.4,5,5,13.98,13.89,HIGH
2025-10-26 16:00:00,16,26,10,6,1,27.5,58.6,6,3,14.48,13.98,HIGH
2025-10-26 17:00:00,17,26,10,6,1,24.4,59.5,4,9,21.1,14.48,HIGH
2025-10-26 18:00:00,18,26,10,6,1,22.3,57.1,4,6,20.5,21.1,HIGH
2025-10-26 19:00:00,19,26,10,6,1,21.9,60.1,7,3,19.13,20.5,HIGH
2025-10-26 20:00:00,20,26,10,6,1,20.9,52.7,5,5,19.12,19.13,HIGH
2025-10-26 21:00:00,21,26,10,6,1,21.5,64.0,5,4,18.63,19.12,HIGH
2025-10-26 22:00:00,22,26,10,6,1,22.1,53.2,4,2,11.1,18.63,HIGH
2025-10-26 23:00:00,23,26,10,6,1,18.4,57.0,3,2,7.83,11.1,MEDIUM
2025-10-27 00:00:00,0,27,10,0,0,19.4,64.1,3,5,8.15,7.83,MEDIUM
2025-10-27 01:00:00,1,27,10,0,0,13.3,69.9,2,4,5.05,8.15,LOW
2025-10-27 02:00:00,2,27,10,0,0,14.1,71.9,3,1,3.57,5.05,LOW
2025-10-27 03:00:00,3,27,10,0,0,13.2,69.1,2,2,2.68,3.57,LOW
2025-10-27 04:00:00,4,27,10,0,0,16.0,59.7,2,3,2.89,2.68,LOW
2025-10-27 05:00:00,5,27,10,0,0,14.8,52.8,9,0,3.63,2.89,LOW
2025-10-27 06:00:00,6,27,10,0,0,18.3,69.1,5,2,5.5,3.63,LOW
2025-10-27 07:00:00,7,27,10,0,0,15.2,70.1,5,2,5.54,5.5,LOW
2025-10-27 08:00:00,8,27,10,0,0,18.8,56.4,6,6,11.15,5.54,HIGH
2025-10-27 09:00:00,9,27,10,0,0,21.7,64.8,2,1,7.04,11.15,MEDIUM
2025-10-27 10:00:00,10,27,10,0,0,16.1,59.6,1,6,9.62,7.04,MEDIUM
2025-10-27 11:00:00,11,27,10,0,0,27.8,65.9,1,2,7.29,9.62,MEDIUM
2025-10-27 12:00:00,12,27,10,0,0,22.8,55.8,1,3,6.28,7.29,MEDIUM
2025-10-27 13:00:00,13,27,10,0,0,19.3,72.2,1,3,6.03,6.28,LOW
2025-10-27 14:00:00,14,27,10,0,0,25.2,62.6,3,2,6.75,6.03,MEDIUM
2025-10-27 15:00:00,15,27,10,0,0,25.1,68.7,3,3,7.94,6.75,MEDIUM
2025-10-27 16:00:00,16,27,10,0,0,24.6,55.4,2,2,6.73,7.94,MEDIUM
2025-10-27 17:00:00,17,27,10,0,0,26.8,59.7,2,3,8.31,6.73,MEDIUM
2025-10-27 18:00:00,18,27,10,0,0,25.4,52.0,5,5,12.96,8.31,HIGH
2025-10-27 19:00:00,19,27,10,0,0,23.2,63.8,5,6,16.45,12.96,HIGH
2025-10-27 20:00:00,20,27,10,0,0,22.4,64.4,5,1,12.82,16.45,HIGH
2025-10-27 21:00:00,21,27,10,0,0,19.7,74.5,4,4,13.66,12.82,HIGH
2025-10-27 22:00:00,22,27,10,0,0,23.1,61.7,4,4,10.93,13.66,MEDIUM
2025-10-27 23:00:00,23,27,10,0,0,13.8,66.8,2,2,7.39,10.93,MEDIUM
2025-10-28 00:00:00,0,28,10,1,0,16.8,58.5,3,1,6.25,7.39,MEDIUM
2025-10-28 01:00:00,1,28,10,1,0,15.8,64.9,4,2,4.69,6.25,LOW
2025-10-28 02:00:00,2,28,10,1,0,17.2,58.8,2,1,2.86,4.69,LOW
2025-10-28 03:00:00,3,28,10,1,0,12.9,63.5,4,2,3.2,2.86,LOW
2025-10-28 04:00:00,4,28,10,1,0,10.8,64.7,4,0,2.48,3.2,LOW
2025-10-28 05:00:00,5,28,10,1,0,16.1,59.4,3,2,2.28,2.48,LOW
2025-10-28 06:00:00,6,28,10,1,0,17.2,61.5,2,3,3.9,2.28,LOW
2025-10-28 07:00:00,7,28,10,1,0,21.2,57.3,5,4,6.68,3.9,MEDIUM
2025-10-28 08:00:00,8,28,10,1,0,15.5,59.5,5,4,9.52,6.68,MEDIUM
2025-10-28 09:00:00,9,28,10,1,0,22.9,65.3,1,1,6.76,9.52,MEDIUM
2025-10-28 10:00:00,10,28,10,1,0,27.2,58.2,2,0,5.03,6.76,LOW
2025-10-28 11:00:00,11,28,10,1,0,21.6,61.4,2,1,4.34,5.03,LOW
2025-10-28 12:00:00,12,28,10,1,0,20.3,51.1,2,0,3.01,4.34,LOW
2025-10-28 13:00:00,13,28,10,1,0,23.3,61.2,2,1,3.46,3.01,LOW
2025-10-28 14:00:00,14,28,10,1,0,24.9,61.2,3,6,9.0,3.46,MEDIUM
2025-10-28 15:00:00,15,28,10,1,0,26.4,55.0,2,2,8.11,9.0,MEDIUM
2025-10-28 16:00:00,16,28,10,1,0,23.4,71.2,1,1,5.67,8.11,LOW
2025-10-28 17:00:00,17,28,10,1,0,28.2,43.0,2,3,8.48,5.67,MEDIUM
2025-10-28 18:00:00,18,28,10,1,0,20.7,64.4,4,2,8.83,8.48,MEDIUM
2025-10-28 19:00:00,19,28,10,1,0,18.2,65.0,4,4,10.65,8.83,MEDIUM
2025-10-28 20:00:00,20,28,10,1,0,24.1,61.6,6,8,18.06,10.65,HIGH
2025-10-28 21:00:00,21,28,10,1,0,14.3,63.3,5,6,19.13,18.06,HIGH
2025-10-28 22:00:00,22,28,10,1,0,18.2,64.0,4,4,12.65,19.13,HIGH
2025-10-28 23:00:00,23,28,10,1,0,25.3,63.1,3,3,9.22,12.65,MEDIUM
2025-10-29 00:00:00,0,29,10,2,0,16.4,57.1,2,0,4.96,9.22,LOW
2025-10-29 01:00:00,1,29,10,2,0,12.9,64.6,3,1,4.15,4.96,LOW
2025-10-29 02:00:00,2,29,10,2,0,15.0,60.9,2,2,3.88,4.15,LOW
2025-10-29 03:00:00,3,29,10,2,0,14.9,55.5,5,1,3.72,3.88,LOW
2025-10-29 04:00:00,4,29,10,2,0,15.6,66.1,3,1,2.82,3.72,LOW
2025-10-29 05:00:00,5,29,10,2,0,17.3,57.7,2,5,3.19,2.82,LOW
2025-10-29 06:00:00,6,29,10,2,0,13.9,53.5,5,0,4.15,3.19,LOW
2025-10-29 07:00:00,7,29,10,2,0,21.7,56.1,4,5,6.79,4.15,MEDIUM
2025-10-29 08:00:00,8,29,10,2,0,19.3,55.5,5,2,8.2,6.79,MEDIUM
2025-10-29 09:00:00,9,29,10,2,0,21.8,65.5,3,3,8.29,8.2,MEDIUM
2025-10-29 10:00:00,10,29,10,2,0,19.7,61.0,4,1,7.6,8.29,MEDIUM
2025-10-29 11:00:00,11,29,10,2,0,25.7,66.0,4,2,8.11,7.6,MEDIUM
2025-10-29 12:00:00,12,29,10,2,0,22.9,54.8,4,4,9.8,8.11,MEDIUM
2025-10-29 13:00:00,13,29,10,2,0,25.0,63.2,1,1,6.27,9.8,MEDIUM
2025-10-29 14:00:00,14,29,10,2,0,22.5,76.0,2,3,6.44,6.27,MEDIUM
2025-10-29 15:00:00,15,29,10,2,0,22.5,61.1,2,2,6.42,6.44,MEDIUM
2025-10-29 16:00:00,16,29,10,2,0,26.6,62.5,1,2,6.57,6.42,MEDIUM
2025-10-29 17:00:00,17,29,10,2,0,23.2,62.9,1,5,9.42,6.57,MEDIUM
2025-10-29 18:00:00,18,29,10,2,0,21.4,50.9,4,5,12.65,9.42,HIGH
2025-10-29 19:00:00,19,29,10,2,0,20.9,63.2,5,5,15.21,12.65,HIGH
2025-10-29 20:00:00,20,29,10,2,0,23.0,60.6,6,3,14.76,15.21,HIGH
2025-10-29 21:00:00,21,29,10,2,0,18.4,59.1,8,11,24.42,14.76,HIGH
2025-10-29 22:00:00,22,29,10,2,0,18.4,55.3,5,4,15.67,24.42,HIGH
2025-10-29 23:00:00,23,29,10,2,0,17.5,65.2,3,1,8.94,15.67,MEDIUM
2025-10-30 00:00:00,0,30,10,3,0,11.7,57.5,3,1,6.59,8.94,MEDIUM
2025-10-30 01:00:00,1,30,10,3,0,12.0,76.0,2,1,4.24,6.59,LOW
2025-10-30 02:00:00,2,30,10,3,0,16.0,62.3,3,2,3.36,4.24,LOW
2025-10-30 03:00:00,3,30,10,3,0,13.2,55.4,4,0,3.02,3.36,LOW
2025-10-30 04:00:00,4,30,10,3,0,17.8,57.8,2,2,2.65,3.02,LOW
2025-10-30 05:00:00,5,30,10,3,0,18.1,59.1,2,2,2.59,2.65,LOW
2025-10-30 06:00:00,6,30,10,3,0,18.3,75.2,4,4,5.45,2.59,LOW
2025-10-30 07:00:00,7,30,10,3,0,22.0,53.9,6,2,6.09,5.45,LOW
2025-10-30 08:00:00,8,30,10,3,0,18.5,59.9,7,0,6.74,6.09,MEDIUM
2025-10-30 09:00:00,9,30,10,3,0,21.6,56.1,1,0,4.31,6.74,LOW
2025-10-30 10:00:00,10,30,10,3,0,19.8,63.1,2,1,4.06,4.31,LOW
2025-10-30 11:00:00,11,30,10,3,0,28.6,53.4,2,2,5.4,4.06,LOW
2025-10-30 12:00:00,12,30,10,3,0,28.5,49.8,2,1,5.87,5.4,LOW
2025-10-30 13:00:00,13,30,10,3,0,24.4,57.1,2,2,5.64,5.87,LOW
2025-10-30 14:00:00,14,30,10,3,0,25.8,55.9,2,2,5.13,5.64,LOW
2025-10-30 15:00:00,15,30,10,3,0,28.4,53.1,2,2,6.15,5.13,LOW
2025-10-30 16:00:00,16,30,10,3,0,24.5,55.0,2,6,8.87,6.15,MEDIUM
2025-10-30 17:00:00,17,30,10,3,0,22.7,66.0,1,6,11.14,8.87,HIGH
2025-10-30 18:00:00,18,30,10,3,0,25.7,55.8,5,3,12.61,11.14,HIGH
2025-10-30 19:00:00,19,30,10,3,0,22.7,52.1,6,3,13.0,12.61,HIGH
2025-10-30 20:00:00,20,30,10,3,0,21.8,56.5,6,5,15.3,13.0,HIGH
2025-10-30 21:00:00,21,30,10,3,0,17.9,61.2,4,6,16.38,15.3,HIGH
2025-10-30 22:00:00,22,30,10,3,0,14.4,54.2,4,3,11.64,16.38,HIGH
2025-10-30 23:00:00,23,30,10,3,0,18.1,70.5,3,3,8.44,11.64,MEDIUM
2025-10-31 00:00:00,0,31,10,4,0,18.7,65.7,4,1,6.21,8.44,LOW
2025-10-31 01:00:00,1,31,10,4,0,15.1,70.5,3,2,4.4,6.21,LOW
2025-10-31 02:00:00,2,31,10,4,0,18.8,62.8,4,2,3.91,4.4,LOW
2025-10-31 03:00:00,3,31,10,4,0,13.2,50.2,4,0,3.08,3.91,LOW
2025-10-31 04:00:00,4,31,10,4,0,12.5,72.2,4,4,3.97,3.08,LOW
2025-10-31 05:00:00,5,31,10,4,0,15.5,56.6,6,1,3.5,3.97,LOW
2025-10-31 06:00:00,6,31,10,4,0,16.3,56.8,3,2,4.3,3.5,LOW
2025-10-31 07:00:00,7,31,10,4,0,19.4,61.2,5,3,6.07,4.3,LOW
2025-10-31 08:00:00,8,31,10,4,0,16.8,69.5,4,2,7.66,6.07,MEDIUM
2025-10-31 09:00:00,9,31,10,4,0,23.4,65.0,2,1,5.82,7.66,LOW
2025-10-31 10:00:00,10,31,10,4,0,26.2,63.0,1,3,5.97,5.82,LOW
2025-10-31 11:00:00,11,31,10,4,0,22.4,57.2,1,1,4.3,5.97,LOW
2025-10-31 12:00:00,12,31,10,4,0,26.7,55.4,2,0,4.25,4.3,LOW
2025-10-31 13:00:00,13,31,10,4,0,21.7,61.4,2,1,4.23,4.25,LOW
2025-10-31 14:00:00,14,31,10,4,0,27.5,56.2,2,1,4.26,4.23,LOW
2025-10-31 15:00:00,15,31,10,4,0,27.6,62.3,1,0,3.56,4.26,LOW
2025-10-31 16:00:00,16,31,10,4,0,27.0,62.2,3,2,5.5,3.56,LOW
2025-10-31 17:00:00,17,31,10,4,0,24.3,61.8,1,2,5.41,5.5,LOW
2025-10-31 18:00:00,18,31,10,4,0,16.1,46.4,5,2,9.12,5.41,MEDIUM
2025-10-31 19:00:00,19,31,10,4,0,20.9,60.4,4,9,16.53,9.12,HIGH
2025-10-31 20:00:00,20,31,10,4,0,19.7,59.5,6,7,19.88,16.53,HIGH
2025-10-31 21:00:00,21,31,10,4,0,17.6,62.0,6,3,17.1,19.88,HIGH
2025-10-31 22:00:00,22,31,10,4,0,19.0,55.9,6,8,15.53,17.1,HIGH
2025-10-31 23:00:00,23,31,10,4,0,16.5,53.5,3,1,9.37,15.53,MEDIUM
2025-11-01 00:00:00,0,1,11,5,1,8.4,67.4,3,4,9.73,9.37,MEDIUM
2025-11-01 01:00:00,1,1,11,5,1,7.0,63.1,2,2,6.33,9.73,MEDIUM
2025-11-01 02:00:00,2,1,11,5,1,7.4,68.5,5,4,6.3,6.33,MEDIUM
2025-11-01 03:00:00,3,1,11,5,1,11.8,59.3,3,7,6.79,6.3,MEDIUM
2025-11-01 04:00:00,4,1,11,5,1,7.5,73.5,3,5,5.99,6.79,LOW
2025-11-01 05:00:00,5,1,11,5,1,8.4,70.6,2,2,4.85,5.99,LOW
2025-11-01 06:00:00,6,1,11,5,1,9.3,66.1,3,1,5.43,4.85,LOW
2025-11-01 07:00:00,7,1,11,5,1,12.3,61.8,6,1,7.83,5.43,MEDIUM
2025-11-01 08:00:00,8,1,11,5,1,13.8,67.6,5,3,10.93,7.83,MEDIUM
2025-11-01 09:00:00,9,1,11,5,1,6.4,67.8,5,4,14.61,10.93,HIGH
2025-11-01 10:00:00,10,1,11,5,1,17.8,62.3,4,8,16.91,14.61,HIGH
2025-11-01 11:00:00,11,1,11,5,1,20.1,66.2,4,1,11.02,16.91,HIGH
2025-11-01 12:00:00,12,1,11,5,1,14.9,70.6,6,2,11.79,11.02,HIGH
2025-11-01 13:00:00,13,1,11,5,1,15.9,54.1,4,5,13.39,11.79,HIGH
2025-11-01 14:00:00,14,1,11,5,1,17.7,54.6,4,2,10.73,13.39,MEDIUM
2025-11-01 15:00:00,15,1,11,5,1,17.1,56.5,4,4,11.62,10.73,HIGH
2025-11-01 16:00:00,16,1,11,5,1,19.4,51.2,4,7,14.82,11.62,HIGH
2025-11-01 17:00:00,17,1,11,5,1,13.5,62.2,4,4,16.48,14.82,HIGH
2025-11-01 18:00:00,18,1,11,5,1,14.7,65.7,5,5,19.06,16.48,HIGH
2025-11-01 19:00:00,19,1,11,5,1,20.3,59.8,5,5,19.51,19.06,HIGH
2025-11-01 20:00:00,20,1,11,5,1,13.0,59.6,6,8,25.56,19.51,HIGH
2025-11-01 21:00:00,21,1,11,5,1,17.1,67.9,4,3,19.01,25.56,HIGH
2025-11-01 22:00:00,22,1,11,5,1,13.6,63.4,4,3,14.02,19.01,HIGH
2025-11-01 23:00:00,23,1,11,5,1,7.0,67.3,2,2,11.05,14.02,HIGH
2025-11-02 00:00:00,0,2,11,6,1,12.1,70.1,2,4,9.53,11.05,MEDIUM
2025-11-02 01:00:00,1,2,11,6,1,9.4,63.5,3,6,8.13,9.53,MEDIUM
2025-11-02 02:00:00,2,2,11,6,1,8.0,77.2,2,4,7.12,8.13,MEDIUM
2025-11-02 03:00:00,3,2,11,6,1,9.6,61.5,3,2,5.91,7.12,LOW
2025-11-02 04:00:00,4,2,11,6,1,10.4,75.8,2,4,4.71,5.91,LOW
2025-11-02 05:00:00,5,2,11,6,1,11.4,57.6,3,4,4.83,4.71,LOW
2025-11-02 06:00:00,6,2,11,6,1,13.4,65.7,5,2,6.64,4.83,MEDIUM
2025-11-02 07:00:00,7,2,11,6,1,12.5,59.1,5,3,8.7,6.64,MEDIUM
2025-11-02 08:00:00,8,2,11,6,1,9.3,71.0,6,1,11.18,8.7,HIGH
2025-11-02 09:00:00,9,2,11,6,1,12.8,60.0,5,4,12.88,11.18,HIGH
2025-11-02 10:00:00,10,2,11,6,1,22.7,60.7,4,5,13.11,12.88,HIGH
2025-11-02 11:00:00,11,2,11,6,1,18.3,56.8,4,5,12.91,13.11,HIGH
2025-11-02 12:00:00,12,2,11,6,1,23.5,64.2,4,4,12.44,12.91,HIGH
2025-11-02 13:00:00,13,2,11,6,1,21.8,55.3,5,4,12.82,12.44,HIGH
2025-11-02 14:00:00,14,2,11,6,1,19.4,70.3,7,3,13.75,12.82,HIGH
2025-11-02 15:00:00,15,2,11,6,1,19.8,54.1,6,2,12.99,13.75,HIGH
2025-11-02 16:00:00,16,2,11,6,1,18.7,52.4,4,4,12.6,12.99,HIGH
2025-11-02 17:00:00,17,2,11,6,1,14.0,68.1,7,1,14.32,12.6,HIGH
2025-11-02 18:00:00,18,2,11,6,1,17.6,57.4,4,4,15.53,14.32,HIGH
2025-11-02 19:00:00,19,2,11,6,1,19.5,60.2,4,6,17.94,15.53,HIGH
2025-11-02 20:00:00,20,2,11,6,1,13.8,60.5,5,8,23.3,17.94,HIGH
2025-11-02 21:00:00,21,2,11,6,1,15.0,54.1,4,6,22.33,23.3,HIGH
2025-11-02 22:00:00,22,2,11,6,1,14.8,61.6,4,2,13.6,22.33,HIGH
2025-11-02 23:00:00,23,2,11,6,1,9.2,71.9,4,4,12.13,13.6,HIGH
2025-11-03 00:00:00,0,3,11,0,0,9.3,70.3,2,2,8.48,12.13,MEDIUM
2025-11-03 01:00:00,1,3,11,0,0,7.1,66.6,2,3,6.25,8.48,MEDIUM
2025-11-03 02:00:00,2,3,11,0,0,7.1,71.8,4,2,4.77,6.25,LOW
2025-11-03 03:00:00,3,3,11,0,0,5.8,59.3,3,0,3.35,4.77,LOW
2025-11-03 04:00:00,4,3,11,0,0,6.9,63.3,5,1,3.47,3.35,LOW
2025-11-03 05:00:00,5,3,11,0,0,13.2,65.1,3,3,3.28,3.47,LOW
2025-11-03 06:00:00,6,3,11,0,0,8.2,63.9,3,1,5.28,3.28,LOW
2025-11-03 07:00:00,7,3,11,0,0,11.8,61.8,6,2,7.39,5.28,MEDIUM
2025-11-03 08:00:00,8,3,11,0,0,11.4,56.2,6,4,11.47,7.39,HIGH
2025-11-03 09:00:00,9,3,11,0,0,16.9,48.8,3,2,8.84,11.47,MEDIUM
2025-11-03 10:00:00,10,3,11,0,0,18.6,65.5,3,4,9.18,8.84,MEDIUM
2025-11-03 11:00:00,11,3,11,0,0,18.7,62.0,2,0,6.19,9.18,LOW
2025-11-03 12:00:00,12,3,11,0,0,18.3,66.1,2,2,5.77,6.19,LOW
2025-11-03 13:00:00,13,3,11,0,0,17.8,58.3,2,2,5.33,5.77,LOW
2025-11-03 14:00:00,14,3,11,0,0,15.8,57.4,1,1,4.75,5.33,LOW
2025-11-03 15:00:00,15,3,11,0,0,23.9,58.5,1,0,2.98,4.75,LOW
2025-11-03 16:00:00,16,3,11,0,0,16.9,66.4,1,2,3.98,2.98,LOW
2025-11-03 17:00:00,17,3,11,0,0,20.0,58.6,1,2,4.98,3.98,LOW
2025-11-03 18:00:00,18,3,11,0,0,20.2,64.7,5,1,7.42,4.98,MEDIUM
2025-11-03 19:00:00,19,3,11,0,0,15.1,55.9,5,4,12.43,7.42,HIGH
2025-11-03 20:00:00,20,3,11,0,0,17.9,59.9,4,9,18.22,12.43,HIGH
2025-11-03 21:00:00,21,3,11,0,0,15.9,61.2,7,4,18.56,18.22,HIGH
2025-11-03 22:00:00,22,3,11,0,0,17.0,68.6,4,3,12.53,18.56,HIGH
2025-11-03 23:00:00,23,3,11,0,0,10.3,65.1,2,0,8.14,12.53,MEDIUM
2025-11-04 00:00:00,0,4,11,1,0,7.2,75.6,5,0,7.05,8.14,MEDIUM
2025-11-04 01:00:00,1,4,11,1,0,8.4,56.6,2,2,5.29,7.05,LOW
2025-11-04 02:00:00,2,4,11,1,0,9.7,64.9,2,2,4.46,5.29,LOW
2025-11-04 03:00:00,3,4,11,1,0,9.1,65.4,3,1,4.09,4.46,LOW
2025-11-04 04:00:00,4,4,11,1,0,8.2,68.4,4,2,4.09,4.09,LOW
2025-11-04 05:00:00,5,4,11,1,0,4.9,61.2,2,1,3.43,4.09,LOW
2025-11-04 06:00:00,6,4,11,1,0,11.6,73.5,2,4,5.22,3.43,LOW
2025-11-04 07:00:00,7,4,11,1,0,16.4,61.5,6,1,5.91,5.22,LOW
2025-11-04 08:00:00,8,4,11,1,0,13.9,55.9,4,5,10.51,5.91,MEDIUM
2025-11-04 09:00:00,9,4,11,1,0,15.5,61.7,4,1,8.66,10.51,MEDIUM
2025-11-04 10:00:00,10,4,11,1,0,16.7,59.4,1,1,5.74,8.66,LOW
2025-11-04 11:00:00,11,4,11,1,0,17.5,77.7,1,1,4.76,5.74,LOW
2025-11-04 12:00:00,12,4,11,1,0,19.9,66.3,2,3,5.61,4.76,LOW
2025-11-04 13:00:00,13,4,11,1,0,19.3,60.6,1,3,5.72,5.61,LOW
2025-11-04 14:00:00,14,4,11,1,0,18.0,60.1,1,2,5.36,5.72,LOW
2025-11-04 15:00:00,15,4,11,1,0,17.0,66.9,4,3,7.8,5.36,MEDIUM
2025-11-04 16:00:00,16,4,11,1,0,18.2,66.7,2,2,6.43,7.8,MEDIUM
2025-11-04 17:00:00,17,4,11,1,0,19.1,42.9,3,4,10.34,6.43,MEDIUM
2025-11-04 18:00:00,18,4,11,1,0,16.7,65.2,4,5,13.02,10.34,HIGH
2025-11-04 19:00:00,19,4,11,1,0,17.3,61.2,4,7,16.77,13.02,HIGH
2025-11-04 20:00:00,20,4,11,1,0,16.4,53.6,4,3,14.72,16.77,HIGH
2025-11-04 21:00:00,21,4,11,1,0,16.1,66.8,4,4,15.05,14.72,HIGH
2025-11-04 22:00:00,22,4,11,1,0,15.9,75.1,5,1,10.09,15.05,MEDIUM
2025-11-04 23:00:00,23,4,11,1,0,11.7,66.7,2,2,7.8,10.09,MEDIUM
2025-11-05 00:00:00,0,5,11,2,0,7.2,71.7,7,2,9.16,7.8,MEDIUM
2025-11-05 01:00:00,1,5,11,2,0,8.8,75.3,3,1,6.42,9.16,MEDIUM
2025-11-05 02:00:00,2,5,11,2,0,9.3,59.3,2,0,4.11,6.42,LOW
2025-11-05 03:00:00,3,5,11,2,0,4.4,55.1,2,2,4.26,4.11,LOW
2025-11-05 04:00:00,4,5,11,2,0,12.6,66.9,4,4,4.08,4.26,LOW
2025-11-05 05:00:00,5,5,11,2,0,10.0,62.5,2,5,4.37,4.08,LOW
2025-11-05 06:00:00,6,5,11,2,0,11.4,55.2,2,1,4.59,4.37,LOW
2025-11-05 07:00:00,7,5,11,2,0,14.9,61.6,6,0,5.38,4.59,LOW
2025-11-05 08:00:00,8,5,11,2,0,11.1,67.9,4,1,6.78,5.38,MEDIUM
2025-11-05 09:00:00,9,5,11,2,0,15.4,60.9,4,0,5.45,6.78,LOW
2025-11-05 10:00:00,10,5,11,2,0,15.0,57.3,2,2,5.38,5.45,LOW
2025-11-05 11:00:00,11,5,11,2,0,16.0,60.3,2,2,5.48,5.38,LOW
2025-11-05 12:00:00,12,5,11,2,0,15.6,61.6,1,2,6.32,5.48,MEDIUM
2025-11-05 13:00:00,13,5,11,2,0,22.5,47.4,4,1,5.21,6.32,LOW
2025-11-05 14:00:00,14,5,11,2,0,17.9,60.0,1,0,3.23,5.21,LOW
2025-11-05 15:00:00,15,5,11,2,0,20.7,51.7,3,1,4.21,3.23,LOW
2025-11-05 16:00:00,16,5,11,2,0,14.1,66.3,3,4,7.76,4.21,MEDIUM
2025-11-05 17:00:00,17,5,11,2,0,21.3,50.1,3,5,11.32,7.76,HIGH
2025-11-05 18:00:00,18,5,11,2,0,20.2,66.0,6,4,13.84,11.32,HIGH
2025-11-05 19:00:00,19,5,11,2,0,16.7,58.9,4,3,13.4,13.84,HIGH
2025-11-05 20:00:00,20,5,11,2,0,14.7,58.9,5,2,12.4,13.4,HIGH
2025-11-05 21:00:00,21,5,11,2,0,15.0,63.8,5,9,20.32,12.4,HIGH
2025-11-05 22:00:00,22,5,11,2,0,18.4,55.4,4,4,13.53,20.32,HIGH
2025-11-05 23:00:00,23,5,11,2,0,7.1,66.8,4,4,11.27,13.53,HIGH
2025-11-06 00:00:00,0,6,11,3,0,12.4,58.6,3,3,8.71,11.27,MEDIUM
2025-11-06 01:00:00,1,6,11,3,0,7.4,61.7,3,2,6.36,8.71,MEDIUM
2025-11-06 02:00:00,2,6,11,3,0,9.1,66.8,3,1,4.04,6.36,LOW
2025-11-06 03:00:00,3,6,11,3,0,8.4,57.8,5,4,4.86,4.04,LOW
2025-11-06 04:00:00,4,6,11,3,0,8.1,57.2,5,0,4.01,4.86,LOW
2025-11-06 05:00:00,5,6,11,3,0,9.6,65.6,4,1,3.62,4.01,LOW
2025-11-06 06:00:00,6,6,11,3,0,7.6,64.8,3,1,5.11,3.62,LOW
2025-11-06 07:00:00,7,6,11,3,0,14.1,63.4,4,2,6.06,5.11,LOW
2025-11-06 08:00:00,8,6,11,3,0,8.2,66.7,5,2,9.23,6.06,MEDIUM
2025-11-06 09:00:00,9,6,11,3,0,15.3,62.2,3,2,8.62,9.23,MEDIUM
2025-11-06 10:00:00,10,6,11,3,0,14.5,65.8,1,3,7.82,8.62,MEDIUM
2025-11-06 11:00:00,11,6,11,3,0,13.6,63.1,3,2,7.68,7.82,MEDIUM
2025-11-06 12:00:00,12,6,11,3,0,18.0,48.8,2,2,6.13,7.68,LOW
2025-11-06 13:00:00,13,6,11,3,0,14.4,51.8,3,1,6.21,6.13,LOW
2025-11-06 14:00:00,14,6,11,3,0,18.9,72.0,3,2,6.68,6.21,MEDIUM
2025-11-06 15:00:00,15,6,11,3,0,15.4,61.8,4,2,7.01,6.68,MEDIUM
2025-11-06 16:00:00,16,6,11,3,0,20.0,65.7,2,1,5.61,7.01,LOW
2025-11-06 17:00:00,17,6,11,3,0,16.0,59.5,1,2,5.9,5.61,LOW
2025-11-06 18:00:00,18,6,11,3,0,16.4,61.1,5,3,9.96,5.9,MEDIUM
2025-11-06 19:00:00,19,6,11,3,0,17.2,58.4,5,4,13.02,9.96,HIGH
2025-11-06 20:00:00,20,6,11,3,0,13.4,77.4,5,5,15.65,13.02,HIGH
2025-11-06 21:00:00,21,6,11,3,0,13.9,64.0,5,5,17.74,15.65,HIGH
2025-11-06 22:00:00,22,6,11,3,0,8.9,61.2,4,2,12.43,17.74,HIGH
2025-11-06 23:00:00,23,6,11,3,0,13.1,52.9,2,3,8.56,12.43,MEDIUM
2025-11-07 00:00:00,0,7,11,4,0,14.9,73.9,4,2,7.32,8.56,MEDIUM
2025-11-07 01:00:00,1,7,11,4,0,16.7,60.3,3,5,5.74,7.32,LOW
2025-11-07 02:00:00,2,7,11,4,0,9.4,68.7,3,0,3.66,5.74,LOW
2025-11-07 03:00:00,3,7,11,4,0,11.0,68.7,3,0,2.71,3.66,LOW
2025-11-07 04:00:00,4,7,11,4,0,4.7,63.3,4,0,3.0,2.71,LOW
2025-11-07 05:00:00,5,7,11,4,0,13.4,66.7,2,0,2.21,3.0,LOW
2025-11-07 06:00:00,6,7,11,4,0,12.4,59.4,2,4,4.99,2.21,LOW
2025-11-07 07:00:00,7,7,11,4,0,10.3,57.9,5,1,6.08,4.99,LOW
2025-11-07 08:00:00,8,7,11,4,0,15.8,68.7,5,1,7.27,6.08,MEDIUM
2025-11-07 09:00:00,9,7,11,4,0,13.4,61.7,3,5,9.88,7.27,MEDIUM
2025-11-07 10:00:00,10,7,11,4,0,14.1,65.5,4,0,7.86,9.88,MEDIUM
2025-11-07 11:00:00,11,7,11,4,0,17.7,63.4,1,1,5.71,7.86,LOW
2025-11-07 12:00:00,12,7,11,4,0,14.9,65.9,1,2,5.73,5.71,LOW
2025-11-07 13:00:00,13,7,11,4,0,20.9,50.3,1,3,6.48,5.73,MEDIUM
2025-11-07 14:00:00,14,7,11,4,0,16.2,58.0,3,1,5.57,6.48,LOW
2025-11-07 15:00:00,15,7,11,4,0,16.4,59.5,2,4,7.2,5.57,MEDIUM
2025-11-07 16:00:00,16,7,11,4,0,16.6,56.4,3,1,6.45,7.2,MEDIUM
2025-11-07 17:00:00,17,7,11,4,0,20.2,62.5,2,5,10.09,6.45,MEDIUM
2025-11-07 18:00:00,18,7,11,4,0,16.0,68.7,4,6,14.52,10.09,HIGH
2025-11-07 19:00:00,19,7,11,4,0,13.1,70.8,5,6,18.24,14.52,HIGH
2025-11-07 20:00:00,20,7,11,4,0,13.8,60.4,5,9,22.61,18.24,HIGH
2025-11-07 21:00:00,21,7,11,4,0,13.9,64.2,11,1,21.15,22.61,HIGH
2025-11-07 22:00:00,22,7,11,4,0,9.8,66.8,5,5,15.33,21.15,HIGH
2025-11-07 23:00:00,23,7,11,4,0,8.6,68.3,4,2,11.12,15.33,HIGH
2025-11-08 00:00:00,0,8,11,5,1,15.7,56.5,2,4,9.06,11.12,MEDIUM
2025-11-08 01:00:00,1,8,11,5,1,7.5,75.9,4,3,7.39,9.06,MEDIUM
2025-11-08 02:00:00,2,8,11,5,1,8.4,70.2,3,4,6.53,7.39,MEDIUM
2025-11-08 03:00:00,3,8,11,5,1,8.1,70.5,4,1,5.01,6.53,LOW
2025-11-08 04:00:00,4,8,11,5,1,8.1,72.0,3,5,5.99,5.01,LOW
2025-11-08 05:00:00,5,8,11,5,1,11.2,66.7,2,2,4.53,5.99,LOW
2025-11-08 06:00:00,6,8,11,5,1,12.8,56.7,4,3,6.5,4.53,MEDIUM
2025-11-08 07:00:00,7,8,11,5,1,10.7,62.9,4,3,8.01,6.5,MEDIUM
2025-11-08 08:00:00,8,8,11,5,1,9.6,54.3,4,3,11.69,8.01,HIGH
2025-11-08 09:00:00,9,8,11,5,1,17.2,63.6,7,1,11.26,11.69,HIGH
2025-11-08 10:00:00,10,8,11,5,1,15.1,60.9,4,4,12.33,11.26,HIGH
2025-11-08 11:00:00,11,8,11,5,1,20.8,59.4,5,0,9.35,12.33,MEDIUM
2025-11-08 12:00:00,12,8,11,5,1,11.9,70.5,6,3,12.46,9.35,HIGH
2025-11-08 13:00:00,13,8,11,5,1,18.8,57.7,4,1,10.09,12.46,MEDIUM
2025-11-08 14:00:00,14,8,11,5,1,23.6,57.0,4,4,11.46,10.09,HIGH
2025-11-08 15:00:00,15,8,11,5,1,18.1,60.9,6,5,14.27,11.46,HIGH
2025-11-08 16:00:00,16,8,11,5,1,18.3,49.6,4,4,12.99,14.27,HIGH
2025-11-08 17:00:00,17,8,11,5,1,19.1,58.8,5,7,19.21,12.99,HIGH
2025-11-08 18:00:00,18,8,11,5,1,16.1,46.6,4,2,15.33,19.21,HIGH
2025-11-08 19:00:00,19,8,11,5,1,15.7,58.2,7,5,20.07,15.33,HIGH
2025-11-08 20:00:00,20,8,11,5,1,14.4,67.4,7,8,26.68,20.07,HIGH
2025-11-08 21:00:00,21,8,11,5,1,12.4,65.7,4,6,24.97,26.68,HIGH
2025-11-08 22:00:00,22,8,11,5,1,15.8,58.1,4,3,15.69,24.97,HIGH
2025-11-08 23:00:00,23,8,11,5,1,12.7,63.2,4,5,13.37,15.69,HIGH
2025-11-09 00:00:00,0,9,11,6,1,11.1,57.1,2,3,9.79,13.37,MEDIUM
2025-11-09 01:00:00,1,9,11,6,1,11.7,63.3,3,2,6.37,9.79,MEDIUM
2025-11-09 02:00:00,2,9,11,6,1,8.5,82.2,3,4,5.17,6.37,LOW
2025-11-09 03:00:00,3,9,11,6,1,7.1,76.2,5,4,6.29,5.17,MEDIUM
2025-11-09 04:00:00,4,9,11,6,1,7.7,65.2,3,7,6.64,6.29,MEDIUM
2025-11-09 05:00:00,5,9,11,6,1,9.7,65.1,2,5,5.94,6.64,LOW
2025-11-09 06:00:00,6,9,11,6,1,7.8,59.0,2,5,8.43,5.94,MEDIUM
2025-11-09 07:00:00,7,9,11,6,1,10.2,59.1,5,1,8.55,8.43,MEDIUM
2025-11-09 08:00:00,8,9,11,6,1,11.4,65.6,4,1,9.48,8.55,MEDIUM
2025-11-09 09:00:00,9,9,11,6,1,19.3,57.1,5,3,11.17,9.48,HIGH
2025-11-09 10:00:00,10,9,11,6,1,8.4,70.1,5,5,14.62,11.17,HIGH
2025-11-09 11:00:00,11,9,11,6,1,16.1,71.0,6,0,11.61,14.62,HIGH
2025-11-09 12:00:00,12,9,11,6,1,21.8,61.3,5,3,11.33,11.61,HIGH
2025-11-09 13:00:00,13,9,11,6,1,18.6,61.2,5,4,12.47,11.33,HIGH
2025-11-09 14:00:00,14,9,11,6,1,20.7,49.6,6,5,14.83,12.47,HIGH
2025-11-09 15:00:00,15,9,11,6,1,19.2,64.8,4,3,12.34,14.83,HIGH
2025-11-09 16:00:00,16,9,11,6,1,17.2,54.3,4,2,10.63,12.34,MEDIUM
2025-11-09 17:00:00,17,9,11,6,1,12.7,60.4,5,4,15.39,10.63,HIGH
2025-11-09 18:00:00,18,9,11,6,1,18.0,66.6,5,2,14.55,15.39,HIGH
2025-11-09 19:00:00,19,9,11,6,1,14.6,68.3,5,3,15.73,14.55,HIGH
2025-11-09 20:00:00,20,9,11,6,1,13.3,59.9,5,3,16.39,15.73,HIGH
2025-11-09 21:00:00,21,9,11,6,1,12.8,60.4,6,6,21.52,16.39,HIGH
2025-11-09 22:00:00,22,9,11,6,1,17.1,57.0,5,6,16.79,21.52,HIGH
2025-11-09 23:00:00,23,9,11,6,1,17.5,53.8,4,2,10.68,16.79,MEDIUM
2025-11-10 00:00:00,0,10,11,0,0,11.0,59.8,3,0,7.29,10.68,MEDIUM
2025-11-10 01:00:00,1,10,11,0,0,8.5,54.9,4,0,4.7,7.29,LOW
2025-11-10 02:00:00,2,10,11,0,0,6.2,69.6,2,6,5.48,4.7,LOW
2025-11-10 03:00:00,3,10,11,0,0,10.2,66.3,2,1,3.64,5.48,LOW
2025-11-10 04:00:00,4,10,11,0,0,13.6,65.9,3,1,2.71,3.64,LOW
2025-11-10 05:00:00,5,10,11,0,0,9.1,58.6,2,0,2.09,2.71,LOW
2025-11-10 06:00:00,6,10,11,0,0,4.5,59.0,3,0,4.07,2.09,LOW
2025-11-10 07:00:00,7,10,11,0,0,13.2,63.0,5,1,5.5,4.07,LOW
2025-11-10 08:00:00,8,10,11,0,0,15.2,62.3,5,4,9.06,5.5,MEDIUM
2025-11-10 09:00:00,9,10,11,0,0,10.0,63.1,3,2,9.0,9.06,MEDIUM
2025-11-10 10:00:00,10,10,11,0,0,15.7,60.0,2,1,6.47,9.0,MEDIUM
2025-11-10 11:00:00,11,10,11,0,0,17.6,71.2,1,3,6.22,6.47,LOW
2025-11-10 12:00:00,12,10,11,0,0,17.4,63.6,3,0,4.79,6.22,LOW
2025-11-10 13:00:00,13,10,11,0,0,16.4,73.3,2,0,3.78,4.79,LOW
2025-11-10 14:00:00,14,10,11,0,0,21.4,67.1,2,2,4.38,3.78,LOW
2025-11-10 15:00:00,15,10,11,0,0,18.0,71.0,1,1,3.75,4.38,LOW
2025-11-10 16:00:00,16,10,11,0,0,15.1,55.5,1,1,4.26,3.75,LOW
2025-11-10 17:00:00,17,10,11,0,0,13.2,66.3,2,4,9.04,4.26,MEDIUM
2025-11-10 18:00:00,18,10,11,0,0,20.7,57.1,4,9,16.68,9.04,HIGH
2025-11-10 19:00:00,19,10,11,0,0,18.0,50.8,4,5,16.39,16.68,HIGH
2025-11-10 20:00:00,20,10,11,0,0,15.5,70.8,4,3,14.37,16.39,HIGH
2025-11-10 21:00:00,21,10,11,0,0,12.9,61.1,6,8,20.77,14.37,HIGH
2025-11-10 22:00:00,22,10,11,0,0,11.4,57.1,6,3,14.05,20.77,HIGH
2025-11-10 23:00:00,23,10,11,0,0,8.8,62.0,2,2,9.63,14.05,MEDIUM
2025-11-11 00:00:00,0,11,11,1,0,9.4,59.5,3,2,7.87,9.63,MEDIUM
2025-11-11 01:00:00,1,11,11,1,0,4.4,62.1,3,3,5.42,7.87,LOW
2025-11-11 02:00:00,2,11,11,1,0,7.3,63.8,3,1,4.03,5.42,LOW
2025-11-11 03:00:00,3,11,11,1,0,8.2,75.1,2,5,3.73,4.03,LOW
2025-11-11 04:00:00,4,11,11,1,0,10.7,59.7,3,2,3.32,3.73,LOW
2025-11-11 05:00:00,5,11,11,1,0,9.6,74.1,2,3,3.71,3.32,LOW
2025-11-11 06:00:00,6,11,11,1,0,12.5,68.1,2,3,4.84,3.71,LOW
2025-11-11 07:00:00,7,11,11,1,0,14.9,64.4,4,3,5.94,4.84,LOW
2025-11-11 08:00:00,8,11,11,1,0,15.4,66.3,4,2,6.79,5.94,MEDIUM
2025-11-11 09:00:00,9,11,11,1,0,15.2,62.0,1,1,5.31,6.79,LOW
2025-11-11 10:00:00,10,11,11,1,0,15.3,69.6,2,1,5.01,5.31,LOW
2025-11-11 11:00:00,11,11,11,1,0,14.0,65.8,2,2,5.96,5.01,LOW
2025-11-11 12:00:00,12,11,11,1,0,19.4,50.3,1,2,5.59,5.96,LOW
2025-11-11 13:00:00,13,11,11,1,0,22.5,60.8,1,1,3.88,5.59,LOW
2025-11-11 14:00:00,14,11,11,1,0,19.7,64.8,3,1,5.05,3.88,LOW
2025-11-11 15:00:00,15,11,11,1,0,23.8,56.7,3,0,4.26,5.05,LOW
2025-11-11 16:00:00,16,11,11,1,0,15.0,62.8,2,0,4.26,4.26,LOW
2025-11-11 17:00:00,17,11,11,1,0,15.4,58.2,2,5,9.52,4.26,MEDIUM
2025-11-11 18:00:00,18,11,11,1,0,19.7,51.9,4,1,8.2,9.52,MEDIUM
2025-11-11 19:00:00,19,11,11,1,0,17.2,51.8,5,6,13.8,8.2,HIGH
2025-11-11 20:00:00,20,11,11,1,0,18.6,51.3,4,2,11.64,13.8,HIGH
2025-11-11 21:00:00,21,11,11,1,0,14.0,66.4,5,5,14.85,11.64,HIGH
2025-11-11 22:00:00,22,11,11,1,0,10.5,48.9,6,5,13.37,14.85,HIGH
2025-11-11 23:00:00,23,11,11,1,0,11.0,59.6,3,0,8.62,13.37,MEDIUM
2025-11-12 00:00:00,0,12,11,2,0,6.6,60.8,2,0,5.77,8.62,LOW
2025-11-12 01:00:00,1,12,11,2,0,6.8,63.6,3,2,4.58,5.77,LOW
2025-11-12 02:00:00,2,12,11,2,0,11.6,52.2,2,3,3.9,4.58,LOW
2025-11-12 03:00:00,3,12,11,2,0,11.2,65.9,2,3,3.9,3.9,LOW
2025-11-12 04:00:00,4,12,11,2,0,10.1,56.3,2,0,2.95,3.9,LOW
2025-11-12 05:00:00,5,12,11,2,0,5.4,72.6,2,1,2.87,2.95,LOW
2025-11-12 06:00:00,6,12,11,2,0,9.6,60.4,3,1,3.85,2.87,LOW
2025-11-12 07:00:00,7,12,11,2,0,8.4,64.1,4,1,5.34,3.85,LOW
2025-11-12 08:00:00,8,12,11,2,0,15.6,61.8,8,4,10.81,5.34,MEDIUM
2025-11-12 09:00:00,9,12,11,2,0,12.5,64.5,2,3,9.3,10.81,MEDIUM
2025-11-12 10:00:00,10,12,11,2,0,12.6,63.2,3,5,11.78,9.3,HIGH
2025-11-12 11:00:00,11,12,11,2,0,16.6,58.8,4,2,9.8,11.78,MEDIUM
2025-11-12 12:00:00,12,12,11,2,0,15.9,63.7,1,2,7.02,9.8,MEDIUM
2025-11-12 13:00:00,13,12,11,2,0,22.0,62.0,2,2,6.04,7.02,LOW
2025-11-12 14:00:00,14,12,11,2,0,17.0,56.6,3,0,5.24,6.04,LOW
2025-11-12 15:00:00,15,12,11,2,0,15.5,64.4,4,1,6.6,5.24,MEDIUM
2025-11-12 16:00:00,16,12,11,2,0,13.4,69.8,6,2,9.34,6.6,MEDIUM
2025-11-12 17:00:00,17,12,11,2,0,18.3,64.9,4,10,18.3,9.34,HIGH
2025-11-12 18:00:00,18,12,11,2,0,16.1,67.2,6,3,16.27,18.3,HIGH
2025-11-12 19:00:00,19,12,11,2,0,12.9,63.9,4,1,12.84,16.27,HIGH
2025-11-12 20:00:00,20,12,11,2,0,18.3,55.1,5,8,17.81,12.84,HIGH
2025-11-12 21:00:00,21,12,11,2,0,15.7,56.9,4,4,16.34,17.81,HIGH
2025-11-12 22:00:00,22,12,11,2,0,12.6,64.9,6,4,13.36,16.34,HIGH
2025-11-12 23:00:00,23,12,11,2,0,14.9,67.7,3,2,8.71,13.36,MEDIUM
2025-11-13 00:00:00,0,13,11,3,0,12.1,79.9,2,4,7.94,8.71,MEDIUM
2025-11-13 01:00:00,1,13,11,3,0,7.6,70.9,4,0,4.91,7.94,LOW
2025-11-13 02:00:00,2,13,11,3,0,6.6,58.3,2,2,4.16,4.91,LOW
2025-11-13 03:00:00,3,13,11,3,0,11.0,59.0,4,1,3.58,4.16,LOW
2025-11-13 04:00:00,4,13,11,3,0,10.2,77.6,2,3,3.65,3.58,LOW
2025-11-13 05:00:00,5,13,11,3,0,10.1,62.7,3,1,3.11,3.65,LOW
2025-11-13 06:00:00,6,13,11,3,0,8.3,65.0,3,1,5.25,3.11,LOW
2025-11-13 07:00:00,7,13,11,3,0,13.0,57.0,4,0,5.21,5.25,LOW
2025-11-13 08:00:00,8,13,11,3,0,10.8,73.1,5,1,7.55,5.21,MEDIUM
2025-11-13 09:00:00,9,13,11,3,0,13.7,65.5,1,1,5.26,7.55,LOW
2025-11-13 10:00:00,10,13,11,3,0,18.9,55.8,2,2,4.85,5.26,LOW
2025-11-13 11:00:00,11,13,11,3,0,14.8,56.1,3,2,5.77,4.85,LOW
2025-11-13 12:00:00,12,13,11,3,0,13.6,64.4,1,1,5.16,5.77,LOW
2025-11-13 13:00:00,13,13,11,3,0,15.7,62.0,2,4,7.27,5.16,MEDIUM
2025-11-13 14:00:00,14,13,11,3,0,21.3,64.5,3,1,6.56,7.27,MEDIUM
2025-11-13 15:00:00,15,13,11,3,0,19.6,63.4,3,0,5.28,6.56,LOW
2025-11-13 16:00:00,16,13,11,3,0,18.5,59.0,1,1,3.31,5.28,LOW
2025-11-13 17:00:00,17,13,11,3,0,17.1,57.9,3,6,10.27,3.31,MEDIUM
2025-11-13 18:00:00,18,13,11,3,0,18.7,59.6,4,2,9.55,10.27,MEDIUM
2025-11-13 19:00:00,19,13,11,3,0,14.4,58.9,4,4,12.47,9.55,HIGH
2025-11-13 20:00:00,20,13,11,3,0,16.1,60.8,4,2,11.63,12.47,HIGH
2025-11-13 21:00:00,21,13,11,3,0,12.2,63.2,4,3,13.0,11.63,HIGH
2025-11-13 22:00:00,22,13,11,3,0,10.5,58.4,5,5,11.93,13.0,HIGH
2025-11-13 23:00:00,23,13,11,3,0,9.9,67.8,5,0,8.27,11.93,MEDIUM
2025-11-14 00:00:00,0,14,11,4,0,9.5,62.0,2,2,7.75,8.27,MEDIUM
2025-11-14 01:00:00,1,14,11,4,0,9.5,59.1,3,0,4.85,7.75,LOW
2025-11-14 02:00:00,2,14,11,4,0,9.8,62.0,3,4,5.24,4.85,LOW
2025-11-14 03:00:00,3,14,11,4,0,-0.2,69.5,3,3,5.47,5.24,LOW
2025-11-14 04:00:00,4,14,11,4,0,7.2,65.6,3,0,4.13,5.47,LOW
2025-11-14 05:00:00,5,14,11,4,0,8.7,67.1,3,2,4.05,4.13,LOW
2025-11-14 06:00:00,6,14,11,4,0,14.2,67.7,6,1,5.44,4.05,LOW
2025-11-14 07:00:00,7,14,11,4,0,8.8,72.3,6,0,6.14,5.44,LOW
2025-11-14 08:00:00,8,14,11,4,0,13.1,64.5,5,2,8.29,6.14,MEDIUM
2025-11-14 09:00:00,9,14,11,4,0,17.7,54.5,3,5,9.73,8.29,MEDIUM
2025-11-14 10:00:00,10,14,11,4,0,12.0,61.6,1,1,6.18,9.73,LOW
2025-11-14 11:00:00,11,14,11,4,0,17.5,55.0,2,3,6.72,6.18,MEDIUM
2025-11-14 12:00:00,12,14,11,4,0,15.5,72.0,6,3,9.87,6.72,MEDIUM
2025-11-14 13:00:00,13,14,11,4,0,17.1,73.1,2,1,6.53,9.87,MEDIUM
2025-11-14 14:00:00,14,14,11,4,0,16.8,65.2,1,1,4.47,6.53,LOW
2025-11-14 15:00:00,15,14,11,4,0,17.2,66.3,3,3,6.61,4.47,MEDIUM
2025-11-14 16:00:00,16,14,11,4,0,25.6,59.3,4,4,9.16,6.61,MEDIUM
2025-11-14 17:00:00,17,14,11,4,0,20.4,62.0,1,4,9.39,9.16,MEDIUM
2025-11-14 18:00:00,18,14,11,4,0,20.3,50.3,4,4,11.92,9.39,HIGH
2025-11-14 19:00:00,19,14,11,4,0,17.7,60.5,5,3,12.77,11.92,HIGH
2025-11-14 20:00:00,20,14,11,4,0,11.3,58.2,5,1,12.23,12.77,HIGH
2025-11-14 21:00:00,21,14,11,4,0,15.0,63.7,4,5,14.71,12.23,HIGH
2025-11-14 22:00:00,22,14,11,4,0,15.4,61.5,5,3,10.98,14.71,MEDIUM
2025-11-14 23:00:00,23,14,11,4,0,9.4,75.9,5,1,8.98,10.98,MEDIUM
2025-11-15 00:00:00,0,15,11,5,1,12.9,68.3,3,2,7.77,8.98,MEDIUM
2025-11-15 01:00:00,1,15,11,5,1,11.4,65.1,3,1,5.34,7.77,LOW
2025-11-15 02:00:00,2,15,11,5,1,13.8,60.9,2,3,4.73,5.34,LOW
2025-11-15 03:00:00,3,15,11,5,1,8.0,74.9,2,0,3.7,4.73,LOW
2025-11-15 04:00:00,4,15,11,5,1,6.4,65.3,5,1,3.44,3.7,LOW
2025-11-15 05:00:00,5,15,11,5,1,8.8,66.5,3,2,3.33,3.44,LOW
2025-11-15 06:00:00,6,15,11,5,1,14.1,62.6,3,1,4.62,3.33,LOW
2025-11-15 07:00:00,7,15,11,5,1,6.9,62.8,4,8,10.77,4.62,MEDIUM
2025-11-15 08:00:00,8,15,11,5,1,7.5,65.2,5,5,15.38,10.77,HIGH
2025-11-15 09:00:00,9,15,11,5,1,14.2,50.5,5,2,12.6,15.38,HIGH
2025-11-15 10:00:00,10,15,11,5,1,14.2,53.0,4,4,13.31,12.6,HIGH
2025-11-15 11:00:00,11,15,11,5,1,16.5,63.5,4,5,13.52,13.31,HIGH
2025-11-15 12:00:00,12,15,11,5,1,19.9,69.4,5,4,13.87,13.52,HIGH
2025-11-15 13:00:00,13,15,11,5,1,16.9,63.3,4,6,14.65,13.87,HIGH
2025-11-15 14:00:00,14,15,11,5,1,14.1,58.0,6,3,14.03,14.65,HIGH
2025-11-15 15:00:00,15,15,11,5,1,24.1,49.7,6,0,10.72,14.03,MEDIUM
2025-11-15 16:00:00,16,15,11,5,1,16.3,66.2,5,2,10.15,10.72,MEDIUM
2025-11-15 17:00:00,17,15,11,5,1,15.7,58.3,4,5,14.67,10.15,HIGH
2025-11-15 18:00:00,18,15,11,5,1,20.3,63.7,5,4,16.48,14.67,HIGH
2025-11-15 19:00:00,19,15,11,5,1,15.5,64.1,6,9,24.86,16.48,HIGH
2025-11-15 20:00:00,20,15,11,5,1,15.1,64.8,7,5,24.27,24.86,HIGH
2025-11-15 21:00:00,21,15,11,5,1,15.2,62.1,6,4,21.84,24.27,HIGH
2025-11-15 22:00:00,22,15,11,5,1,15.4,64.1,4,4,14.51,21.84,HIGH
2025-11-15 23:00:00,23,15,11,5,1,10.7,63.0,3,6,13.42,14.51,HIGH
2025-11-16 00:00:00,0,16,11,6,1,14.3,58.5,3,7,12.74,13.42,HIGH
2025-11-16 01:00:00,1,16,11,6,1,4.3,60.5,5,2,8.38,12.74,MEDIUM
2025-11-16 02:00:00,2,16,11,6,1,11.1,49.2,3,5,7.0,8.38,MEDIUM
2025-11-16 03:00:00,3,16,11,6,1,6.9,64.2,2,2,4.82,7.0,LOW
2025-11-16 04:00:00,4,16,11,6,1,12.6,72.1,2,3,4.35,4.82,LOW
2025-11-16 05:00:00,5,16,11,6,1,10.0,68.4,4,2,4.26,4.35,LOW
2025-11-16 06:00:00,6,16,11,6,1,8.8,65.8,4,3,7.42,4.26,MEDIUM
2025-11-16 07:00:00,7,16,11,6,1,13.2,58.3,4,3,7.67,7.42,MEDIUM
2025-11-16 08:00:00,8,16,11,6,1,14.9,68.0,5,2,9.64,7.67,MEDIUM
2025-11-16 09:00:00,9,16,11,6,1,15.6,61.0,5,4,11.47,9.64,HIGH
2025-11-16 10:00:00,10,16,11,6,1,12.7,72.4,6,3,13.41,11.47,HIGH
2025-11-16 11:00:00,11,16,11,6,1,15.3,56.0,4,3,12.25,13.41,HIGH
2025-11-16 12:00:00,12,16,11,6,1,17.5,56.5,5,3,11.36,12.25,HIGH
2025-11-16 13:00:00,13,16,11,6,1,18.2,55.6,5,4,12.43,11.36,HIGH
2025-11-16 14:00:00,14,16,11,6,1,20.7,50.8,6,5,14.72,12.43,HIGH
2025-11-16 15:00:00,15,16,11,6,1,14.0,56.8,4,1,11.14,14.72,HIGH
2025-11-16 16:00:00,16,16,11,6,1,19.7,60.7,5,4,11.88,11.14,HIGH
2025-11-16 17:00:00,17,16,11,6,1,17.6,56.7,4,3,12.82,11.88,HIGH
2025-11-16 18:00:00,18,16,11,6,1,15.4,38.7,5,2,12.79,12.82,HIGH
2025-11-16 19:00:00,19,16,11,6,1,14.6,68.6,4,5,16.64,12.79,HIGH
2025-11-16 20:00:00,20,16,11,6,1,14.8,52.0,5,5,19.26,16.64,HIGH
2025-11-16 21:00:00,21,16,11,6,1,5.0,69.5,5,7,24.79,19.26,HIGH
2025-11-16 22:00:00,22,16,11,6,1,11.0,63.8,5,3,16.68,24.79,HIGH
2025-11-16 23:00:00,23,16,11,6,1,9.3,77.0,3,1,11.59,16.68,HIGH
2025-11-17 00:00:00,0,17,11,0,0,11.8,69.3,4,0,8.44,11.59,MEDIUM
2025-11-17 01:00:00,1,17,11,0,0,7.7,61.9,2,1,5.56,8.44,LOW
2025-11-17 02:00:00,2,17,11,0,0,8.6,60.3,2,5,4.81,5.56,LOW
2025-11-17 03:00:00,3,17,11,0,0,12.9,71.9,6,1,4.7,4.81,LOW
2025-11-17 04:00:00,4,17,11,0,0,11.7,54.5,2,1,3.59,4.7,LOW
2025-11-17 05:00:00,5,17,11,0,0,11.9,64.4,4,1,3.39,3.59,LOW
2025-11-17 06:00:00,6,17,11,0,0,9.2,63.5,3,2,5.31,3.39,LOW
2025-11-17 07:00:00,7,17,11,0,0,12.9,60.8,4,0,5.28,5.31,LOW
2025-11-17 08:00:00,8,17,11,0,0,12.1,65.3,5,2,7.45,5.28,MEDIUM
2025-11-17 09:00:00,9,17,11,0,0,13.5,63.7,1,3,7.3,7.45,MEDIUM
2025-11-17 10:00:00,10,17,11,0,0,16.3,64.2,2,1,5.44,7.3,LOW
2025-11-17 11:00:00,11,17,11,0,0,15.0,62.8,1,3,6.35,5.44,MEDIUM
2025-11-17 12:00:00,12,17,11,0,0,21.3,62.0,1,0,3.5,6.35,LOW
2025-11-17 13:00:00,13,17,11,0,0,17.9,61.4,2,3,6.53,3.5,MEDIUM
2025-11-17 14:00:00,14,17,11,0,0,20.4,55.9,1,4,7.28,6.53,MEDIUM
2025-11-17 15:00:00,15,17,11,0,0,22.6,59.0,1,3,6.16,7.28,LOW
2025-11-17 16:00:00,16,17,11,0,0,21.4,55.2,1,3,6.4,6.16,MEDIUM
2025-11-17 17:00:00,17,17,11,0,0,14.8,57.4,3,3,9.19,6.4,MEDIUM
2025-11-17 18:00:00,18,17,11,0,0,18.6,58.5,6,4,13.24,9.19,HIGH
2025-11-17 19:00:00,19,17,11,0,0,18.6,59.8,5,2,12.17,13.24,HIGH
2025-11-17 20:00:00,20,17,11,0,0,17.5,61.2,4,0,8.4,12.17,MEDIUM
2025-11-17 21:00:00,21,17,11,0,0,11.2,69.0,6,5,15.14,8.4,HIGH
2025-11-17 22:00:00,22,17,11,0,0,11.1,60.6,4,2,10.29,15.14,MEDIUM
2025-11-17 23:00:00,23,17,11,0,0,14.0,63.6,2,3,7.07,10.29,MEDIUM
2025-11-18 00:00:00,0,18,11,1,0,8.6,65.3,3,1,6.17,7.07,LOW
2025-11-18 01:00:00,1,18,11,1,0,8.9,60.8,3,3,4.94,6.17,LOW
2025-11-18 02:00:00,2,18,11,1,0,13.1,63.2,3,2,3.41,4.94,LOW
2025-11-18 03:00:00,3,18,11,1,0,8.9,70.5,5,1,4.03,3.41,LOW
2025-11-18 04:00:00,4,18,11,1,0,7.4,66.2,2,0,3.17,4.03,LOW
2025-11-18 05:00:00,5,18,11,1,0,7.5,66.4,3,0,2.9,3.17,LOW
2025-11-18 06:00:00,6,18,11,1,0,11.3,59.2,4,2,5.34,2.9,LOW
2025-11-18 07:00:00,7,18,11,1,0,8.2,76.5,6,0,6.61,5.34,MEDIUM
2025-11-18 08:00:00,8,18,11,1,0,12.1,59.3,4,0,6.64,6.61,MEDIUM
2025-11-18 09:00:00,9,18,11,1,0,14.8,52.1,1,3,7.32,6.64,MEDIUM
2025-11-18 10:00:00,10,18,11,1,0,18.5,65.8,3,3,7.01,7.32,MEDIUM
2025-11-18 11:00:00,11,18,11,1,0,18.2,60.0,2,1,5.63,7.01,LOW
2025-11-18 12:00:00,12,18,11,1,0,15.8,59.9,2,1,5.04,5.63,LOW
2025-11-18 13:00:00,13,18,11,1,0,21.3,56.2,3,3,7.19,5.04,MEDIUM
2025-11-18 14:00:00,14,18,11,1,0,18.1,72.0,1,3,6.75,7.19,MEDIUM
2025-11-18 15:00:00,15,18,11,1,0,15.9,63.8,2,1,5.62,6.75,LOW
2025-11-18 16:00:00,16,18,11,1,0,18.4,63.9,2,2,6.11,5.62,LOW
2025-11-18 17:00:00,17,18,11,1,0,21.9,60.2,2,6,10.82,6.11,MEDIUM
2025-11-18 18:00:00,18,18,11,1,0,17.9,62.5,5,3,12.33,10.82,HIGH
2025-11-18 19:00:00,19,18,11,1,0,16.5,69.8,6,12,23.02,12.33,HIGH
2025-11-18 20:00:00,20,18,11,1,0,19.4,58.7,7,6,22.28,23.02,HIGH
2025-11-18 21:00:00,21,18,11,1,0,10.4,55.1,5,7,23.72,22.28,HIGH
2025-11-18 22:00:00,22,18,11,1,0,9.5,69.4,4,6,17.38,23.72,HIGH
2025-11-18 23:00:00,23,18,11,1,0,7.5,68.0,4,3,12.87,17.38,HIGH
2025-11-19 00:00:00,0,19,11,2,0,11.4,64.1,3,2,8.73,12.87,MEDIUM
2025-11-19 01:00:00,1,19,11,2,0,10.1,66.8,3,0,6.04,8.73,LOW
2025-11-19 02:00:00,2,19,11,2,0,13.0,60.6,3,2,4.0,6.04,LOW
2025-11-19 03:00:00,3,19,11,2,0,9.6,64.3,6,1,4.09,4.0,LOW
2025-11-19 04:00:00,4,19,11,2,0,8.2,63.9,7,3,5.18,4.09,LOW
2025-11-19 05:00:00,5,19,11,2,0,9.7,60.6,2,1,3.93,5.18,LOW
2025-11-19 06:00:00,6,19,11,2,0,10.8,70.8,4,4,6.64,3.93,MEDIUM
2025-11-19 07:00:00,7,19,11,2,0,7.3,56.6,5,0,6.8,6.64,MEDIUM
2025-11-19 08:00:00,8,19,11,2,0,19.5,74.4,4,2,6.98,6.8,MEDIUM
2025-11-19 09:00:00,9,19,11,2,0,15.3,67.1,1,1,5.89,6.98,LOW
2025-11-19 10:00:00,10,19,11,2,0,15.8,51.0,1,1,4.26,5.89,LOW
2025-11-19 11:00:00,11,19,11,2,0,18.0,59.5,4,2,5.95,4.26,LOW
2025-11-19 12:00:00,12,19,11,2,0,19.3,59.3,1,1,4.59,5.95,LOW
2025-11-19 13:00:00,13,19,11,2,0,18.0,63.2,3,4,7.23,4.59,MEDIUM
2025-11-19 14:00:00,14,19,11,2,0,17.3,55.1,1,1,5.61,7.23,LOW
2025-11-19 15:00:00,15,19,11,2,0,20.5,60.0,3,2,6.61,5.61,MEDIUM
2025-11-19 16:00:00,16,19,11,2,0,19.8,59.4,1,1,4.86,6.61,LOW
2025-11-19 17:00:00,17,19,11,2,0,16.3,57.1,1,8,11.73,4.86,HIGH
2025-11-19 18:00:00,18,19,11,2,0,21.1,54.3,4,9,17.95,11.73,HIGH
2025-11-19 19:00:00,19,19,11,2,0,17.2,66.6,8,7,21.41,17.95,HIGH
2025-11-19 20:00:00,20,19,11,2,0,17.1,51.0,5,4,17.85,21.41,HIGH
2025-11-19 21:00:00,21,19,11,2,0,17.5,63.9,6,6,19.18,17.85,HIGH
2025-11-19 22:00:00,22,19,11,2,0,12.8,67.7,5,5,14.79,19.18,HIGH
2025-11-19 23:00:00,23,19,11,2,0,12.3,61.8,4,3,11.12,14.79,HIGH
2025-11-20 00:00:00,0,20,11,3,0,12.5,63.3,3,3,8.78,11.12,MEDIUM
2025-11-20 01:00:00,1,20,11,3,0,7.9,71.8,2,0,4.91,8.78,LOW
2025-11-20 02:00:00,2,20,11,3,0,9.3,60.1,3,1,4.1,4.91,LOW
2025-11-20 03:00:00,3,20,11,3,0,9.3,60.7,2,4,3.96,4.1,LOW
2025-11-20 04:00:00,4,20,11,3,0,6.8,62.3,2,0,3.28,3.96,LOW
2025-11-20 05:00:00,5,20,11,3,0,15.5,68.8,2,2,3.01,3.28,LOW
2025-11-20 06:00:00,6,20,11,3,0,6.9,73.0,3,3,6.33,3.01,MEDIUM
2025-11-20 07:00:00,7,20,11,3,0,8.3,56.3,5,2,7.16,6.33,MEDIUM
2025-11-20 08:00:00,8,20,11,3,0,16.0,67.6,4,3,8.42,7.16,MEDIUM
2025-11-20 09:00:00,9,20,11,3,0,15.8,66.6,2,1,6.45,8.42,MEDIUM
2025-11-20 10:00:00,10,20,11,3,0,12.7,72.2,1,0,4.66,6.45,LOW
2025-11-20 11:00:00,11,20,11,3,0,18.0,63.1,1,3,5.15,4.66,LOW
2025-11-20 12:00:00,12,20,11,3,0,21.2,59.3,1,3,5.37,5.15,LOW
2025-11-20 13:00:00,13,20,11,3,0,18.3,67.6,1,4,6.08,5.37,LOW
2025-11-20 14:00:00,14,20,11,3,0,25.3,62.1,1,4,6.75,6.08,MEDIUM
2025-11-20 15:00:00,15,20,11,3,0,14.7,75.6,2,0,5.45,6.75,LOW
2025-11-20 16:00:00,16,20,11,3,0,20.6,65.5,1,2,5.27,5.45,LOW
2025-11-20 17:00:00,17,20,11,3,0,21.2,60.4,2,7,11.64,5.27,HIGH
2025-11-20 18:00:00,18,20,11,3,0,19.8,53.0,5,5,14.5,11.64,HIGH
2025-11-20 19:00:00,19,20,11,3,0,16.0,58.1,6,5,17.0,14.5,HIGH
2025-11-20 20:00:00,20,20,11,3,0,14.6,53.5,5,4,17.16,17.0,HIGH
2025-11-20 21:00:00,21,20,11,3,0,15.1,60.7,6,3,16.66,17.16,HIGH
2025-11-20 22:00:00,22,20,11,3,0,14.7,67.7,5,0,9.34,16.66,MEDIUM
2025-11-20 23:00:00,23,20,11,3,0,13.0,62.8,3,2,7.14,9.34,MEDIUM
2025-11-21 00:00:00,0,21,11,4,0,13.1,68.9,3,1,5.73,7.14,LOW
2025-11-21 01:00:00,1,21,11,4,0,7.1,67.2,3,3,5.49,5.73,LOW
2025-11-21 02:00:00,2,21,11,4,0,8.6,62.1,4,1,4.58,5.49,LOW
2025-11-21 03:00:00,3,21,11,4,0,6.6,65.9,4,0,3.27,4.58,LOW
2025-11-21 04:00:00,4,21,11,4,0,8.2,67.6,2,2,3.5,3.27,LOW
2025-11-21 05:00:00,5,21,11,4,0,12.2,64.0,3,3,4.64,3.5,LOW
2025-11-21 06:00:00,6,21,11,4,0,10.7,64.6,2,2,5.46,4.64,LOW
2025-11-21 07:00:00,7,21,11,4,0,18.0,56.2,4,0,4.09,5.46,LOW
2025-11-21 08:00:00,8,21,11,4,0,13.2,60.1,5,2,7.91,4.09,MEDIUM
2025-11-21 09:00:00,9,21,11,4,0,14.1,75.9,2,4,9.09,7.91,MEDIUM
2025-11-21 10:00:00,10,21,11,4,0,15.6,69.1,3,1,7.15,9.09,MEDIUM
2025-11-21 11:00:00,11,21,11,4,0,14.9,53.2,2,1,6.01,7.15,LOW
2025-11-21 12:00:00,12,21,11,4,0,17.4,46.8,2,3,6.58,6.01,MEDIUM
2025-11-21 13:00:00,13,21,11,4,0,21.1,60.0,1,4,6.79,6.58,MEDIUM
2025-11-21 14:00:00,14,21,11,4,0,19.1,65.7,2,1,4.93,6.79,LOW
2025-11-21 15:00:00,15,21,11,4,0,17.0,58.1,2,4,6.81,4.93,MEDIUM
2025-11-21 16:00:00,16,21,11,4,0,16.5,67.5,2,1,5.61,6.81,LOW
2025-11-21 17:00:00,17,21,11,4,0,17.2,61.5,1,4,8.3,5.61,MEDIUM
2025-11-21 18:00:00,18,21,11,4,0,17.7,59.9,4,5,11.95,8.3,HIGH
2025-11-21 19:00:00,19,21,11,4,0,19.5,64.7,6,7,17.05,11.95,HIGH
2025-11-21 20:00:00,20,21,11,4,0,11.9,60.0,4,2,14.48,17.05,HIGH
2025-11-21 21:00:00,21,21,11,4,0,13.2,61.0,4,2,12.9,14.48,HIGH
2025-11-21 22:00:00,22,21,11,4,0,13.1,66.8,6,5,11.89,12.9,HIGH
2025-11-21 23:00:00,23,21,11,4,0,6.9,65.1,3,0,7.82,11.89,MEDIUM
2025-11-22 00:00:00,0,22,11,5,1,8.4,76.1,2,3,7.86,7.82,MEDIUM
2025-11-22 01:00:00,1,22,11,5,1,8.0,69.0,2,5,6.27,7.86,MEDIUM
2025-11-22 02:00:00,2,22,11,5,1,7.2,68.9,3,1,4.24,6.27,LOW
2025-11-22 03:00:00,3,22,11,5,1,9.5,63.9,3,5,5.27,4.24,LOW
2025-11-22 04:00:00,4,22,11,5,1,8.8,69.7,3,2,4.83,5.27,LOW
2025-11-22 05:00:00,5,22,11,5,1,8.3,62.7,2,1,4.44,4.83,LOW
2025-11-22 06:00:00,6,22,11,5,1,11.5,65.1,2,6,8.29,4.44,MEDIUM
2025-11-22 07:00:00,7,22,11,5,1,15.8,56.2,6,3,9.18,8.29,MEDIUM
2025-11-22 08:00:00,8,22,11,5,1,16.8,67.5,5,2,10.06,9.18,MEDIUM
2025-11-22 09:00:00,9,22,11,5,1,9.2,66.1,4,6,14.48,10.06,HIGH
2025-11-22 10:00:00,10,22,11,5,1,16.7,73.2,7,3,14.32,14.48,HIGH
2025-11-22 11:00:00,11,22,11,5,1,16.1,75.9,5,3,13.61,14.32,HIGH
2025-11-22 12:00:00,12,22,11,5,1,17.9,65.4,4,5,13.82,13.61,HIGH
2025-11-22 13:00:00,13,22,11,5,1,17.3,61.5,4,1,9.85,13.82,MEDIUM
2025-11-22 14:00:00,14,22,11,5,1,19.1,54.7,6,1,9.68,9.85,MEDIUM
2025-11-22 15:00:00,15,22,11,5,1,19.4,65.7,5,3,10.49,9.68,MEDIUM
2025-11-22 16:00:00,16,22,11,5,1,17.4,62.3,5,5,13.37,10.49,HIGH
2025-11-22 17:00:00,17,22,11,5,1,16.1,64.8,5,5,17.07,13.37,HIGH
2025-11-22 18:00:00,18,22,11,5,1,16.4,71.8,5,9,24.29,17.07,HIGH
2025-11-22 19:00:00,19,22,11,5,1,17.1,56.2,4,5,21.45,24.29,HIGH
2025-11-22 20:00:00,20,22,11,5,1,16.8,55.7,7,6,23.21,21.45,HIGH
2025-11-22 21:00:00,21,22,11,5,1,16.1,60.1,7,4,21.95,23.21,HIGH
2025-11-22 22:00:00,22,22,11,5,1,11.5,68.3,6,5,17.5,21.95,HIGH
2025-11-22 23:00:00,23,22,11,5,1,12.2,66.4,3,4,13.06,17.5,HIGH
2025-11-23 00:00:00,0,23,11,6,1,12.9,57.5,3,4,10.84,13.06,MEDIUM
2025-11-23 01:00:00,1,23,11,6,1,12.6,67.5,2,5,7.69,10.84,MEDIUM
2025-11-23 02:00:00,2,23,11,6,1,9.0,57.2,4,4,6.6,7.69,MEDIUM
2025-11-23 03:00:00,3,23,11,6,1,8.4,59.6,3,6,6.99,6.6,MEDIUM
2025-11-23 04:00:00,4,23,11,6,1,9.6,63.5,2,4,5.69,6.99,LOW
2025-11-23 05:00:00,5,23,11,6,1,6.8,62.0,2,2,4.86,5.69,LOW
2025-11-23 06:00:00,6,23,11,6,1,10.0,69.3,2,0,4.72,4.86,LOW
2025-11-23 07:00:00,7,23,11,6,1,13.4,64.4,5,2,7.19,4.72,MEDIUM
2025-11-23 08:00:00,8,23,11,6,1,14.3,72.9,4,3,9.77,7.19,MEDIUM
2025-11-23 09:00:00,9,23,11,6,1,13.3,61.2,4,2,10.15,9.77,MEDIUM
2025-11-23 10:00:00,10,23,11,6,1,15.8,60.9,6,0,9.45,10.15,MEDIUM
2025-11-23 11:00:00,11,23,11,6,1,14.4,69.5,4,0,7.79,9.45,MEDIUM
2025-11-23 12:00:00,12,23,11,6,1,19.3,59.7,5,1,8.05,7.79,MEDIUM
2025-11-23 13:00:00,13,23,11,6,1,18.1,69.7,5,0,7.08,8.05,MEDIUM
2025-11-23 14:00:00,14,23,11,6,1,18.1,64.0,6,3,10.5,7.08,MEDIUM
2025-11-23 15:00:00,15,23,11,6,1,18.1,46.6,4,4,11.93,10.5,HIGH
2025-11-23 16:00:00,16,23,11,6,1,18.7,67.6,5,2,10.25,11.93,MEDIUM
2025-11-23 17:00:00,17,23,11,6,1,17.2,66.6,4,5,15.08,10.25,HIGH
2025-11-23 18:00:00,18,23,11,6,1,19.2,66.0,4,8,20.23,15.08,HIGH
2025-11-23 19:00:00,19,23,11,6,1,15.5,50.3,5,7,23.25,20.23,HIGH
2025-11-23 20:00:00,20,23,11,6,1,19.3,56.3,4,4,19.26,23.25,HIGH
2025-11-23 21:00:00,21,23,11,6,1,17.7,57.4,7,10,27.46,19.26,HIGH
2025-11-23 22:00:00,22,23,11,6,1,10.5,58.8,7,3,18.96,27.46,HIGH
2025-11-23 23:00:00,23,23,11,6,1,11.7,73.8,2,4,13.39,18.96,HIGH
2025-11-24 00:00:00,0,24,11,0,0,8.8,64.4,3,0,8.94,13.39,MEDIUM
2025-11-24 01:00:00,1,24,11,0,0,8.9,64.2,3,1,6.53,8.94,MEDIUM
2025-11-24 02:00:00,2,24,11,0,0,14.2,65.6,2,3,4.47,6.53,LOW
2025-11-24 03:00:00,3,24,11,0,0,8.2,68.1,2,2,3.84,4.47,LOW
2025-11-24 04:00:00,4,24,11,0,0,10.1,44.0,3,3,3.66,3.84,LOW
2025-11-24 05:00:00,5,24,11,0,0,11.0,59.7,3,2,3.39,3.66,LOW
2025-11-24 06:00:00,6,24,11,0,0,8.0,56.3,3,3,5.73,3.39,LOW
2025-11-24 07:00:00,7,24,11,0,0,9.4,66.6,4,3,6.89,5.73,MEDIUM
2025-11-24 08:00:00,8,24,11,0,0,9.7,62.4,5,5,11.73,6.89,HIGH
2025-11-24 09:00:00,9,24,11,0,0,11.8,63.4,1,0,7.25,11.73,MEDIUM
2025-11-24 10:00:00,10,24,11,0,0,8.2,52.2,4,1,7.92,7.25,MEDIUM
2025-11-24 11:00:00,11,24,11,0,0,17.9,59.0,2,2,6.25,7.92,MEDIUM
2025-11-24 12:00:00,12,24,11,0,0,22.7,65.6,2,0,4.63,6.25,LOW
2025-11-24 13:00:00,13,24,11,0,0,18.7,69.0,1,2,4.47,4.63,LOW
2025-11-24 14:00:00,14,24,11,0,0,15.3,66.2,2,0,4.74,4.47,LOW
2025-11-24 15:00:00,15,24,11,0,0,17.4,53.0,2,1,4.49,4.74,LOW
2025-11-24 16:00:00,16,24,11,0,0,17.7,68.5,1,2,4.64,4.49,LOW
2025-11-24 17:00:00,17,24,11,0,0,15.8,66.0,2,4,8.56,4.64,MEDIUM
2025-11-24 18:00:00,18,24,11,0,0,19.7,59.4,4,10,17.1,8.56,HIGH
2025-11-24 19:00:00,19,24,11,0,0,18.5,48.4,4,6,16.83,17.1,HIGH
2025-11-24 20:00:00,20,24,11,0,0,12.4,68.8,4,5,17.88,16.83,HIGH
2025-11-24 21:00:00,21,24,11,0,0,15.8,58.1,4,5,17.57,17.88,HIGH
2025-11-24 22:00:00,22,24,11,0,0,16.5,63.5,5,3,11.81,17.57,HIGH
2025-11-24 23:00:00,23,24,11,0,0,16.3,61.9,3,3,8.92,11.81,MEDIUM
2025-11-25 00:00:00,0,25,11,1,0,17.6,70.2,3,3,7.82,8.92,MEDIUM
2025-11-25 01:00:00,1,25,11,1,0,7.4,64.3,4,1,5.02,7.82,LOW
2025-11-25 02:00:00,2,25,11,1,0,16.2,61.4,3,4,4.37,5.02,LOW
2025-11-25 03:00:00,3,25,11,1,0,8.1,74.2,2,3,3.92,4.37,LOW
2025-11-25 04:00:00,4,25,11,1,0,7.7,61.0,2,1,3.32,3.92,LOW
2025-11-25 05:00:00,5,25,11,1,0,10.5,68.7,4,1,3.72,3.32,LOW
2025-11-25 06:00:00,6,25,11,1,0,9.0,63.2,3,1,4.94,3.72,LOW
2025-11-25 07:00:00,7,25,11,1,0,12.5,57.0,4,1,5.57,4.94,LOW
2025-11-25 08:00:00,8,25,11,1,0,9.4,64.2,6,3,9.23,5.57,MEDIUM
2025-11-25 09:00:00,9,25,11,1,0,13.4,66.8,3,2,8.79,9.23,MEDIUM
2025-11-25 10:00:00,10,25,11,1,0,18.5,68.7,1,1,5.71,8.79,LOW
2025-11-25 11:00:00,11,25,11,1,0,16.4,70.3,2,0,5.15,5.71,LOW
2025-11-25 12:00:00,12,25,11,1,0,17.9,59.1,3,0,4.62,5.15,LOW
2025-11-25 13:00:00,13,25,11,1,0,19.5,54.3,2,1,4.25,4.62,LOW
2025-11-25 14:00:00,14,25,11,1,0,21.8,57.4,2,1,4.86,4.25,LOW
2025-11-25 15:00:00,15,25,11,1,0,14.9,55.0,1,0,3.58,4.86,LOW
2025-11-25 16:00:00,16,25,11,1,0,20.3,58.6,1,4,5.78,3.58,LOW
2025-11-25 17:00:00,17,25,11,1,0,17.7,58.9,1,0,3.39,5.78,LOW
2025-11-25 18:00:00,18,25,11,1,0,18.0,65.2,4,4,8.88,3.39,MEDIUM
2025-11-25 19:00:00,19,25,11,1,0,19.1,47.1,5,9,17.21,8.88,HIGH
2025-11-25 20:00:00,20,25,11,1,0,12.3,58.7,4,4,16.43,17.21,HIGH
2025-11-25 21:00:00,21,25,11,1,0,11.5,59.0,6,6,19.43,16.43,HIGH
2025-11-25 22:00:00,22,25,11,1,0,7.9,72.0,4,2,12.46,19.43,HIGH
2025-11-25 23:00:00,23,25,11,1,0,10.1,57.3,3,1,8.64,12.46,MEDIUM
2025-11-26 00:00:00,0,26,11,2,0,13.8,63.8,5,2,7.36,8.64,MEDIUM
2025-11-26 01:00:00,1,26,11,2,0,9.4,63.5,2,1,4.97,7.36,LOW
2025-11-26 02:00:00,2,26,11,2,0,5.8,71.9,4,3,5.63,4.97,LOW
2025-11-26 03:00:00,3,26,11,2,0,7.8,68.5,2,3,4.73,5.63,LOW
2025-11-26 04:00:00,4,26,11,2,0,5.5,66.5,5,0,4.22,4.73,LOW
2025-11-26 05:00:00,5,26,11,2,0,6.9,61.9,3,0,2.59,4.22,LOW
2025-11-26 06:00:00,6,26,11,2,0,11.4,52.3,3,5,6.53,2.59,MEDIUM
2025-11-26 07:00:00,7,26,11,2,0,8.6,66.0,5,1,6.93,6.53,MEDIUM
2025-11-26 08:00:00,8,26,11,2,0,15.5,65.0,4,1,7.11,6.93,MEDIUM
2025-11-26 09:00:00,9,26,11,2,0,13.8,53.0,3,2,7.1,7.11,MEDIUM
2025-11-26 10:00:00,10,26,11,2,0,15.5,54.4,2,2,6.57,7.1,MEDIUM
2025-11-26 11:00:00,11,26,11,2,0,15.8,63.2,3,2,7.38,6.57,MEDIUM
2025-11-26 12:00:00,12,26,11,2,0,19.5,62.2,4,3,8.06,7.38,MEDIUM
2025-11-26 13:00:00,13,26,11,2,0,20.3,53.9,2,2,6.59,8.06,MEDIUM
2025-11-26 14:00:00,14,26,11,2,0,19.7,56.7,3,2,6.93,6.59,MEDIUM
2025-11-26 15:00:00,15,26,11,2,0,20.4,48.8,2,2,6.44,6.93,MEDIUM
2025-11-26 16:00:00,16,26,11,2,0,18.3,68.9,1,1,5.04,6.44,LOW
2025-11-26 17:00:00,17,26,11,2,0,19.7,52.3,1,4,7.35,5.04,MEDIUM
2025-11-26 18:00:00,18,26,11,2,0,16.7,64.6,4,3,10.07,7.35,MEDIUM
2025-11-26 19:00:00,19,26,11,2,0,16.5,61.2,5,4,12.85,10.07,HIGH
2025-11-26 20:00:00,20,26,11,2,0,14.6,69.9,4,1,10.73,12.85,MEDIUM
2025-11-26 21:00:00,21,26,11,2,0,12.9,58.1,5,5,14.89,10.73,HIGH
2025-11-26 22:00:00,22,26,11,2,0,11.0,64.0,5,7,13.87,14.89,HIGH
2025-11-26 23:00:00,23,26,11,2,0,12.7,52.7,3,3,10.65,13.87,MEDIUM
2025-11-27 00:00:00,0,27,11,3,0,13.7,50.9,5,1,8.66,10.65,MEDIUM
2025-11-27 01:00:00,1,27,11,3,0,12.6,66.5,3,1,5.52,8.66,LOW
2025-11-27 02:00:00,2,27,11,3,0,6.0,54.9,4,0,3.91,5.52,LOW
2025-11-27 03:00:00,3,27,11,3,0,12.2,61.8,3,3,3.46,3.91,LOW
2025-11-27 04:00:00,4,27,11,3,0,8.4,70.7,5,2,3.91,3.46,LOW
2025-11-27 05:00:00,5,27,11,3,0,11.2,68.0,3,3,4.04,3.91,LOW
2025-11-27 06:00:00,6,27,11,3,0,8.2,60.7,3,0,4.66,4.04,LOW
2025-11-27 07:00:00,7,27,11,3,0,11.9,53.7,5,3,6.96,4.66,MEDIUM
2025-11-27 08:00:00,8,27,11,3,0,13.5,65.7,4,2,8.04,6.96,MEDIUM
2025-11-27 09:00:00,9,27,11,3,0,10.3,71.9,4,0,7.65,8.04,MEDIUM
2025-11-27 10:00:00,10,27,11,3,0,16.8,57.3,2,0,4.94,7.65,LOW
2025-11-27 11:00:00,11,27,11,3,0,19.9,55.2,1,2,4.22,4.94,LOW
2025-11-27 12:00:00,12,27,11,3,0,17.1,58.0,4,1,5.37,4.22,LOW
2025-11-27 13:00:00,13,27,11,3,0,21.7,62.7,3,0,4.55,5.37,LOW
2025-11-27 14:00:00,14,27,11,3,0,18.4,68.0,1,2,4.55,4.55,LOW
2025-11-27 15:00:00,15,27,11,3,0,21.1,52.1,2,1,3.8,4.55,LOW
2025-11-27 16:00:00,16,27,11,3,0,13.3,53.7,1,5,7.24,3.8,MEDIUM
2025-11-27 17:00:00,17,27,11,3,0,24.4,72.3,2,4,9.34,7.24,MEDIUM
2025-11-27 18:00:00,18,27,11,3,0,21.3,58.4,4,9,17.39,9.34,HIGH
2025-11-27 19:00:00,19,27,11,3,0,15.8,63.2,4,3,15.02,17.39,HIGH
2025-11-27 20:00:00,20,27,11,3,0,10.4,59.7,4,9,19.98,15.02,HIGH
2025-11-27 21:00:00,21,27,11,3,0,14.7,65.1,6,3,17.73,19.98,HIGH
2025-11-27 22:00:00,22,27,11,3,0,9.1,70.1,4,4,12.89,17.73,HIGH
2025-11-27 23:00:00,23,27,11,3,0,12.6,64.8,2,3,8.73,12.89,MEDIUM
2025-11-28 00:00:00,0,28,11,4,0,11.5,73.8,2,4,7.36,8.73,MEDIUM
2025-11-28 01:00:00,1,28,11,4,0,7.3,63.1,3,4,6.27,7.36,MEDIUM
2025-11-28 02:00:00,2,28,11,4,0,12.0,61.6,4,4,5.77,6.27,LOW
2025-11-28 03:00:00,3,28,11,4,0,11.0,65.0,2,2,3.68,5.77,LOW
2025-11-28 04:00:00,4,28,11,4,0,11.6,66.1,6,1,4.2,3.68,LOW
2025-11-28 05:00:00,5,28,11,4,0,9.7,65.5,3,3,4.84,4.2,LOW
2025-11-28 06:00:00,6,28,11,4,0,6.9,57.5,3,1,5.47,4.84,LOW
2025-11-28 07:00:00,7,28,11,4,0,13.9,64.3,5,3,6.69,5.47,MEDIUM
2025-11-28 08:00:00,8,28,11,4,0,12.0,61.0,4,2,8.15,6.69,MEDIUM
2025-11-28 09:00:00,9,28,11,4,0,10.5,60.3,1,3,8.55,8.15,MEDIUM
2025-11-28 10:00:00,10,28,11,4,0,18.7,60.7,1,1,6.02,8.55,LOW
2025-11-28 11:00:00,11,28,11,4,0,21.7,53.6,2,2,5.77,6.02,LOW
2025-11-28 12:00:00,12,28,11,4,0,17.4,54.2,1,3,5.66,5.77,LOW
2025-11-28 13:00:00,13,28,11,4,0,23.7,42.8,3,0,4.71,5.66,LOW
2025-11-28 14:00:00,14,28,11,4,0,19.1,70.8,1,3,5.46,4.71,LOW
2025-11-28 15:00:00,15,28,11,4,0,18.0,64.1,4,2,6.72,5.46,MEDIUM
2025-11-28 16:00:00,16,28,11,4,0,17.3,60.4,2,2,6.07,6.72,LOW
2025-11-28 17:00:00,17,28,11,4,0,22.4,55.0,1,1,5.04,6.07,LOW
2025-11-28 18:00:00,18,28,11,4,0,15.6,44.5,5,3,9.4,5.04,MEDIUM
2025-11-28 19:00:00,19,28,11,4,0,18.3,56.3,5,3,11.65,9.4,HIGH
2025-11-28 20:00:00,20,28,11,4,0,13.9,66.7,5,4,14.84,11.65,HIGH
2025-11-28 21:00:00,21,28,11,4,0,12.8,68.5,5,5,17.1,14.84,HIGH
2025-11-28 22:00:00,22,28,11,4,0,15.3,65.7,5,3,12.13,17.1,HIGH
2025-11-28 23:00:00,23,28,11,4,0,10.5,64.8,2,1,7.43,12.13,MEDIUM
2025-11-29 00:00:00,0,29,11,5,1,9.5,72.0,2,3,7.98,7.43,MEDIUM
2025-11-29 01:00:00,1,29,11,5,1,12.5,61.0,4,0,5.47,7.98,LOW
2025-11-29 02:00:00,2,29,11,5,1,13.2,69.2,3,1,4.66,5.47,LOW
2025-11-29 03:00:00,3,29,11,5,1,10.6,61.5,3,5,4.44,4.66,LOW
2025-11-29 04:00:00,4,29,11,5,1,7.5,59.7,4,6,6.17,4.44,LOW
2025-11-29 05:00:00,5,29,11,5,1,8.4,58.6,3,3,4.8,6.17,LOW
2025-11-29 06:00:00,6,29,11,5,1,10.7,57.3,4,1,6.15,4.8,LOW
2025-11-29 07:00:00,7,29,11,5,1,12.3,67.0,4,2,6.9,6.15,MEDIUM
2025-11-29 08:00:00,8,29,11,5,1,10.2,59.5,5,2,10.2,6.9,MEDIUM
2025-11-29 09:00:00,9,29,11,5,1,15.8,55.5,5,8,16.07,10.2,HIGH
2025-11-29 10:00:00,10,29,11,5,1,15.5,66.1,4,1,11.68,16.07,HIGH
2025-11-29 11:00:00,11,29,11,5,1,12.2,65.1,4,4,12.81,11.68,HIGH
2025-11-29 12:00:00,12,29,11,5,1,15.2,67.7,5,3,12.79,12.81,HIGH
2025-11-29 13:00:00,13,29,11,5,1,17.1,64.2,5,3,12.66,12.79,HIGH
2025-11-29 14:00:00,14,29,11,5,1,18.6,56.0,7,1,11.71,12.66,HIGH
2025-11-29 15:00:00,15,29,11,5,1,23.7,59.0,4,5,13.11,11.71,HIGH
2025-11-29 16:00:00,16,29,11,5,1,19.4,61.0,5,3,11.83,13.11,HIGH
2025-11-29 17:00:00,17,29,11,5,1,16.2,56.0,5,6,17.71,11.83,HIGH
2025-11-29 18:00:00,18,29,11,5,1,18.1,54.1,5,7,20.92,17.71,HIGH
2025-11-29 19:00:00,19,29,11,5,1,15.6,57.7,5,5,21.01,20.92,HIGH
2025-11-29 20:00:00,20,29,11,5,1,16.1,73.8,6,3,19.53,21.01,HIGH
2025-11-29 21:00:00,21,29,11,5,1,15.5,59.3,4,4,17.91,19.53,HIGH
2025-11-29 22:00:00,22,29,11,5,1,15.7,69.1,5,7,15.8,17.91,HIGH
2025-11-29 23:00:00,23,29,11,5,1,11.4,60.6,2,5,12.5,15.8,HIGH
2025-11-30 00:00:00,0,30,11,6,1,14.6,67.5,3,6,11.95,12.5,HIGH
2025-11-30 01:00:00,1,30,11,6,1,11.9,68.7,2,2,7.31,11.95,MEDIUM
2025-11-30 02:00:00,2,30,11,6,1,7.4,70.8,3,10,8.48,7.31,MEDIUM
2025-11-30 03:00:00,3,30,11,6,1,14.5,64.5,3,3,5.55,8.48,LOW
2025-11-30 04:00:00,4,30,11,6,1,10.0,72.3,4,4,6.18,5.55,LOW
2025-11-30 05:00:00,5,30,11,6,1,7.6,67.2,2,3,5.6,6.18,LOW
2025-11-30 06:00:00,6,30,11,6,1,14.6,72.4,2,3,6.33,5.6,MEDIUM
2025-11-30 07:00:00,7,30,11,6,1,16.7,51.6,5,8,11.19,6.33,HIGH
2025-11-30 08:00:00,8,30,11,6,1,12.6,65.0,5,1,10.83,11.19,MEDIUM
2025-11-30 09:00:00,9,30,11,6,1,12.7,64.6,4,4,12.25,10.83,HIGH
2025-11-30 10:00:00,10,30,11,6,1,14.9,56.4,6,2,12.67,12.25,HIGH
2025-11-30 11:00:00,11,30,11,6,1,18.3,64.2,6,1,10.25,12.67,MEDIUM
2025-11-30 12:00:00,12,30,11,6,1,20.7,50.8,4,3,9.77,10.25,MEDIUM
2025-11-30 13:00:00,13,30,11,6,1,19.8,56.2,5,4,11.46,9.77,HIGH
2025-11-30 14:00:00,14,30,11,6,1,19.1,48.4,4,2,10.13,11.46,MEDIUM
2025-11-30 15:00:00,15,30,11,6,1,22.7,68.3,4,3,10.42,10.13,MEDIUM
2025-11-30 16:00:00,16,30,11,6,1,18.0,59.4,5,4,12.03,10.42,HIGH
2025-11-30 17:00:00,17,30,11,6,1,20.9,72.6,4,3,13.08,12.03,HIGH
2025-11-30 18:00:00,18,30,11,6,1,16.8,66.1,7,4,17.37,13.08,HIGH
2025-11-30 19:00:00,19,30,11,6,1,17.6,63.6,4,6,18.54,17.37,HIGH
2025-11-30 20:00:00,20,30,11,6,1,15.0,58.5,7,8,24.59,18.54,HIGH
2025-11-30 21:00:00,21,30,11,6,1,13.9,56.2,4,4,20.3,24.59,HIGH
2025-11-30 22:00:00,22,30,11,6,1,11.8,66.4,7,2,14.58,20.3,HIGH
2025-11-30 23:00:00,23,30,11,6,1,14.9,61.6,3,3,10.2,14.58,MEDIUM
2025-12-01 00:00:00,0,1,12,0,0,4.2,58.3,4,0,7.61,10.2,MEDIUM
2025-12-01 01:00:00,1,1,12,0,0,3.4,57.5,4,2,5.83,7.61,LOW
2025-12-01 02:00:00,2,1,12,0,0,10.1,58.2,4,1,4.79,5.83,LOW
2025-12-01 03:00:00,3,1,12,0,0,7.1,76.1,2,1,3.91,4.79,LOW
2025-12-01 04:00:00,4,1,12,0,0,-1.2,81.8,3,1,3.79,3.91,LOW
2025-12-01 05:00:00,5,1,12,0,0,3.9,67.7,6,0,3.79,3.79,LOW
2025-12-01 06:00:00,6,1,12,0,0,1.5,68.3,3,2,6.97,3.79,MEDIUM
2025-12-01 07:00:00,7,1,12,0,0,4.7,64.1,4,0,6.42,6.97,MEDIUM
2025-12-01 08:00:00,8,1,12,0,0,0.5,62.2,7,3,11.98,6.42,HIGH
2025-12-01 09:00:00,9,1,12,0,0,9.3,72.5,3,1,9.63,11.98,MEDIUM
2025-12-01 10:00:00,10,1,12,0,0,8.0,76.0,1,1,7.58,9.63,MEDIUM
2025-12-01 11:00:00,11,1,12,0,0,12.3,57.7,3,4,9.23,7.58,MEDIUM
2025-12-01 12:00:00,12,1,12,0,0,9.1,63.9,3,2,9.21,9.23,MEDIUM
2025-12-01 13:00:00,13,1,12,0,0,14.1,59.7,3,2,8.85,9.21,MEDIUM
2025-12-01 14:00:00,14,1,12,0,0,13.4,60.1,3,0,6.32,8.85,MEDIUM
2025-12-01 15:00:00,15,1,12,0,0,18.4,67.8,2,3,6.88,6.32,MEDIUM
2025-12-01 16:00:00,16,1,12,0,0,18.0,52.9,1,2,5.94,6.88,LOW
2025-12-01 17:00:00,17,1,12,0,0,15.9,64.4,1,5,9.62,5.94,MEDIUM
2025-12-01 18:00:00,18,1,12,0,0,12.3,67.4,5,2,12.17,9.62,HIGH
2025-12-01 19:00:00,19,1,12,0,0,17.1,60.3,5,4,14.17,12.17,HIGH
2025-12-01 20:00:00,20,1,12,0,0,7.0,70.6,6,4,17.57,14.17,HIGH
2025-12-01 21:00:00,21,1,12,0,0,6.1,66.4,7,7,23.91,17.57,HIGH
2025-12-01 22:00:00,22,1,12,0,0,8.1,72.1,4,3,15.81,23.91,HIGH
2025-12-01 23:00:00,23,1,12,0,0,12.7,53.8,3,2,11.19,15.81,HIGH
2025-12-02 00:00:00,0,2,12,1,0,5.6,63.7,3,1,7.9,11.19,MEDIUM
2025-12-02 01:00:00,1,2,12,1,0,4.8,65.6,3,2,6.6,7.9,MEDIUM
2025-12-02 02:00:00,2,2,12,1,0,1.2,51.5,4,0,5.31,6.6,LOW
2025-12-02 03:00:00,3,2,12,1,0,7.0,58.7,2,1,4.1,5.31,LOW
2025-12-02 04:00:00,4,2,12,1,0,7.2,60.2,2,2,3.36,4.1,LOW
2025-12-02 05:00:00,5,2,12,1,0,7.3,70.8,2,1,3.33,3.36,LOW
2025-12-02 06:00:00,6,2,12,1,0,4.5,62.0,2,3,6.29,3.33,MEDIUM
2025-12-02 07:00:00,7,2,12,1,0,5.3,61.0,7,2,8.01,6.29,MEDIUM
2025-12-02 08:00:00,8,2,12,1,0,5.1,70.9,4,2,10.14,8.01,MEDIUM
2025-12-02 09:00:00,9,2,12,1,0,9.8,54.4,4,0,8.27,10.14,MEDIUM
2025-12-02 10:00:00,10,2,12,1,0,8.2,52.3,2,0,6.97,8.27,MEDIUM
2025-12-02 11:00:00,11,2,12,1,0,9.2,62.2,1,2,6.66,6.97,MEDIUM
2025-12-02 12:00:00,12,2,12,1,0,12.1,54.5,3,2,8.02,6.66,MEDIUM
2025-12-02 13:00:00,13,2,12,1,0,12.7,54.5,4,3,9.42,8.02,MEDIUM
2025-12-02 14:00:00,14,2,12,1,0,13.1,66.2,1,2,7.79,9.42,MEDIUM
2025-12-02 15:00:00,15,2,12,1,0,15.8,66.9,3,3,8.65,7.79,MEDIUM
2025-12-02 16:00:00,16,2,12,1,0,14.6,66.9,2,1,6.85,8.65,MEDIUM
2025-12-02 17:00:00,17,2,12,1,0,13.2,69.4,1,6,11.23,6.85,HIGH
2025-12-02 18:00:00,18,2,12,1,0,13.6,70.0,5,4,14.6,11.23,HIGH
2025-12-02 19:00:00,19,2,12,1,0,9.6,51.4,5,2,14.53,14.6,HIGH
2025-12-02 20:00:00,20,2,12,1,0,11.2,66.2,4,7,18.69,14.53,HIGH
2025-12-02 21:00:00,21,2,12,1,0,10.0,60.8,7,7,22.83,18.69,HIGH
2025-12-02 22:00:00,22,2,12,1,0,4.6,61.7,4,4,15.42,22.83,HIGH
2025-12-02 23:00:00,23,2,12,1,0,9.6,67.5,3,2,10.62,15.42,MEDIUM
2025-12-03 00:00:00,0,3,12,2,0,3.9,56.1,4,1,8.7,10.62,MEDIUM
2025-12-03 01:00:00,1,3,12,2,0,5.5,55.3,4,0,5.79,8.7,LOW
2025-12-03 02:00:00,2,3,12,2,0,7.7,68.7,2,4,5.02,5.79,LOW
2025-12-03 03:00:00,3,3,12,2,0,6.9,68.2,5,2,4.61,5.02,LOW
2025-12-03 04:00:00,4,3,12,2,0,4.9,66.9,2,2,4.81,4.61,LOW
2025-12-03 05:00:00,5,3,12,2,0,4.4,61.0,2,4,4.67,4.81,LOW
2025-12-03 06:00:00,6,3,12,2,0,8.4,69.1,3,5,7.66,4.67,MEDIUM
2025-12-03 07:00:00,7,3,12,2,0,8.8,68.6,5,4,9.85,7.66,MEDIUM
2025-12-03 08:00:00,8,3,12,2,0,6.8,65.8,5,1,9.86,9.85,MEDIUM
2025-12-03 09:00:00,9,3,12,2,0,7.6,57.9,1,5,11.23,9.86,HIGH
2025-12-03 10:00:00,10,3,12,2,0,5.7,63.2,3,4,11.95,11.23,HIGH
2025-12-03 11:00:00,11,3,12,2,0,12.5,68.0,1,2,8.71,11.95,MEDIUM
2025-12-03 12:00:00,12,3,12,2,0,12.9,70.8,1,2,7.45,8.71,MEDIUM
2025-12-03 13:00:00,13,3,12,2,0,16.8,59.3,4,2,8.16,7.45,MEDIUM
2025-12-03 14:00:00,14,3,12,2,0,15.3,60.4,2,4,8.39,8.16,MEDIUM
2025-12-03 15:00:00,15,3,12,2,0,17.9,59.9,2,0,5.38,8.39,LOW
2025-12-03 16:00:00,16,3,12,2,0,12.7,64.6,1,0,3.92,5.38,LOW
2025-12-03 17:00:00,17,3,12,2,0,16.8,57.8,2,3,7.29,3.92,MEDIUM
2025-12-03 18:00:00,18,3,12,2,0,11.8,45.9,5,3,12.19,7.29,HIGH
2025-12-03 19:00:00,19,3,12,2,0,14.1,69.5,5,3,13.9,12.19,HIGH
2025-12-03 20:00:00,20,3,12,2,0,7.3,75.8,4,2,13.89,13.9,HIGH
2025-12-03 21:00:00,21,3,12,2,0,10.2,60.2,5,4,15.79,13.89,HIGH
2025-12-03 22:00:00,22,3,12,2,0,3.4,60.2,4,6,14.11,15.79,HIGH
2025-12-03 23:00:00,23,3,12,2,0,6.4,64.6,3,0,8.77,14.11,MEDIUM
2025-12-04 00:00:00,0,4,12,3,0,7.2,64.0,5,0,7.72,8.77,MEDIUM
2025-12-04 01:00:00,1,4,12,3,0,4.0,72.4,4,2,6.48,7.72,MEDIUM
2025-12-04 02:00:00,2,4,12,3,0,2.2,67.4,5,3,5.75,6.48,LOW
2025-12-04 03:00:00,3,4,12,3,0,6.7,60.6,4,1,4.77,5.75,LOW
2025-12-04 04:00:00,4,4,12,3,0,4.5,58.3,2,1,3.57,4.77,LOW
2025-12-04 05:00:00,5,4,12,3,0,4.1,71.6,2,1,3.8,3.57,LOW
2025-12-04 06:00:00,6,4,12,3,0,6.2,69.1,2,1,5.14,3.8,LOW
2025-12-04 07:00:00,7,4,12,3,0,13.7,68.9,5,3,6.9,5.14,MEDIUM
2025-12-04 08:00:00,8,4,12,3,0,11.2,57.7,6,1,9.02,6.9,MEDIUM
2025-12-04 09:00:00,9,4,12,3,0,12.5,74.0,2,2,8.42,9.02,MEDIUM
2025-12-04 10:00:00,10,4,12,3,0,12.0,52.7,1,2,6.82,8.42,MEDIUM
2025-12-04 11:00:00,11,4,12,3,0,12.5,67.3,1,0,5.07,6.82,LOW
2025-12-04 12:00:00,12,4,12,3,0,7.2,53.7,4,1,7.19,5.07,MEDIUM
2025-12-04 13:00:00,13,4,12,3,0,12.2,58.4,3,2,7.84,7.19,MEDIUM
2025-12-04 14:00:00,14,4,12,3,0,13.2,72.1,1,1,5.98,7.84,LOW
2025-12-04 15:00:00,15,4,12,3,0,9.9,69.0,3,2,7.68,5.98,MEDIUM
2025-12-04 16:00:00,16,4,12,3,0,11.5,60.1,1,3,8.09,7.68,MEDIUM
2025-12-04 17:00:00,17,4,12,3,0,9.0,61.3,1,3,9.39,8.09,MEDIUM
2025-12-04 18:00:00,18,4,12,3,0,13.0,63.4,4,6,14.27,9.39,HIGH
2025-12-04 19:00:00,19,4,12,3,0,14.2,65.4,4,8,18.74,14.27,HIGH
2025-12-04 20:00:00,20,4,12,3,0,13.7,70.0,5,8,22.23,18.74,HIGH
2025-12-04 21:00:00,21,4,12,3,0,10.6,61.0,6,2,18.22,22.23,HIGH
2025-12-04 22:00:00,22,4,12,3,0,5.9,56.0,4,2,12.49,18.22,HIGH
2025-12-04 23:00:00,23,4,12,3,0,2.3,68.0,2,1,9.54,12.49,MEDIUM
2025-12-05 00:00:00,0,5,12,4,0,1.7,64.6,3,3,9.89,9.54,MEDIUM
2025-12-05 01:00:00,1,5,12,4,0,2.1,59.4,3,2,7.06,9.89,MEDIUM
2025-12-05 02:00:00,2,5,12,4,0,2.6,68.7,2,1,5.15,7.06,LOW
2025-12-05 03:00:00,3,5,12,4,0,4.2,65.0,2,3,4.99,5.15,LOW
2025-12-05 04:00:00,4,5,12,4,0,2.2,69.0,3,1,4.18,4.99,LOW
2025-12-05 05:00:00,5,5,12,4,0,6.1,60.2,2,1,3.72,4.18,LOW
2025-12-05 06:00:00,6,5,12,4,0,5.5,68.7,3,1,4.96,3.72,LOW
2025-12-05 07:00:00,7,5,12,4,0,7.1,57.3,6,0,6.82,4.96,MEDIUM
2025-12-05 08:00:00,8,5,12,4,0,11.2,58.6,4,1,7.94,6.82,MEDIUM
2025-12-05 09:00:00,9,5,12,4,0,6.7,63.9,2,3,9.44,7.94,MEDIUM
2025-12-05 10:00:00,10,5,12,4,0,11.9,73.7,4,1,8.64,9.44,MEDIUM
2025-12-05 11:00:00,11,5,12,4,0,12.1,67.9,1,1,6.82,8.64,MEDIUM
2025-12-05 12:00:00,12,5,12,4,0,12.3,69.5,2,1,6.31,6.82,MEDIUM
2025-12-05 13:00:00,13,5,12,4,0,16.2,70.0,4,3,8.0,6.31,MEDIUM
2025-12-05 14:00:00,14,5,12,4,0,16.6,83.0,2,1,6.57,8.0,MEDIUM
2025-12-05 15:00:00,15,5,12,4,0,12.2,63.4,2,1,5.49,6.57,LOW
2025-12-05 16:00:00,16,5,12,4,0,14.0,70.9,1,2,6.0,5.49,LOW
2025-12-05 17:00:00,17,5,12,4,0,14.6,68.2,2,5,10.2,6.0,MEDIUM
2025-12-05 18:00:00,18,5,12,4,0,12.5,69.0,6,2,13.07,10.2,HIGH
2025-12-05 19:00:00,19,5,12,4,0,13.6,73.2,5,4,14.74,13.07,HIGH
2025-12-05 20:00:00,20,5,12,4,0,11.6,60.8,6,5,17.9,14.74,HIGH
2025-12-05 21:00:00,21,5,12,4,0,14.2,59.3,5,6,19.37,17.9,HIGH
2025-12-05 22:00:00,22,5,12,4,0,4.5,68.1,7,6,17.24,19.37,HIGH
2025-12-05 23:00:00,23,5,12,4,0,6.8,64.2,4,2,11.89,17.24,HIGH
2025-12-06 00:00:00,0,6,12,5,1,3.8,68.4,3,4,11.33,11.89,HIGH
2025-12-06 01:00:00,1,6,12,5,1,6.8,74.7,2,2,7.66,11.33,MEDIUM
2025-12-06 02:00:00,2,6,12,5,1,0.7,64.9,2,7,8.42,7.66,MEDIUM
2025-12-06 03:00:00,3,6,12,5,1,5.5,64.0,2,4,6.4,8.42,MEDIUM
2025-12-06 04:00:00,4,6,12,5,1,3.2,67.8,6,1,5.04,6.4,LOW
2025-12-06 05:00:00,5,6,12,5,1,3.4,65.3,4,3,6.03,5.04,LOW
2025-12-06 06:00:00,6,6,12,5,1,2.5,55.5,2,2,7.29,6.03,MEDIUM
2025-12-06 07:00:00,7,6,12,5,1,5.9,62.2,5,1,7.93,7.29,MEDIUM
2025-12-06 08:00:00,8,6,12,5,1,11.0,67.7,4,4,11.56,7.93,HIGH
2025-12-06 09:00:00,9,6,12,5,1,9.5,72.8,6,4,15.52,11.56,HIGH
2025-12-06 10:00:00,10,6,12,5,1,12.5,56.1,4,6,16.68,15.52,HIGH
2025-12-06 11:00:00,11,6,12,5,1,16.3,54.5,6,4,16.06,16.68,HIGH
2025-12-06 12:00:00,12,6,12,5,1,13.8,62.7,5,2,13.55,16.06,HIGH
2025-12-06 13:00:00,13,6,12,5,1,12.5,50.5,5,2,12.77,13.55,HIGH
2025-12-06 14:00:00,14,6,12,5,1,15.6,59.1,5,1,11.38,12.77,HIGH
2025-12-06 15:00:00,15,6,12,5,1,13.2,52.3,4,3,11.43,11.38,HIGH
2025-12-06 16:00:00,16,6,12,5,1,13.2,70.9,4,5,13.94,11.43,HIGH
2025-12-06 17:00:00,17,6,12,5,1,10.1,59.3,6,3,17.38,13.94,HIGH
2025-12-06 18:00:00,18,6,12,5,1,15.5,71.7,4,5,18.43,17.38,HIGH
2025-12-06 19:00:00,19,6,12,5,1,11.1,70.2,7,4,20.93,18.43,HIGH
2025-12-06 20:00:00,20,6,12,5,1,11.4,59.6,5,6,23.06,20.93,HIGH
2025-12-06 21:00:00,21,6,12,5,1,7.0,58.8,6,1,20.06,23.06,HIGH
2025-12-06 22:00:00,22,6,12,5,1,9.4,63.1,5,1,13.46,20.06,HIGH
2025-12-06 23:00:00,23,6,12,5,1,5.2,65.3,3,2,11.32,13.46,HIGH
2025-12-07 00:00:00,0,7,12,6,1,5.7,67.8,2,2,9.37,11.32,MEDIUM
2025-12-07 01:00:00,1,7,12,6,1,7.5,60.3,2,4,6.26,9.37,MEDIUM
2025-12-07 02:00:00,2,7,12,6,1,6.8,69.8,2,6,6.57,6.26,MEDIUM
2025-12-07 03:00:00,3,7,12,6,1,4.6,67.8,4,3,5.71,6.57,LOW
2025-12-07 04:00:00,4,7,12,6,1,0.4,65.8,2,2,5.66,5.71,LOW
2025-12-07 05:00:00,5,7,12,6,1,12.8,58.6,2,0,4.23,5.66,LOW
2025-12-07 06:00:00,6,7,12,6,1,10.4,62.7,2,4,7.17,4.23,MEDIUM
2025-12-07 07:00:00,7,7,12,6,1,8.9,59.5,4,5,9.96,7.17,MEDIUM
2025-12-07 08:00:00,8,7,12,6,1,6.4,65.8,4,7,16.18,9.96,HIGH
2025-12-07 09:00:00,9,7,12,6,1,9.3,64.8,6,3,15.66,16.18,HIGH
2025-12-07 10:00:00,10,7,12,6,1,9.5,65.8,5,3,15.23,15.66,HIGH
2025-12-07 11:00:00,11,7,12,6,1,15.3,72.5,4,1,11.13,15.23,HIGH
2025-12-07 12:00:00,12,7,12,6,1,13.8,61.7,5,3,12.84,11.13,HIGH
2025-12-07 13:00:00,13,7,12,6,1,12.0,69.2,4,4,13.25,12.84,HIGH
2025-12-07 14:00:00,14,7,12,6,1,13.3,64.1,4,5,13.8,13.25,HIGH
2025-12-07 15:00:00,15,7,12,6,1,17.4,59.6,6,3,13.33,13.8,HIGH
2025-12-07 16:00:00,16,7,12,6,1,18.4,59.9,5,2,11.71,13.33,HIGH
2025-12-07 17:00:00,17,7,12,6,1,17.8,60.5,6,3,15.38,11.71,HIGH
2025-12-07 18:00:00,18,7,12,6,1,15.0,63.7,8,9,25.44,15.38,HIGH
2025-12-07 19:00:00,19,7,12,6,1,11.5,57.6,4,5,22.9,25.44,HIGH
2025-12-07 20:00:00,20,7,12,6,1,2.8,58.1,4,6,24.98,22.9,HIGH
2025-12-07 21:00:00,21,7,12,6,1,10.4,67.8,4,5,22.62,24.98,HIGH
2025-12-07 22:00:00,22,7,12,6,1,8.3,70.1,4,8,18.68,22.62,HIGH
2025-12-07 23:00:00,23,7,12,6,1,7.5,69.5,2,2,11.77,18.68,HIGH
2025-12-08 00:00:00,0,8,12,0,0,6.2,66.4,2,1,8.87,11.77,MEDIUM
2025-12-08 01:00:00,1,8,12,0,0,2.0,71.8,4,2,6.34,8.87,MEDIUM
2025-12-08 02:00:00,2,8,12,0,0,6.2,69.8,2,3,4.35,6.34,LOW
2025-12-08 03:00:00,3,8,12,0,0,6.2,70.2,2,0,3.14,4.35,LOW
2025-12-08 04:00:00,4,8,12,0,0,6.5,60.2,5,3,4.68,3.14,LOW
2025-12-08 05:00:00,5,8,12,0,0,7.6,58.4,3,1,4.02,4.68,LOW
2025-12-08 06:00:00,6,8,12,0,0,7.6,62.6,4,3,6.84,4.02,MEDIUM
2025-12-08 07:00:00,7,8,12,0,0,6.1,65.5,5,0,7.37,6.84,MEDIUM
2025-12-08 08:00:00,8,8,12,0,0,8.1,63.3,5,1,9.24,7.37,MEDIUM
2025-12-08 09:00:00,9,8,12,0,0,9.8,52.8,3,0,6.61,9.24,MEDIUM
2025-12-08 10:00:00,10,8,12,0,0,11.2,73.9,5,3,9.58,6.61,MEDIUM
2025-12-08 11:00:00,11,8,12,0,0,14.6,60.5,2,3,8.86,9.58,MEDIUM
2025-12-08 12:00:00,12,8,12,0,0,14.8,63.1,1,4,8.63,8.86,MEDIUM
2025-12-08 13:00:00,13,8,12,0,0,19.1,67.8,1,1,5.83,8.63,LOW
2025-12-08 14:00:00,14,8,12,0,0,20.0,45.9,1,6,9.21,5.83,MEDIUM
2025-12-08 15:00:00,15,8,12,0,0,14.8,59.0,1,0,5.24,9.21,LOW
2025-12-08 16:00:00,16,8,12,0,0,4.8,63.8,1,0,4.58,5.24,LOW
2025-12-08 17:00:00,17,8,12,0,0,17.0,59.2,1,5,7.77,4.58,MEDIUM
2025-12-08 18:00:00,18,8,12,0,0,11.8,62.2,5,2,11.36,7.77,HIGH
2025-12-08 19:00:00,19,8,12,0,0,10.1,72.6,5,2,13.09,11.36,HIGH
2025-12-08 20:00:00,20,8,12,0,0,9.9,68.1,6,5,17.19,13.09,HIGH
2025-12-08 21:00:00,21,8,12,0,0,8.5,70.3,6,6,20.83,17.19,HIGH
2025-12-08 22:00:00,22,8,12,0,0,9.8,64.4,4,2,13.23,20.83,HIGH
2025-12-08 23:00:00,23,8,12,0,0,3.2,58.3,4,1,10.04,13.23,MEDIUM
2025-12-09 00:00:00,0,9,12,1,0,3.4,54.2,7,1,9.29,10.04,MEDIUM
2025-12-09 01:00:00,1,9,12,1,0,6.1,56.4,4,0,6.13,9.29,LOW
2025-12-09 02:00:00,2,9,12,1,0,6.3,67.6,2,1,4.61,6.13,LOW
2025-12-09 03:00:00,3,9,12,1,0,6.2,65.7,2,2,4.02,4.61,LOW
2025-12-09 04:00:00,4,9,12,1,0,2.8,65.6,2,3,4.19,4.02,LOW
2025-12-09 05:00:00,5,9,12,1,0,2.8,64.7,2,4,4.66,4.19,LOW
2025-12-09 06:00:00,6,9,12,1,0,4.8,78.2,4,1,6.28,4.66,MEDIUM
2025-12-09 07:00:00,7,9,12,1,0,7.7,60.0,6,3,7.88,6.28,MEDIUM
2025-12-09 08:00:00,8,9,12,1,0,12.0,68.8,4,2,8.47,7.88,MEDIUM
2025-12-09 09:00:00,9,9,12,1,0,4.5,66.2,1,1,7.74,8.47,MEDIUM
2025-12-09 10:00:00,10,9,12,1,0,10.3,63.5,2,0,5.94,7.74,LOW
2025-12-09 11:00:00,11,9,12,1,0,8.8,71.5,1,3,7.81,5.94,MEDIUM
2025-12-09 12:00:00,12,9,12,1,0,9.0,73.2,1,1,6.29,7.81,MEDIUM
2025-12-09 13:00:00,13,9,12,1,0,16.4,60.0,3,4,9.12,6.29,MEDIUM
2025-12-09 14:00:00,14,9,12,1,0,15.8,66.5,2,1,7.49,9.12,MEDIUM
2025-12-09 15:00:00,15,9,12,1,0,15.7,63.9,2,0,5.13,7.49,LOW
2025-12-09 16:00:00,16,9,12,1,0,16.7,61.4,1,1,3.71,5.13,LOW
2025-12-09 17:00:00,17,9,12,1,0,12.7,64.1,3,3,8.37,3.71,MEDIUM
2025-12-09 18:00:00,18,9,12,1,0,12.1,59.0,4,1,9.89,8.37,MEDIUM
2025-12-09 19:00:00,19,9,12,1,0,17.6,59.1,4,7,15.07,9.89,HIGH
2025-12-09 20:00:00,20,9,12,1,0,10.3,60.4,5,4,16.82,15.07,HIGH
2025-12-09 21:00:00,21,9,12,1,0,11.4,68.8,6,1,15.0,16.82,HIGH
2025-12-09 22:00:00,22,9,12,1,0,8.3,64.1,5,4,12.72,15.0,HIGH
2025-12-09 23:00:00,23,9,12,1,0,2.5,59.2,4,0,9.61,12.72,MEDIUM
2025-12-10 00:00:00,0,10,12,2,0,1.0,63.3,2,4,9.57,9.61,MEDIUM
2025-12-10 01:00:00,1,10,12,2,0,3.8,47.3,3,2,7.08,9.57,MEDIUM
2025-12-10 02:00:00,2,10,12,2,0,7.4,62.1,3,2,5.41,7.08,LOW
2025-12-10 03:00:00,3,10,12,2,0,6.6,65.6,3,2,4.94,5.41,LOW
2025-12-10 04:00:00,4,10,12,2,0,7.1,64.3,3,3,4.5,4.94,LOW
2025-12-10 05:00:00,5,10,12,2,0,2.8,78.8,3,1,4.06,4.5,LOW
2025-12-10 06:00:00,6,10,12,2,0,10.1,67.4,2,3,6.52,4.06,MEDIUM
2025-12-10 07:00:00,7,10,12,2,0,4.7,69.3,5,1,7.42,6.52,MEDIUM
2025-12-10 08:00:00,8,10,12,2,0,8.8,54.6,4,1,8.66,7.42,MEDIUM
2025-12-10 09:00:00,9,10,12,2,0,9.6,62.0,2,0,6.21,8.66,LOW
2025-12-10 10:00:00,10,10,12,2,0,10.5,60.9,1,1,5.82,6.21,LOW
2025-12-10 11:00:00,11,10,12,2,0,15.5,57.1,3,0,4.94,5.82,LOW
2025-12-10 12:00:00,12,10,12,2,0,11.4,58.6,2,0,5.3,4.94,LOW
2025-12-10 13:00:00,13,10,12,2,0,10.6,52.9,3,2,6.96,5.3,MEDIUM
2025-12-10 14:00:00,14,10,12,2,0,14.5,54.5,2,1,5.82,6.96,LOW
2025-12-10 15:00:00,15,10,12,2,0,13.6,67.8,2,1,5.84,5.82,LOW
2025-12-10 16:00:00,16,10,12,2,0,22.9,58.0,3,2,5.91,5.84,LOW
2025-12-10 17:00:00,17,10,12,2,0,15.6,58.7,1,8,12.64,5.91,HIGH
2025-12-10 18:00:00,18,10,12,2,0,12.1,63.1,5,2,12.96,12.64,HIGH
2025-12-10 19:00:00,19,10,12,2,0,9.5,71.2,4,3,14.29,12.96,HIGH
2025-12-10 20:00:00,20,10,12,2,0,6.2,65.5,4,1,13.32,14.29,HIGH
2025-12-10 21:00:00,21,10,12,2,0,7.0,68.4,5,5,18.31,13.32,HIGH
2025-12-10 22:00:00,22,10,12,2,0,8.6,59.5,4,8,16.01,18.31,HIGH
2025-12-10 23:00:00,23,10,12,2,0,10.7,60.0,4,0,9.52,16.01,MEDIUM
2025-12-11 00:00:00,0,11,12,3,0,8.9,66.6,5,2,8.53,9.52,MEDIUM
2025-12-11 01:00:00,1,11,12,3,0,5.9,77.0,4,2,6.11,8.53,LOW
2025-12-11 02:00:00,2,11,12,3,0,4.0,75.0,3,0,4.2,6.11,LOW
2025-12-11 03:00:00,3,11,12,3,0,5.3,69.4,3,1,4.28,4.2,LOW
2025-12-11 04:00:00,4,11,12,3,0,3.5,67.5,2,2,3.8,4.28,LOW
2025-12-11 05:00:00,5,11,12,3,0,9.6,72.6,2,0,2.82,3.8,LOW
2025-12-11 06:00:00,6,11,12,3,0,5.6,70.5,4,2,6.05,2.82,LOW
2025-12-11 07:00:00,7,11,12,3,0,6.9,51.5,4,1,7.48,6.05,MEDIUM
2025-12-11 08:00:00,8,11,12,3,0,2.8,60.6,7,1,10.85,7.48,MEDIUM
2025-12-11 09:00:00,9,11,12,3,0,9.1,66.4,3,4,12.1,10.85,HIGH
2025-12-11 10:00:00,10,11,12,3,0,13.0,52.1,1,3,9.37,12.1,MEDIUM
2025-12-11 11:00:00,11,11,12,3,0,9.4,58.9,1,4,9.99,9.37,MEDIUM
2025-12-11 12:00:00,12,11,12,3,0,11.3,59.3,1,2,7.76,9.99,MEDIUM
2025-12-11 13:00:00,13,11,12,3,0,15.9,60.1,2,1,6.39,7.76,MEDIUM
2025-12-11 14:00:00,14,11,12,3,0,10.7,62.0,3,0,5.97,6.39,LOW
2025-12-11 15:00:00,15,11,12,3,0,17.3,59.3,2,2,6.19,5.97,LOW
2025-12-11 16:00:00,16,11,12,3,0,13.1,67.7,3,5,9.88,6.19,MEDIUM
2025-12-11 17:00:00,17,11,12,3,0,13.0,61.2,2,4,11.77,9.88,HIGH
2025-12-11 18:00:00,18,11,12,3,0,10.3,61.6,6,7,19.19,11.77,HIGH
2025-12-11 19:00:00,19,11,12,3,0,13.1,54.7,4,2,14.99,19.19,HIGH
2025-12-11 20:00:00,20,11,12,3,0,17.1,67.3,6,7,19.38,14.99,HIGH
2025-12-11 21:00:00,21,11,12,3,0,11.6,59.3,5,5,18.83,19.38,HIGH
2025-12-11 22:00:00,22,11,12,3,0,6.2,59.0,4,2,13.81,18.83,HIGH
2025-12-11 23:00:00,23,11,12,3,0,9.9,65.3,3,0,8.89,13.81,MEDIUM
2025-12-12 00:00:00,0,12,12,4,0,5.3,61.3,5,4,10.3,8.89,MEDIUM
2025-12-12 01:00:00,1,12,12,4,0,8.7,61.4,2,1,6.24,10.3,MEDIUM
2025-12-12 02:00:00,2,12,12,4,0,6.8,66.8,4,2,4.86,6.24,LOW
2025-12-12 03:00:00,3,12,12,4,0,-2.8,67.2,3,3,4.95,4.86,LOW
2025-12-12 04:00:00,4,12,12,4,0,2.3,80.9,4,5,5.88,4.95,LOW
2025-12-12 05:00:00,5,12,12,4,0,7.6,64.5,2,3,4.59,5.88,LOW
2025-12-12 06:00:00,6,12,12,4,0,6.5,69.1,2,3,5.84,4.59,LOW
2025-12-12 07:00:00,7,12,12,4,0,4.5,54.5,4,4,8.38,5.84,MEDIUM
2025-12-12 08:00:00,8,12,12,4,0,6.7,60.2,6,5,13.39,8.38,HIGH
2025-12-12 09:00:00,9,12,12,4,0,4.8,59.6,2,3,11.96,13.39,HIGH
2025-12-12 10:00:00,10,12,12,4,0,10.7,58.0,3,1,9.76,11.96,MEDIUM
2025-12-12 11:00:00,11,12,12,4,0,17.6,63.5,1,1,6.23,9.76,MEDIUM
2025-12-12 12:00:00,12,12,12,4,0,15.2,68.1,3,1,6.7,6.23,MEDIUM
2025-12-12 13:00:00,13,12,12,4,0,19.4,62.3,2,1,6.11,6.7,LOW
2025-12-12 14:00:00,14,12,12,4,0,16.6,60.0,3,2,6.57,6.11,MEDIUM
2025-12-12 15:00:00,15,12,12,4,0,17.2,57.3,1,2,5.19,6.57,LOW
2025-12-12 16:00:00,16,12,12,4,0,19.4,66.9,2,0,3.46,5.19,LOW
2025-12-12 17:00:00,17,12,12,4,0,14.9,74.5,2,2,6.38,3.46,MEDIUM
2025-12-12 18:00:00,18,12,12,4,0,12.7,63.7,6,2,11.25,6.38,HIGH
2025-12-12 19:00:00,19,12,12,4,0,14.7,67.8,4,4,13.25,11.25,HIGH
2025-12-12 20:00:00,20,12,12,4,0,14.5,64.3,4,3,13.24,13.25,HIGH
2025-12-12 21:00:00,21,12,12,4,0,8.4,69.2,4,4,15.4,13.24,HIGH
2025-12-12 22:00:00,22,12,12,4,0,6.5,58.4,5,7,14.52,15.4,HIGH
2025-12-12 23:00:00,23,12,12,4,0,7.5,62.1,3,3,11.02,14.52,HIGH
2025-12-13 00:00:00,0,13,12,5,1,8.2,67.1,2,2,9.2,11.02,MEDIUM
2025-12-13 01:00:00,1,13,12,5,1,7.3,72.4,4,4,7.82,9.2,MEDIUM
2025-12-13 02:00:00,2,13,12,5,1,1.2,62.6,3,7,7.26,7.82,MEDIUM
2025-12-13 03:00:00,3,13,12,5,1,9.4,52.0,2,3,5.81,7.26,LOW
2025-12-13 04:00:00,4,13,12,5,1,3.2,63.7,2,3,5.58,5.81,LOW
2025-12-13 05:00:00,5,13,12,5,1,4.6,72.2,3,5,6.11,5.58,LOW
2025-12-13 06:00:00,6,13,12,5,1,3.8,57.0,3,1,6.91,6.11,MEDIUM
2025-12-13 07:00:00,7,13,12,5,1,13.9,55.4,5,3,8.55,6.91,MEDIUM
2025-12-13 08:00:00,8,13,12,5,1,8.9,65.4,4,1,9.49,8.55,MEDIUM
2025-12-13 09:00:00,9,13,12,5,1,7.5,64.3,5,7,16.12,9.49,HIGH
2025-12-13 10:00:00,10,13,12,5,1,13.1,66.3,5,4,16.24,16.12,HIGH
2025-12-13 11:00:00,11,13,12,5,1,14.0,55.0,6,4,16.19,16.24,HIGH
2025-12-13 12:00:00,12,13,12,5,1,12.7,61.0,4,4,14.72,16.19,HIGH
2025-12-13 13:00:00,13,13,12,5,1,16.0,68.8,5,5,15.53,14.72,HIGH
2025-12-13 14:00:00,14,13,12,5,1,12.4,55.9,6,4,16.13,15.53,HIGH
2025-12-13 15:00:00,15,13,12,5,1,13.4,71.5,4,1,12.28,16.13,HIGH
2025-12-13 16:00:00,16,13,12,5,1,9.4,57.8,5,5,15.61,12.28,HIGH
2025-12-13 17:00:00,17,13,12,5,1,10.6,68.9,4,3,16.22,15.61,HIGH
2025-12-13 18:00:00,18,13,12,5,1,17.7,58.7,5,9,22.95,16.22,HIGH
2025-12-13 19:00:00,19,13,12,5,1,16.2,54.7,5,10,27.12,22.95,HIGH
2025-12-13 20:00:00,20,13,12,5,1,11.1,60.6,6,2,22.18,27.12,HIGH
2025-12-13 21:00:00,21,13,12,5,1,13.8,65.7,6,9,27.34,22.18,HIGH
2025-12-13 22:00:00,22,13,12,5,1,7.9,64.8,5,5,19.36,27.34,HIGH
2025-12-13 23:00:00,23,13,12,5,1,6.5,72.1,2,4,14.21,19.36,HIGH
2025-12-14 00:00:00,0,14,12,6,1,6.2,74.1,2,0,9.41,14.21,MEDIUM
2025-12-14 01:00:00,1,14,12,6,1,5.0,58.9,3,3,7.42,9.41,MEDIUM
2025-12-14 02:00:00,2,14,12,6,1,4.2,58.8,3,5,7.38,7.42,MEDIUM
2025-12-14 03:00:00,3,14,12,6,1,7.5,57.2,5,2,6.5,7.38,MEDIUM
2025-12-14 04:00:00,4,14,12,6,1,5.2,60.5,3,1,5.27,6.5,LOW
2025-12-14 05:00:00,5,14,12,6,1,7.1,71.8,3,2,5.04,5.27,LOW
2025-12-14 06:00:00,6,14,12,6,1,8.7,67.9,3,3,7.17,5.04,MEDIUM
2025-12-14 07:00:00,7,14,12,6,1,8.1,61.5,7,5,11.12,7.17,HIGH
2025-12-14 08:00:00,8,14,12,6,1,5.9,65.6,4,5,14.53,11.12,HIGH
2025-12-14 09:00:00,9,14,12,6,1,6.2,73.9,5,1,13.44,14.53,HIGH
2025-12-14 10:00:00,10,14,12,6,1,11.3,74.9,4,4,14.01,13.44,HIGH
2025-12-14 11:00:00,11,14,12,6,1,11.7,64.9,4,5,14.92,14.01,HIGH
2025-12-14 12:00:00,12,14,12,6,1,13.4,46.7,5,2,13.15,14.92,HIGH
2025-12-14 13:00:00,13,14,12,6,1,13.9,64.2,6,1,12.27,13.15,HIGH
2025-12-14 14:00:00,14,14,12,6,1,20.9,65.2,4,1,9.57,12.27,MEDIUM
2025-12-14 15:00:00,15,14,12,6,1,11.3,64.8,5,5,13.57,9.57,HIGH
2025-12-14 16:00:00,16,14,12,6,1,9.5,68.6,4,4,13.94,13.57,HIGH
2025-12-14 17:00:00,17,14,12,6,1,14.8,64.2,4,7,19.23,13.94,HIGH
2025-12-14 18:00:00,18,14,12,6,1,12.2,55.7,4,6,20.39,19.23,HIGH
2025-12-14 19:00:00,19,14,12,6,1,12.9,57.5,6,8,25.92,20.39,HIGH
2025-12-14 20:00:00,20,14,12,6,1,12.4,61.1,7,3,23.13,25.92,HIGH
2025-12-14 21:00:00,21,14,12,6,1,12.8,69.3,4,2,18.69,23.13,HIGH
2025-12-14 22:00:00,22,14,12,6,1,4.5,61.6,4,2,14.21,18.69,HIGH
2025-12-14 23:00:00,23,14,12,6,1,5.7,68.5,2,7,14.14,14.21,HIGH
2025-12-15 00:00:00,0,15,12,0,0,7.1,67.0,3,2,10.13,14.14,MEDIUM
2025-12-15 01:00:00,1,15,12,0,0,7.2,74.6,2,1,6.02,10.13,LOW
2025-12-15 02:00:00,2,15,12,0,0,10.3,63.6,3,2,5.12,6.02,LOW
2025-12-15 03:00:00,3,15,12,0,0,7.0,54.7,2,3,4.62,5.12,LOW
2025-12-15 04:00:00,4,15,12,0,0,4.6,70.0,2,1,3.34,4.62,LOW
2025-12-15 05:00:00,5,15,12,0,0,3.1,79.6,4,2,3.99,3.34,LOW
2025-12-15 06:00:00,6,15,12,0,0,4.7,70.4,4,0,5.81,3.99,LOW
2025-12-15 07:00:00,7,15,12,0,0,5.6,61.0,4,4,8.66,5.81,MEDIUM
2025-12-15 08:00:00,8,15,12,0,0,10.0,57.5,8,2,11.8,8.66,HIGH
2025-12-15 09:00:00,9,15,12,0,0,10.3,58.2,2,0,8.5,11.8,MEDIUM
2025-12-15 10:00:00,10,15,12,0,0,7.6,77.0,1,2,7.7,8.5,MEDIUM
2025-12-15 11:00:00,11,15,12,0,0,11.0,61.6,1,0,5.29,7.7,LOW
2025-12-15 12:00:00,12,15,12,0,0,15.3,57.9,2,2,5.84,5.29,LOW
2025-12-15 13:00:00,13,15,12,0,0,14.8,61.1,2,1,5.24,5.84,LOW
2025-12-15 14:00:00,14,15,12,0,0,15.9,59.7,2,2,6.03,5.24,LOW
2025-12-15 15:00:00,15,15,12,0,0,15.6,71.2,3,1,6.32,6.03,MEDIUM
2025-12-15 16:00:00,16,15,12,0,0,18.5,54.5,2,1,5.31,6.32,LOW
2025-12-15 17:00:00,17,15,12,0,0,14.5,69.3,1,3,7.13,5.31,MEDIUM
2025-12-15 18:00:00,18,15,12,0,0,12.2,63.9,5,6,15.4,7.13,HIGH
2025-12-15 19:00:00,19,15,12,0,0,9.8,71.3,5,6,19.23,15.4,HIGH
2025-12-15 20:00:00,20,15,12,0,0,11.5,72.9,4,3,16.13,19.23,HIGH
2025-12-15 21:00:00,21,15,12,0,0,3.5,67.1,6,3,17.9,16.13,HIGH
2025-12-15 22:00:00,22,15,12,0,0,7.9,62.9,8,4,14.85,17.9,HIGH
2025-12-15 23:00:00,23,15,12,0,0,6.6,65.8,4,1,11.09,14.85,HIGH
2025-12-16 00:00:00,0,16,12,1,0,2.7,66.4,2,0,7.56,11.09,MEDIUM
2025-12-16 01:00:00,1,16,12,1,0,3.0,56.9,2,2,5.12,7.56,LOW
2025-12-16 02:00:00,2,16,12,1,0,6.8,74.6,3,1,4.52,5.12,LOW
2025-12-16 03:00:00,3,16,12,1,0,5.2,67.4,2,1,4.01,4.52,LOW
2025-12-16 04:00:00,4,16,12,1,0,5.0,59.0,4,2,4.02,4.01,LOW
2025-12-16 05:00:00,5,16,12,1,0,6.0,53.2,2,0,3.29,4.02,LOW
2025-12-16 06:00:00,6,16,12,1,0,6.3,51.5,2,3,5.56,3.29,LOW
2025-12-16 07:00:00,7,16,12,1,0,10.2,68.5,4,2,6.73,5.56,MEDIUM
2025-12-16 08:00:00,8,16,12,1,0,8.6,60.8,6,0,8.19,6.73,MEDIUM
2025-12-16 09:00:00,9,16,12,1,0,6.0,62.9,1,2,8.26,8.19,MEDIUM
2025-12-16 10:00:00,10,16,12,1,0,15.0,64.9,2,2,7.27,8.26,MEDIUM
2025-12-16 11:00:00,11,16,12,1,0,13.0,59.7,1,5,8.71,7.27,MEDIUM
2025-12-16 12:00:00,12,16,12,1,0,11.7,66.6,2,0,6.76,8.71,MEDIUM
2025-12-16 13:00:00,13,16,12,1,0,10.8,64.3,2,1,6.49,6.76,MEDIUM
2025-12-16 14:00:00,14,16,12,1,0,15.4,61.3,1,0,4.6,6.49,LOW
2025-12-16 15:00:00,15,16,12,1,0,14.3,52.8,2,0,4.33,4.6,LOW
2025-12-16 16:00:00,16,16,12,1,0,18.4,55.7,1,1,3.65,4.33,LOW
2025-12-16 17:00:00,17,16,12,1,0,13.1,66.4,2,6,11.22,3.65,HIGH
2025-12-16 18:00:00,18,16,12,1,0,11.0,59.5,7,6,18.45,11.22,HIGH
2025-12-16 19:00:00,19,16,12,1,0,14.3,69.5,5,1,14.55,18.45,HIGH
2025-12-16 20:00:00,20,16,12,1,0,13.2,76.8,4,8,19.34,14.55,HIGH
2025-12-16 21:00:00,21,16,12,1,0,10.0,67.9,4,8,21.93,19.34,HIGH
2025-12-16 22:00:00,22,16,12,1,0,10.0,73.0,5,11,19.61,21.93,HIGH
2025-12-16 23:00:00,23,16,12,1,0,7.0,69.5,3,1,11.91,19.61,HIGH
2025-12-17 00:00:00,0,17,12,2,0,6.7,62.1,3,3,9.95,11.91,MEDIUM
2025-12-17 01:00:00,1,17,12,2,0,8.2,65.9,3,3,6.85,9.95,MEDIUM
2025-12-17 02:00:00,2,17,12,2,0,6.3,77.6,3,2,4.9,6.85,LOW
2025-12-17 03:00:00,3,17,12,2,0,4.2,63.2,4,2,5.11,4.9,LOW
2025-12-17 04:00:00,4,17,12,2,0,8.2,58.5,2,3,4.89,5.11,LOW
2025-12-17 05:00:00,5,17,12,2,0,-0.6,61.4,3,2,5.21,4.89,LOW
2025-12-17 06:00:00,6,17,12,2,0,11.2,62.2,3,3,6.31,5.21,MEDIUM
2025-12-17 07:00:00,7,17,12,2,0,2.8,60.9,5,2,8.15,6.31,MEDIUM
2025-12-17 08:00:00,8,17,12,2,0,6.7,75.4,5,0,8.69,8.15,MEDIUM
2025-12-17 09:00:00,9,17,12,2,0,9.5,65.5,2,1,7.8,8.69,MEDIUM
2025-12-17 10:00:00,10,17,12,2,0,10.5,69.6,2,1,6.98,7.8,MEDIUM
2025-12-17 11:00:00,11,17,12,2,0,14.6,60.4,2,1,6.04,6.98,LOW
2025-12-17 12:00:00,12,17,12,2,0,10.5,57.0,1,2,6.53,6.04,MEDIUM
2025-12-17 13:00:00,13,17,12,2,0,14.6,54.3,3,2,6.74,6.53,MEDIUM
2025-12-17 14:00:00,14,17,12,2,0,13.0,57.4,1,3,7.1,6.74,MEDIUM
2025-12-17 15:00:00,15,17,12,2,0,15.3,64.0,2,2,7.02,7.1,MEDIUM
2025-12-17 16:00:00,16,17,12,2,0,14.3,65.4,2,2,8.16,7.02,MEDIUM
2025-12-17 17:00:00,17,17,12,2,0,14.2,65.9,1,3,8.15,8.16,MEDIUM
2025-12-17 18:00:00,18,17,12,2,0,11.8,54.3,4,4,12.3,8.15,HIGH
2025-12-17 19:00:00,19,17,12,2,0,10.8,63.7,6,5,16.91,12.3,HIGH
2025-12-17 20:00:00,20,17,12,2,0,11.6,57.2,5,2,14.76,16.91,HIGH
2025-12-17 21:00:00,21,17,12,2,0,12.0,65.6,7,4,18.39,14.76,HIGH
2025-12-17 22:00:00,22,17,12,2,0,6.8,68.2,5,3,13.66,18.39,HIGH
2025-12-17 23:00:00,23,17,12,2,0,4.9,59.0,3,1,9.69,13.66,MEDIUM
2025-12-18 00:00:00,0,18,12,3,0,7.6,70.8,4,3,9.5,9.69,MEDIUM
2025-12-18 01:00:00,1,18,12,3,0,5.2,80.0,2,2,6.11,9.5,LOW
2025-12-18 02:00:00,2,18,12,3,0,6.9,70.2,2,0,4.29,6.11,LOW
2025-12-18 03:00:00,3,18,12,3,0,2.3,66.1,5,1,4.23,4.29,LOW
2025-12-18 04:00:00,4,18,12,3,0,0.3,66.0,3,4,5.47,4.23,LOW
2025-12-18 05:00:00,5,18,12,3,0,3.9,65.2,2,2,4.55,5.47,LOW
2025-12-18 06:00:00,6,18,12,3,0,4.2,61.8,3,5,8.51,4.55,MEDIUM
2025-12-18 07:00:00,7,18,12,3,0,6.9,66.8,7,2,9.68,8.51,MEDIUM
2025-12-18 08:00:00,8,18,12,3,0,6.7,58.5,6,4,12.25,9.68,HIGH
2025-12-18 09:00:00,9,18,12,3,0,11.5,52.1,1,0,7.04,12.25,MEDIUM
2025-12-18 10:00:00,10,18,12,3,0,10.2,65.2,3,3,9.41,7.04,MEDIUM
2025-12-18 11:00:00,11,18,12,3,0,12.5,63.1,1,3,8.28,9.41,MEDIUM
2025-12-18 12:00:00,12,18,12,3,0,13.5,59.2,2,2,6.89,8.28,MEDIUM
2025-12-18 13:00:00,13,18,12,3,0,14.4,54.5,1,1,5.21,6.89,LOW
2025-12-18 14:00:00,14,18,12,3,0,14.4,64.0,1,3,6.08,5.21,LOW
2025-12-18 15:00:00,15,18,12,3,0,15.9,55.7,2,3,7.38,6.08,MEDIUM
2025-12-18 16:00:00,16,18,12,3,0,12.4,62.2,1,2,6.42,7.38,MEDIUM
2025-12-18 17:00:00,17,18,12,3,0,17.4,71.6,1,3,7.4,6.42,MEDIUM
2025-12-18 18:00:00,18,18,12,3,0,12.6,66.9,7,5,15.71,7.4,HIGH
2025-12-18 19:00:00,19,18,12,3,0,8.8,56.3,5,9,22.27,15.71,HIGH
2025-12-18 20:00:00,20,18,12,3,0,11.4,55.8,5,4,19.41,22.27,HIGH
2025-12-18 21:00:00,21,18,12,3,0,7.5,65.9,5,4,19.37,19.41,HIGH
2025-12-18 22:00:00,22,18,12,3,0,10.0,55.7,6,4,14.98,19.37,HIGH
2025-12-18 23:00:00,23,18,12,3,0,12.6,50.9,4,4,11.57,14.98,HIGH
2025-12-19 00:00:00,0,19,12,4,0,4.1,69.6,3,3,10.31,11.57,MEDIUM
2025-12-19 01:00:00,1,19,12,4,0,6.1,67.5,2,2,6.37,10.31,MEDIUM
2025-12-19 02:00:00,2,19,12,4,0,0.4,70.5,2,2,4.46,6.37,LOW
2025-12-19 03:00:00,3,19,12,4,0,5.7,67.3,2,0,3.65,4.46,LOW
2025-12-19 04:00:00,4,19,12,4,0,2.6,66.6,4,1,3.55,3.65,LOW
2025-12-19 05:00:00,5,19,12,4,0,3.7,62.5,2,3,3.74,3.55,LOW
2025-12-19 06:00:00,6,19,12,4,0,3.3,69.8,3,3,6.74,3.74,MEDIUM
2025-12-19 07:00:00,7,19,12,4,0,8.9,73.6,5,3,8.58,6.74,MEDIUM
2025-12-19 08:00:00,8,19,12,4,0,10.8,60.7,5,1,8.97,8.58,MEDIUM
2025-12-19 09:00:00,9,19,12,4,0,9.7,58.0,1,7,11.6,8.97,HIGH
2025-12-19 10:00:00,10,19,12,4,0,8.7,57.7,2,1,9.49,11.6,MEDIUM
2025-12-19 11:00:00,11,19,12,4,0,16.1,56.4,2,0,5.96,9.49,LOW
2025-12-19 12:00:00,12,19,12,4,0,11.3,64.7,2,1,5.94,5.96,LOW
2025-12-19 13:00:00,13,19,12,4,0,8.5,51.8,4,1,7.05,5.94,MEDIUM
2025-12-19 14:00:00,14,19,12,4,0,15.6,64.4,3,0,5.66,7.05,LOW
2025-12-19 15:00:00,15,19,12,4,0,11.8,67.1,1,1,5.78,5.66,LOW
2025-12-19 16:00:00,16,19,12,4,0,16.9,50.5,3,3,6.7,5.78,MEDIUM
2025-12-19 17:00:00,17,19,12,4,0,13.0,56.9,3,5,11.65,6.7,HIGH
2025-12-19 18:00:00,18,19,12,4,0,14.7,62.6,4,8,17.6,11.65,HIGH
2025-12-19 19:00:00,19,19,12,4,0,15.6,60.9,5,2,14.87,17.6,HIGH
2025-12-19 20:00:00,20,19,12,4,0,7.9,68.0,6,3,16.97,14.87,HIGH
2025-12-19 21:00:00,21,19,12,4,0,8.2,63.9,4,3,16.21,16.97,HIGH
2025-12-19 22:00:00,22,19,12,4,0,8.1,72.3,4,3,11.93,16.21,HIGH
2025-12-19 23:00:00,23,19,12,4,0,11.0,61.7,3,1,8.74,11.93,MEDIUM
2025-12-20 00:00:00,0,20,12,5,1,4.4,60.3,3,6,10.7,8.74,MEDIUM
2025-12-20 01:00:00,1,20,12,5,1,3.8,60.1,5,2,8.32,10.7,MEDIUM
2025-12-20 02:00:00,2,20,12,5,1,6.0,70.0,3,5,7.98,8.32,MEDIUM
2025-12-20 03:00:00,3,20,12,5,1,3.2,66.9,5,4,7.71,7.98,MEDIUM
2025-12-20 04:00:00,4,20,12,5,1,5.2,69.7,2,0,4.85,7.71,LOW
2025-12-20 05:00:00,5,20,12,5,1,1.4,71.1,3,5,6.13,4.85,LOW
2025-12-20 06:00:00,6,20,12,5,1,11.6,51.2,2,3,6.44,6.13,MEDIUM
2025-12-20 07:00:00,7,20,12,5,1,3.7,59.7,6,2,8.96,6.44,MEDIUM
2025-12-20 08:00:00,8,20,12,5,1,7.5,58.9,4,1,10.07,8.96,MEDIUM
2025-12-20 09:00:00,9,20,12,5,1,9.5,59.3,5,2,11.78,10.07,HIGH
2025-12-20 10:00:00,10,20,12,5,1,15.7,59.2,5,5,14.07,11.78,HIGH
2025-12-20 11:00:00,11,20,12,5,1,8.8,70.5,5,1,12.27,14.07,HIGH
2025-12-20 12:00:00,12,20,12,5,1,18.1,68.0,7,3,14.12,12.27,HIGH
2025-12-20 13:00:00,13,20,12,5,1,15.8,59.9,7,9,20.11,14.12,HIGH
2025-12-20 14:00:00,14,20,12,5,1,15.5,60.3,6,1,14.72,20.11,HIGH
2025-12-20 15:00:00,15,20,12,5,1,12.1,58.9,7,7,19.07,14.72,HIGH
2025-12-20 16:00:00,16,20,12,5,1,15.9,62.2,4,4,15.41,19.07,HIGH
2025-12-20 17:00:00,17,20,12,5,1,12.1,64.4,5,6,19.96,15.41,HIGH
2025-12-20 18:00:00,18,20,12,5,1,16.3,66.3,4,5,20.17,19.96,HIGH
2025-12-20 19:00:00,19,20,12,5,1,9.7,68.9,5,10,27.49,20.17,HIGH
2025-12-20 20:00:00,20,20,12,5,1,10.6,49.9,7,2,22.81,27.49,HIGH
2025-12-20 21:00:00,21,20,12,5,1,8.2,63.8,5,5,23.22,22.81,HIGH
2025-12-20 22:00:00,22,20,12,5,1,5.8,74.0,6,3,17.09,23.22,HIGH
2025-12-20 23:00:00,23,20,12,5,1,9.0,61.8,5,2,12.91,17.09,HIGH
2025-12-21 00:00:00,0,21,12,6,1,7.4,71.9,5,2,11.17,12.91,HIGH
2025-12-21 01:00:00,1,21,12,6,1,8.3,62.8,3,3,7.62,11.17,MEDIUM
2025-12-21 02:00:00,2,21,12,6,1,0.3,68.9,2,4,6.63,7.62,MEDIUM
2025-12-21 03:00:00,3,21,12,6,1,7.3,58.3,5,2,5.77,6.63,LOW
2025-12-21 04:00:00,4,21,12,6,1,11.0,57.0,4,3,4.76,5.77,LOW
2025-12-21 05:00:00,5,21,12,6,1,4.1,70.7,2,3,4.74,4.76,LOW
2025-12-21 06:00:00,6,21,12,6,1,10.8,69.0,2,7,8.98,4.74,MEDIUM
2025-12-21 07:00:00,7,21,12,6,1,6.4,65.6,5,1,8.85,8.98,MEDIUM
2025-12-21 08:00:00,8,21,12,6,1,4.9,58.7,4,5,13.83,8.85,HIGH
2025-12-21 09:00:00,9,21,12,6,1,8.8,64.7,6,5,17.09,13.83,HIGH
2025-12-21 10:00:00,10,21,12,6,1,13.5,70.1,4,3,14.17,17.09,HIGH
2025-12-21 11:00:00,11,21,12,6,1,10.0,74.5,5,4,15.65,14.17,HIGH
2025-12-21 12:00:00,12,21,12,6,1,11.6,61.5,4,1,12.85,15.65,HIGH
2025-12-21 13:00:00,13,21,12,6,1,15.4,51.9,4,1,9.97,12.85,MEDIUM
2025-12-21 14:00:00,14,21,12,6,1,14.4,67.3,9,4,15.26,9.97,HIGH
2025-12-21 15:00:00,15,21,12,6,1,16.1,59.9,5,3,13.71,15.26,HIGH
2025-12-21 16:00:00,16,21,12,6,1,15.0,67.7,5,3,13.19,13.71,HIGH
2025-12-21 17:00:00,17,21,12,6,1,15.1,63.6,4,6,17.13,13.19,HIGH
2025-12-21 18:00:00,18,21,12,6,1,12.1,57.9,5,4,18.98,17.13,HIGH
2025-12-21 19:00:00,19,21,12,6,1,12.7,63.3,4,3,17.19,18.98,HIGH
2025-12-21 20:00:00,20,21,12,6,1,8.6,72.4,5,6,22.46,17.19,HIGH
2025-12-21 21:00:00,21,21,12,6,1,12.8,62.0,4,4,20.04,22.46,HIGH
2025-12-21 22:00:00,22,21,12,6,1,6.7,59.1,4,3,15.12,20.04,HIGH
2025-12-21 23:00:00,23,21,12,6,1,9.9,54.5,3,3,11.78,15.12,HIGH
2025-12-22 00:00:00,0,22,12,0,0,5.5,61.2,3,3,10.24,11.78,MEDIUM
2025-12-22 01:00:00,1,22,12,0,0,5.8,63.2,2,3,7.05,10.24,MEDIUM
2025-12-22 02:00:00,2,22,12,0,0,3.5,71.5,5,0,5.27,7.05,LOW
2025-12-22 03:00:00,3,22,12,0,0,2.1,60.4,2,4,4.99,5.27,LOW
2025-12-22 04:00:00,4,22,12,0,0,0.4,77.2,3,2,4.94,4.99,LOW
2025-12-22 05:00:00,5,22,12,0,0,2.6,58.9,4,1,4.72,4.94,LOW
2025-12-22 06:00:00,6,22,12,0,0,5.3,79.9,3,0,5.25,4.72,LOW
2025-12-22 07:00:00,7,22,12,0,0,7.6,75.3,4,2,7.02,5.25,MEDIUM
2025-12-22 08:00:00,8,22,12,0,0,10.8,64.5,6,0,7.82,7.02,MEDIUM
2025-12-22 09:00:00,9,22,12,0,0,8.5,54.7,2,1,7.39,7.82,MEDIUM
2025-12-22 10:00:00,10,22,12,0,0,8.7,64.2,2,0,6.69,7.39,MEDIUM
2025-12-22 11:00:00,11,22,12,0,0,8.5,62.3,5,1,8.6,6.69,MEDIUM
2025-12-22 12:00:00,12,22,12,0,0,14.3,54.6,1,5,9.27,8.6,MEDIUM
2025-12-22 13:00:00,13,22,12,0,0,17.4,62.8,3,2,8.23,9.27,MEDIUM
2025-12-22 14:00:00,14,22,12,0,0,17.6,56.0,3,2,7.96,8.23,MEDIUM
2025-12-22 15:00:00,15,22,12,0,0,16.4,57.2,3,1,6.9,7.96,MEDIUM
2025-12-22 16:00:00,16,22,12,0,0,16.0,60.4,1,3,6.16,6.9,LOW
2025-12-22 17:00:00,17,22,12,0,0,18.2,57.3,1,6,9.89,6.16,MEDIUM
2025-12-22 18:00:00,18,22,12,0,0,14.0,74.9,6,4,14.89,9.89,HIGH
2025-12-22 19:00:00,19,22,12,0,0,13.7,59.3,5,1,12.65,14.89,HIGH
2025-12-22 20:00:00,20,22,12,0,0,10.1,66.6,6,3,15.42,12.65,HIGH
2025-12-22 21:00:00,21,22,12,0,0,6.2,66.4,6,5,19.31,15.42,HIGH
2025-12-22 22:00:00,22,22,12,0,0,6.6,67.5,5,9,17.85,19.31,HIGH
2025-12-22 23:00:00,23,22,12,0,0,7.1,67.7,3,3,12.74,17.85,HIGH
2025-12-23 00:00:00,0,23,12,1,0,6.2,70.8,3,0,8.44,12.74,MEDIUM
2025-12-23 01:00:00,1,23,12,1,0,10.1,65.6,4,0,5.6,8.44,LOW
2025-12-23 02:00:00,2,23,12,1,0,5.0,67.3,3,3,5.34,5.6,LOW
2025-12-23 03:00:00,3,23,12,1,0,7.6,65.3,2,1,4.12,5.34,LOW
2025-12-23 04:00:00,4,23,12,1,0,3.7,65.7,4,1,4.13,4.12,LOW
2025-12-23 05:00:00,5,23,12,1,0,4.5,60.7,3,1,5.07,4.13,LOW
2025-12-23 06:00:00,6,23,12,1,0,2.7,66.6,3,6,8.53,5.07,MEDIUM
2025-12-23 07:00:00,7,23,12,1,0,5.3,67.3,4,3,8.88,8.53,MEDIUM
2025-12-23 08:00:00,8,23,12,1,0,9.6,66.6,7,1,10.49,8.88,MEDIUM
2025-12-23 09:00:00,9,23,12,1,0,9.6,65.2,3,1,9.35,10.49,MEDIUM
2025-12-23 10:00:00,10,23,12,1,0,13.3,61.3,1,0,5.79,9.35,LOW
2025-12-23 11:00:00,11,23,12,1,0,12.6,62.6,3,1,6.72,5.79,MEDIUM
2025-12-23 12:00:00,12,23,12,1,0,12.3,59.8,1,0,4.65,6.72,LOW
2025-12-23 13:00:00,13,23,12,1,0,19.3,62.2,3,3,6.69,4.65,MEDIUM
2025-12-23 14:00:00,14,23,12,1,0,14.2,61.0,3,1,6.78,6.69,MEDIUM
2025-12-23 15:00:00,15,23,12,1,0,17.5,62.1,2,1,5.21,6.78,LOW
2025-12-23 16:00:00,16,23,12,1,0,13.4,68.6,2,0,4.9,5.21,LOW
2025-12-23 17:00:00,17,23,12,1,0,15.7,57.5,1,7,11.6,4.9,HIGH
2025-12-23 18:00:00,18,23,12,1,0,15.5,65.4,5,5,15.07,11.6,HIGH
2025-12-23 19:00:00,19,23,12,1,0,12.6,63.2,5,2,13.82,15.07,HIGH
2025-12-23 20:00:00,20,23,12,1,0,5.0,78.1,5,8,21.47,13.82,HIGH
2025-12-23 21:00:00,21,23,12,1,0,9.7,62.8,5,5,20.7,21.47,HIGH
2025-12-23 22:00:00,22,23,12,1,0,11.4,67.6,5,3,14.52,20.7,HIGH
2025-12-23 23:00:00,23,23,12,1,0,8.4,64.7,2,0,8.43,14.52,MEDIUM
2025-12-24 00:00:00,0,24,12,2,0,7.2,56.8,3,1,7.36,8.43,MEDIUM
2025-12-24 01:00:00,1,24,12,2,0,1.0,64.5,3,1,5.65,7.36,LOW
2025-12-24 02:00:00,2,24,12,2,0,3.0,72.1,2,0,4.24,5.65,LOW
2025-12-24 03:00:00,3,24,12,2,0,5.6,63.2,3,0,3.89,4.24,LOW
2025-12-24 04:00:00,4,24,12,2,0,5.8,52.4,2,1,3.47,3.89,LOW
2025-12-24 05:00:00,5,24,12,2,0,8.3,64.5,2,0,2.54,3.47,LOW
2025-12-24 06:00:00,6,24,12,2,0,5.7,59.2,2,1,4.22,2.54,LOW
2025-12-24 07:00:00,7,24,12,2,0,8.1,65.6,4,1,5.58,4.22,LOW
2025-12-24 08:00:00,8,24,12,2,0,8.4,73.9,4,1,7.41,5.58,MEDIUM
2025-12-24 09:00:00,9,24,12,2,0,7.1,69.8,1,4,8.69,7.41,MEDIUM
2025-12-24 10:00:00,10,24,12,2,0,5.3,75.1,2,1,8.39,8.69,MEDIUM
2025-12-24 11:00:00,11,24,12,2,0,13.2,59.4,3,2,8.27,8.39,MEDIUM
2025-12-24 12:00:00,12,24,12,2,0,13.6,61.7,1,4,8.48,8.27,MEDIUM
2025-12-24 13:00:00,13,24,12,2,0,12.4,56.8,1,1,6.43,8.48,MEDIUM
2025-12-24 14:00:00,14,24,12,2,0,10.4,59.7,3,1,6.64,6.43,MEDIUM
2025-12-24 15:00:00,15,24,12,2,0,16.2,56.0,2,2,5.51,6.64,LOW
2025-12-24 16:00:00,16,24,12,2,0,13.8,54.6,2,3,6.91,5.51,MEDIUM
2025-12-24 17:00:00,17,24,12,2,0,15.3,70.1,3,3,9.09,6.91,MEDIUM
2025-12-24 18:00:00,18,24,12,2,0,17.8,48.3,6,7,16.41,9.09,HIGH
2025-12-24 19:00:00,19,24,12,2,0,6.8,73.5,5,1,14.71,16.41,HIGH
2025-12-24 20:00:00,20,24,12,2,0,9.2,71.8,6,6,19.67,14.71,HIGH
2025-12-24 21:00:00,21,24,12,2,0,9.1,67.4,7,3,19.41,19.67,HIGH
2025-12-24 22:00:00,22,24,12,2,0,12.0,56.5,4,5,13.97,19.41,HIGH
2025-12-24 23:00:00,23,24,12,2,0,3.0,57.3,3,2,11.03,13.97,HIGH
2025-12-25 00:00:00,0,25,12,3,0,10.9,60.3,2,1,7.05,11.03,MEDIUM
2025-12-25 01:00:00,1,25,12,3,0,5.6,69.5,3,1,4.22,7.05,LOW
2025-12-25 02:00:00,2,25,12,3,0,4.5,66.2,2,2,3.48,4.22,LOW
2025-12-25 03:00:00,3,25,12,3,0,4.1,60.1,5,6,5.99,3.48,LOW
2025-12-25 04:00:00,4,25,12,3,0,3.7,73.4,2,1,4.39,5.99,LOW
2025-12-25 05:00:00,5,25,12,3,0,7.9,74.9,4,2,4.64,4.39,LOW
2025-12-25 06:00:00,6,25,12,3,0,3.4,65.3,3,0,5.28,4.64,LOW
2025-12-25 07:00:00,7,25,12,3,0,8.0,65.5,5,2,7.45,5.28,MEDIUM
2025-12-25 08:00:00,8,25,12,3,0,7.4,56.0,5,3,10.31,7.45,MEDIUM
2025-12-25 09:00:00,9,25,12,3,0,7.7,62.4,1,4,10.43,10.31,MEDIUM
2025-12-25 10:00:00,10,25,12,3,0,17.4,64.1,2,1,7.35,10.43,MEDIUM
2025-12-25 11:00:00,11,25,12,3,0,13.2,64.8,2,5,9.05,7.35,MEDIUM
2025-12-25 12:00:00,12,25,12,3,0,14.7,59.1,2,3,8.09,9.05,MEDIUM
2025-12-25 13:00:00,13,25,12,3,0,16.8,59.6,3,1,6.6,8.09,MEDIUM
2025-12-25 14:00:00,14,25,12,3,0,10.9,61.0,1,2,6.76,6.6,MEDIUM
2025-12-25 15:00:00,15,25,12,3,0,19.0,58.7,5,2,7.55,6.76,MEDIUM
2025-12-25 16:00:00,16,25,12,3,0,8.2,67.3,3,2,9.02,7.55,MEDIUM
2025-12-25 17:00:00,17,25,12,3,0,12.0,51.4,4,4,13.2,9.02,HIGH
2025-12-25 18:00:00,18,25,12,3,0,12.0,62.8,4,5,15.75,13.2,HIGH
2025-12-25 19:00:00,19,25,12,3,0,13.6,64.7,5,9,21.61,15.75,HIGH
2025-12-25 20:00:00,20,25,12,3,0,11.4,60.0,5,4,19.66,21.61,HIGH
2025-12-25 21:00:00,21,25,12,3,0,9.2,61.4,5,4,19.28,19.66,HIGH
2025-12-25 22:00:00,22,25,12,3,0,8.3,62.0,5,9,17.49,19.28,HIGH
2025-12-25 23:00:00,23,25,12,3,0,4.7,63.2,2,1,10.87,17.49,MEDIUM
2025-12-26 00:00:00,0,26,12,4,0,2.3,67.1,3,3,9.38,10.87,MEDIUM
2025-12-26 01:00:00,1,26,12,4,0,7.1,65.9,3,1,6.04,9.38,LOW
2025-12-26 02:00:00,2,26,12,4,0,6.5,52.8,2,0,4.43,6.04,LOW
2025-12-26 03:00:00,3,26,12,4,0,8.6,68.5,4,0,4.06,4.43,LOW
2025-12-26 04:00:00,4,26,12,4,0,2.8,65.1,2,5,4.95,4.06,LOW
2025-12-26 05:00:00,5,26,12,4,0,7.0,76.8,2,2,3.98,4.95,LOW
2025-12-26 06:00:00,6,26,12,4,0,5.4,58.7,2,1,5.23,3.98,LOW
2025-12-26 07:00:00,7,26,12,4,0,10.1,58.8,4,2,5.96,5.23,LOW
2025-12-26 08:00:00,8,26,12,4,0,10.9,62.4,6,1,8.16,5.96,MEDIUM
2025-12-26 09:00:00,9,26,12,4,0,10.1,66.4,4,4,10.23,8.16,MEDIUM
2025-12-26 10:00:00,10,26,12,4,0,10.1,52.3,4,2,10.41,10.23,MEDIUM
2025-12-26 11:00:00,11,26,12,4,0,14.5,57.2,1,1,6.38,10.41,MEDIUM
2025-12-26 12:00:00,12,26,12,4,0,14.8,65.6,3,3,7.96,6.38,MEDIUM
2025-12-26 13:00:00,13,26,12,4,0,12.2,57.4,2,3,9.17,7.96,MEDIUM
2025-12-26 14:00:00,14,26,12,4,0,11.1,71.8,1,3,8.74,9.17,MEDIUM
2025-12-26 15:00:00,15,26,12,4,0,13.9,59.7,2,0,5.74,8.74,LOW
2025-12-26 16:00:00,16,26,12,4,0,18.2,55.3,2,1,4.72,5.74,LOW
2025-12-26 17:00:00,17,26,12,4,0,16.8,64.9,3,2,6.61,4.72,MEDIUM
2025-12-26 18:00:00,18,26,12,4,0,10.4,73.5,4,1,8.87,6.61,MEDIUM
2025-12-26 19:00:00,19,26,12,4,0,9.2,66.8,4,5,14.19,8.87,HIGH
2025-12-26 20:00:00,20,26,12,4,0,14.1,69.9,7,1,13.72,14.19,HIGH
2025-12-26 21:00:00,21,26,12,4,0,6.8,75.3,5,4,17.04,13.72,HIGH
2025-12-26 22:00:00,22,26,12,4,0,9.6,58.6,4,2,10.74,17.04,MEDIUM
2025-12-26 23:00:00,23,26,12,4,0,5.6,71.4,2,1,7.56,10.74,MEDIUM
2025-12-27 00:00:00,0,27,12,5,1,10.1,54.8,2,3,7.89,7.56,MEDIUM
2025-12-27 01:00:00,1,27,12,5,1,3.4,69.2,3,1,6.59,7.89,MEDIUM
2025-12-27 02:00:00,2,27,12,5,1,7.6,64.5,2,1,4.85,6.59,LOW
2025-12-27 03:00:00,3,27,12,5,1,5.1,73.4,2,6,5.59,4.85,LOW
2025-12-27 04:00:00,4,27,12,5,1,5.4,72.9,6,2,6.11,5.59,LOW
2025-12-27 05:00:00,5,27,12,5,1,0.4,71.3,3,0,5.31,6.11,LOW
2025-12-27 06:00:00,6,27,12,5,1,0.6,69.6,3,6,10.19,5.31,MEDIUM
2025-12-27 07:00:00,7,27,12,5,1,6.6,68.4,5,2,9.86,10.19,MEDIUM
2025-12-27 08:00:00,8,27,12,5,1,8.9,64.8,5,4,13.97,9.86,HIGH
2025-12-27 09:00:00,9,27,12,5,1,6.8,64.9,4,2,12.79,13.97,HIGH
2025-12-27 10:00:00,10,27,12,5,1,8.2,73.4,5,3,14.69,12.79,HIGH
2025-12-27 11:00:00,11,27,12,5,1,13.5,72.0,5,5,15.96,14.69,HIGH
2025-12-27 12:00:00,12,27,12,5,1,14.6,61.3,4,1,12.19,15.96,HIGH
2025-12-27 13:00:00,13,27,12,5,1,13.6,64.0,6,4,14.61,12.19,HIGH
2025-12-27 14:00:00,14,27,12,5,1,16.4,61.9,6,2,13.4,14.61,HIGH
2025-12-27 15:00:00,15,27,12,5,1,11.7,53.6,4,1,10.72,13.4,MEDIUM
2025-12-27 16:00:00,16,27,12,5,1,13.5,60.6,6,6,15.68,10.72,HIGH
2025-12-27 17:00:00,17,27,12,5,1,18.1,70.4,4,5,17.51,15.68,HIGH
2025-12-27 18:00:00,18,27,12,5,1,13.3,58.2,4,2,15.25,17.51,HIGH
2025-12-27 19:00:00,19,27,12,5,1,12.4,75.7,4,3,15.25,15.25,HIGH
2025-12-27 20:00:00,20,27,12,5,1,16.7,68.4,4,5,16.68,15.25,HIGH
2025-12-27 21:00:00,21,27,12,5,1,6.1,68.0,7,4,21.12,16.68,HIGH
2025-12-27 22:00:00,22,27,12,5,1,10.3,67.2,4,3,14.62,21.12,HIGH
2025-12-27 23:00:00,23,27,12,5,1,11.3,58.0,2,4,10.88,14.62,MEDIUM
2025-12-28 00:00:00,0,28,12,6,1,5.3,64.3,3,1,8.76,10.88,MEDIUM
2025-12-28 01:00:00,1,28,12,6,1,7.4,73.7,2,1,6.46,8.76,MEDIUM
2025-12-28 02:00:00,2,28,12,6,1,2.3,63.4,2,3,6.0,6.46,LOW
2025-12-28 03:00:00,3,28,12,6,1,2.9,73.2,4,5,6.93,6.0,MEDIUM
2025-12-28 04:00:00,4,28,12,6,1,5.7,57.5,4,6,7.63,6.93,MEDIUM
2025-12-28 05:00:00,5,28,12,6,1,7.3,57.9,2,4,5.78,7.63,LOW
2025-12-28 06:00:00,6,28,12,6,1,8.9,75.8,3,2,6.67,5.78,MEDIUM
2025-12-28 07:00:00,7,28,12,6,1,11.0,63.5,5,2,7.99,6.67,MEDIUM
2025-12-28 08:00:00,8,28,12,6,1,8.1,61.5,5,7,15.18,7.99,HIGH
2025-12-28 09:00:00,9,28,12,6,1,12.6,71.1,6,4,15.75,15.18,HIGH
2025-12-28 10:00:00,10,28,12,6,1,10.0,71.5,4,0,11.9,15.75,HIGH
2025-12-28 11:00:00,11,28,12,6,1,14.4,67.8,4,3,12.14,11.9,HIGH
2025-12-28 12:00:00,12,28,12,6,1,13.7,59.1,6,2,12.6,12.14,HIGH
2025-12-28 13:00:00,13,28,12,6,1,15.1,60.2,6,5,15.48,12.6,HIGH
2025-12-28 14:00:00,14,28,12,6,1,15.5,63.7,5,6,15.61,15.48,HIGH
2025-12-28 15:00:00,15,28,12,6,1,10.6,67.9,5,4,16.43,15.61,HIGH
2025-12-28 16:00:00,16,28,12,6,1,11.6,60.3,7,5,18.38,16.43,HIGH
2025-12-28 17:00:00,17,28,12,6,1,14.2,63.3,7,5,21.52,18.38,HIGH
2025-12-28 18:00:00,18,28,12,6,1,8.9,66.0,7,3,21.45,21.52,HIGH
2025-12-28 19:00:00,19,28,12,6,1,14.2,70.0,5,7,23.72,21.45,HIGH
2025-12-28 20:00:00,20,28,12,6,1,13.1,67.3,4,4,20.31,23.72,HIGH
2025-12-28 21:00:00,21,28,12,6,1,10.4,54.8,4,5,21.25,20.31,HIGH
2025-12-28 22:00:00,22,28,12,6,1,5.5,64.5,6,1,15.3,21.25,HIGH
2025-12-28 23:00:00,23,28,12,6,1,10.6,58.2,7,6,15.27,15.3,HIGH
2025-12-29 00:00:00,0,29,12,0,0,11.2,66.9,3,1,9.27,15.27,MEDIUM
2025-12-29 01:00:00,1,29,12,0,0,5.6,71.3,4,0,5.89,9.27,LOW
2025-12-29 02:00:00,2,29,12,0,0,6.1,66.2,3,0,4.53,5.89,LOW
2025-12-29 03:00:00,3,29,12,0,0,5.1,64.4,2,1,3.89,4.53,LOW
2025-12-29 04:00:00,4,29,12,0,0,6.1,66.0,2,3,3.47,3.89,LOW
2025-12-29 05:00:00,5,29,12,0,0,5.0,67.3,3,2,3.58,3.47,LOW
2025-12-29 06:00:00,6,29,12,0,0,6.0,61.8,4,2,6.42,3.58,MEDIUM
2025-12-29 07:00:00,7,29,12,0,0,9.4,56.9,6,0,6.6,6.42,MEDIUM
2025-12-29 08:00:00,8,29,12,0,0,14.2,50.0,4,3,8.55,6.6,MEDIUM
2025-12-29 09:00:00,9,29,12,0,0,6.1,73.2,2,3,10.36,8.55,MEDIUM
2025-12-29 10:00:00,10,29,12,0,0,10.6,66.7,1,1,7.19,10.36,MEDIUM
2025-12-29 11:00:00,11,29,12,0,0,9.2,66.5,2,0,6.54,7.19,MEDIUM
2025-12-29 12:00:00,12,29,12,0,0,17.1,68.8,4,4,8.78,6.54,MEDIUM
2025-12-29 13:00:00,13,29,12,0,0,12.5,55.5,3,2,8.33,8.78,MEDIUM
2025-12-29 14:00:00,14,29,12,0,0,10.8,53.3,1,2,7.45,8.33,MEDIUM
2025-12-29 15:00:00,15,29,12,0,0,16.2,63.8,3,3,8.18,7.45,MEDIUM
2025-12-29 16:00:00,16,29,12,0,0,18.8,62.2,1,0,4.82,8.18,LOW
2025-12-29 17:00:00,17,29,12,0,0,15.6,51.4,3,7,12.52,4.82,HIGH
2025-12-29 18:00:00,18,29,12,0,0,13.7,64.7,5,1,11.99,12.52,HIGH
2025-12-29 19:00:00,19,29,12,0,0,13.1,60.4,6,5,16.55,11.99,HIGH
2025-12-29 20:00:00,20,29,12,0,0,14.4,57.4,7,3,16.78,16.55,HIGH
2025-12-29 21:00:00,21,29,12,0,0,7.4,63.0,4,1,13.78,16.78,HIGH
2025-12-29 22:00:00,22,29,12,0,0,8.0,50.2,7,2,11.91,13.78,HIGH
2025-12-29 23:00:00,23,29,12,0,0,6.0,62.1,4,1,9.35,11.91,MEDIUM
2025-12-30 00:00:00,0,30,12,1,0,3.2,62.5,5,3,9.75,9.35,MEDIUM
2025-12-30 01:00:00,1,30,12,1,0,4.5,69.5,2,0,5.31,9.75,LOW
2025-12-30 02:00:00,2,30,12,1,0,7.5,64.1,4,3,4.74,5.31,LOW
2025-12-30 03:00:00,3,30,12,1,0,6.0,69.4,2,1,3.08,4.74,LOW
2025-12-30 04:00:00,4,30,12,1,0,6.4,50.1,2,2,3.61,3.08,LOW
2025-12-30 05:00:00,5,30,12,1,0,5.6,60.7,3,2,3.74,3.61,LOW
2025-12-30 06:00:00,6,30,12,1,0,7.4,68.4,2,3,5.85,3.74,LOW
2025-12-30 07:00:00,7,30,12,1,0,5.1,64.1,5,0,6.33,5.85,MEDIUM
2025-12-30 08:00:00,8,30,12,1,0,7.5,70.1,5,1,9.2,6.33,MEDIUM
2025-12-30 09:00:00,9,30,12,1,0,10.1,53.1,3,1,8.49,9.2,MEDIUM
2025-12-30 10:00:00,10,30,12,1,0,11.6,67.7,2,1,7.02,8.49,MEDIUM
2025-12-30 11:00:00,11,30,12,1,0,12.9,59.0,4,0,6.49,7.02,MEDIUM
2025-12-30 12:00:00,12,30,12,1,0,12.8,58.5,1,1,5.24,6.49,LOW
2025-12-30 13:00:00,13,30,12,1,0,13.0,68.7,2,4,7.79,5.24,MEDIUM
2025-12-30 14:00:00,14,30,12,1,0,22.3,66.1,2,1,5.94,7.79,LOW
2025-12-30 15:00:00,15,30,12,1,0,16.9,67.4,1,3,6.29,5.94,MEDIUM
2025-12-30 16:00:00,16,30,12,1,0,15.5,74.0,1,1,4.97,6.29,LOW
2025-12-30 17:00:00,17,30,12,1,0,13.4,70.2,3,4,10.61,4.97,MEDIUM
2025-12-30 18:00:00,18,30,12,1,0,12.0,58.4,4,3,11.85,10.61,HIGH
2025-12-30 19:00:00,19,30,12,1,0,11.8,64.1,5,3,13.7,11.85,HIGH
2025-12-30 20:00:00,20,30,12,1,0,11.6,61.2,9,5,20.06,13.7,HIGH
2025-12-30 21:00:00,21,30,12,1,0,4.9,78.2,6,2,19.47,20.06,HIGH
2025-12-30 22:00:00,22,30,12,1,0,4.4,72.9,5,3,14.55,19.47,HIGH
2025-12-30 23:00:00,23,30,12,1,0,5.5,64.7,4,1,11.02,14.55,HIGH
2025-12-31 00:00:00,0,31,12,2,0,6.6,70.6,2,2,9.17,11.02,MEDIUM
2025-12-31 01:00:00,1,31,12,2,0,4.7,58.7,5,1,6.35,9.17,MEDIUM
2025-12-31 02:00:00,2,31,12,2,0,8.5,66.1,2,2,4.33,6.35,LOW
2025-12-31 03:00:00,3,31,12,2,0,0.9,62.0,6,1,4.44,4.33,LOW
2025-12-31 04:00:00,4,31,12,2,0,2.9,56.7,3,3,4.12,4.44,LOW
2025-12-31 05:00:00,5,31,12,2,0,9.1,69.1,2,1,2.86,4.12,LOW
2025-12-31 06:00:00,6,31,12,2,0,6.4,70.9,3,3,5.59,2.86,LOW
2025-12-31 07:00:00,7,31,12,2,0,9.3,67.0,6,2,7.05,5.59,MEDIUM
2025-12-31 08:00:00,8,31,12,2,0,13.4,61.5,4,2,8.47,7.05,MEDIUM
2025-12-31 09:00:00,9,31,12,2,0,7.9,57.2,1,4,9.32,8.47,MEDIUM
2025-12-31 10:00:00,10,31,12,2,0,10.7,56.8,2,4,9.5,9.32,MEDIUM
2025-12-31 11:00:00,11,31,12,2,0,11.4,57.6,2,1,7.47,9.5,MEDIUM
2025-12-31 12:00:00,12,31,12,2,0,8.3,63.3,1,0,5.9,7.47,LOW
2025-12-31 13:00:00,13,31,12,2,0,13.2,69.2,1,2,5.88,5.9,LOW
2025-12-31 14:00:00,14,31,12,2,0,16.6,67.7,2,3,6.69,5.88,MEDIUM
2025-12-31 15:00:00,15,31,12,2,0,16.0,51.7,3,0,4.76,6.69,LOW
2025-12-31 16:00:00,16,31,12,2,0,16.0,57.4,3,2,6.42,4.76,MEDIUM
2025-12-31 17:00:00,17,31,12,2,0,13.0,58.5,3,5,11.65,6.42,HIGH
2025-12-31 18:00:00,18,31,12,2,0,11.5,48.2,4,6,15.75,11.65,HIGH
2025-12-31 19:00:00,19,31,12,2,0,15.3,65.3,5,3,14.9,15.75,HIGH
2025-12-31 20:00:00,20,31,12,2,0,9.7,62.6,5,8,20.67,14.9,HIGH
2025-12-31 21:00:00,21,31,12,2,0,10.3,63.2,4,1,15.42,20.67,HIGH
2025-12-31 22:00:00,22,31,12,2,0,8.7,72.6,7,4,14.47,15.42,HIGH
2025-12-31 23:00:00,23,31,12,2,0,10.8,64.2,2,3,9.9,14.47,MEDIUM
2026-01-01 00:00:00,0,1,1,3,0,6.9,62.7,4,2,9.07,9.9,MEDIUM
2026-01-01 01:00:00,1,1,1,3,0,0.4,71.3,3,2,6.47,9.07,MEDIUM
2026-01-01 02:00:00,2,1,1,3,0,0.2,74.3,5,2,5.75,6.47,LOW
2026-01-01 03:00:00,3,1,1,3,0,4.4,68.0,4,2,5.49,5.75,LOW
2026-01-01 04:00:00,4,1,1,3,0,3.0,70.9,2,2,4.66,5.49,LOW
2026-01-01 05:00:00,5,1,1,3,0,2.5,66.1,2,0,4.18,4.66,LOW
2026-01-01 06:00:00,6,1,1,3,0,7.0,64.7,4,4,7.36,4.18,MEDIUM
2026-01-01 07:00:00,7,1,1,3,0,6.0,66.3,4,2,8.27,7.36,MEDIUM
2026-01-01 08:00:00,8,1,1,3,0,6.8,60.8,6,0,9.16,8.27,MEDIUM
2026-01-01 09:00:00,9,1,1,3,0,9.9,60.6,1,1,6.87,9.16,MEDIUM
2026-01-01 10:00:00,10,1,1,3,0,8.4,72.9,2,3,8.73,6.87,MEDIUM
2026-01-01 11:00:00,11,1,1,3,0,14.4,74.3,1,2,7.17,8.73,MEDIUM
2026-01-01 12:00:00,12,1,1,3,0,9.6,73.7,2,2,7.28,7.17,MEDIUM
2026-01-01 13:00:00,13,1,1,3,0,14.0,54.5,1,1,5.69,7.28,LOW
2026-01-01 14:00:00,14,1,1,3,0,16.4,52.9,2,2,5.62,5.69,LOW
2026-01-01 15:00:00,15,1,1,3,0,9.6,57.0,1,2,6.64,5.62,MEDIUM
2026-01-01 16:00:00,16,1,1,3,0,12.0,64.0,1,2,6.2,6.64,LOW
2026-01-01 17:00:00,17,1,1,3,0,15.2,45.1,2,5,10.34,6.2,MEDIUM
2026-01-01 18:00:00,18,1,1,3,0,14.4,58.7,7,3,13.82,10.34,HIGH
2026-01-01 19:00:00,19,1,1,3,0,10.1,72.4,4,2,13.85,13.82,HIGH
2026-01-01 20:00:00,20,1,1,3,0,7.5,70.9,4,5,17.25,13.85,HIGH
2026-01-01 21:00:00,21,1,1,3,0,10.4,60.8,4,8,21.81,17.25,HIGH
2026-01-01 22:00:00,22,1,1,3,0,9.7,61.5,4,6,16.59,21.81,HIGH
2026-01-01 23:00:00,23,1,1,3,0,2.6,70.4,2,1,10.81,16.59,MEDIUM
2026-01-02 00:00:00,0,2,1,4,0,1.5,73.0,5,3,10.38,10.81,MEDIUM
2026-01-02 01:00:00,1,2,1,4,0,4.2,63.1,3,4,7.29,10.38,MEDIUM
2026-01-02 02:00:00,2,2,1,4,0,4.7,64.7,2,2,5.21,7.29,LOW
2026-01-02 03:00:00,3,2,1,4,0,2.3,63.7,2,3,4.15,5.21,LOW
2026-01-02 04:00:00,4,2,1,4,0,4.9,58.1,3,3,4.07,4.15,LOW
2026-01-02 05:00:00,5,2,1,4,0,1.9,65.9,2,1,4.05,4.07,LOW
2026-01-02 06:00:00,6,2,1,4,0,-0.8,66.5,2,2,5.95,4.05,LOW
2026-01-02 07:00:00,7,2,1,4,0,4.4,58.7,5,1,6.86,5.95,MEDIUM
2026-01-02 08:00:00,8,2,1,4,0,6.9,69.1,4,1,8.51,6.86,MEDIUM
2026-01-02 09:00:00,9,2,1,4,0,7.3,68.0,2,2,8.44,8.51,MEDIUM
2026-01-02 10:00:00,10,2,1,4,0,6.4,69.6,2,1,7.98,8.44,MEDIUM
2026-01-02 11:00:00,11,2,1,4,0,6.0,61.0,2,0,7.12,7.98,MEDIUM
2026-01-02 12:00:00,12,2,1,4,0,10.3,52.0,2,0,5.7,7.12,LOW
2026-01-02 13:00:00,13,2,1,4,0,14.6,65.0,3,1,6.23,5.7,MEDIUM
2026-01-02 14:00:00,14,2,1,4,0,16.0,57.6,4,3,8.36,6.23,MEDIUM
2026-01-02 15:00:00,15,2,1,4,0,16.0,56.3,3,0,6.26,8.36,MEDIUM
2026-01-02 16:00:00,16,2,1,4,0,10.8,56.1,3,3,8.91,6.26,MEDIUM
2026-01-02 17:00:00,17,2,1,4,0,9.4,62.6,2,3,11.14,8.91,HIGH
2026-01-02 18:00:00,18,2,1,4,0,12.8,72.3,7,3,14.91,11.14,HIGH
2026-01-02 19:00:00,19,2,1,4,0,12.1,60.1,4,4,15.23,14.91,HIGH
2026-01-02 20:00:00,20,2,1,4,0,10.3,57.3,4,5,17.09,15.23,HIGH
2026-01-02 21:00:00,21,2,1,4,0,3.0,70.7,4,6,20.49,17.09,HIGH
2026-01-02 22:00:00,22,2,1,4,0,4.5,67.2,4,7,16.73,20.49,HIGH
2026-01-02 23:00:00,23,2,1,4,0,5.4,53.1,2,3,11.6,16.73,HIGH
2026-01-03 00:00:00,0,3,1,5,1,5.7,69.7,2,4,10.82,11.6,MEDIUM
2026-01-03 01:00:00,1,3,1,5,1,5.6,78.5,4,4,8.93,10.82,MEDIUM
2026-01-03 02:00:00,2,3,1,5,1,3.5,51.0,5,2,7.39,8.93,MEDIUM
2026-01-03 03:00:00,3,3,1,5,1,3.8,59.1,2,2,5.72,7.39,LOW
2026-01-03 04:00:00,4,3,1,5,1,3.4,49.5,2,4,6.08,5.72,LOW
2026-01-03 05:00:00,5,3,1,5,1,5.4,65.4,2,2,5.23,6.08,LOW
2026-01-03 06:00:00,6,3,1,5,1,5.2,71.9,3,3,7.74,5.23,MEDIUM
2026-01-03 07:00:00,7,3,1,5,1,5.7,66.4,5,4,10.45,7.74,MEDIUM
2026-01-03 08:00:00,8,3,1,5,1,6.0,74.0,5,3,13.75,10.45,HIGH
2026-01-03 09:00:00,9,3,1,5,1,8.2,69.7,6,2,14.29,13.75,HIGH
2026-01-03 10:00:00,10,3,1,5,1,10.5,74.0,4,6,16.55,14.29,HIGH
2026-01-03 11:00:00,11,3,1,5,1,11.2,70.5,4,1,12.28,16.55,HIGH
2026-01-03 12:00:00,12,3,1,5,1,12.5,60.6,4,2,11.19,12.28,HIGH
2026-01-03 13:00:00,13,3,1,5,1,15.7,62.1,5,3,11.85,11.19,HIGH
2026-01-03 14:00:00,14,3,1,5,1,13.5,57.4,5,2,12.05,11.85,HIGH
2026-01-03 15:00:00,15,3,1,5,1,11.4,62.1,4,4,13.94,12.05,HIGH
2026-01-03 16:00:00,16,3,1,5,1,15.0,62.4,5,3,12.91,13.94,HIGH
2026-01-03 17:00:00,17,3,1,5,1,8.9,63.9,4,3,15.27,12.91,HIGH
2026-01-03 18:00:00,18,3,1,5,1,8.8,72.5,6,8,24.53,15.27,HIGH
2026-01-03 19:00:00,19,3,1,5,1,11.3,61.5,4,5,23.26,24.53,HIGH
2026-01-03 20:00:00,20,3,1,5,1,10.6,58.2,6,4,22.3,23.26,HIGH
2026-01-03 21:00:00,21,3,1,5,1,4.9,60.8,6,7,26.43,22.3,HIGH
2026-01-03 22:00:00,22,3,1,5,1,5.7,69.7,4,6,19.82,26.43,HIGH
2026-01-03 23:00:00,23,3,1,5,1,4.0,58.0,3,3,14.02,19.82,HIGH
2026-01-04 00:00:00,0,4,1,6,1,3.2,65.5,2,7,14.36,14.02,HIGH
2026-01-04 01:00:00,1,4,1,6,1,6.0,73.6,2,5,10.03,14.36,MEDIUM
2026-01-04 02:00:00,2,4,1,6,1,4.9,67.8,2,3,7.07,10.03,MEDIUM
2026-01-04 03:00:00,3,4,1,6,1,3.0,66.4,2,4,6.13,7.07,LOW
2026-01-04 04:00:00,4,4,1,6,1,1.8,67.1,4,1,5.17,6.13,LOW
2026-01-04 05:00:00,5,4,1,6,1,0.3,61.7,2,2,4.94,5.17,LOW
2026-01-04 06:00:00,6,4,1,6,1,8.0,59.7,4,1,5.97,4.94,LOW
2026-01-04 07:00:00,7,4,1,6,1,7.0,64.0,6,2,8.49,5.97,MEDIUM
2026-01-04 08:00:00,8,4,1,6,1,4.9,67.7,4,4,12.64,8.49,HIGH
2026-01-04 09:00:00,9,4,1,6,1,9.8,69.8,4,7,16.72,12.64,HIGH
2026-01-04 10:00:00,10,4,1,6,1,9.1,64.9,7,4,17.89,16.72,HIGH
2026-01-04 11:00:00,11,4,1,6,1,9.8,72.2,4,2,15.0,17.89,HIGH
2026-01-04 12:00:00,12,4,1,6,1,12.6,72.6,5,2,13.02,15.0,HIGH
2026-01-04 13:00:00,13,4,1,6,1,10.5,68.6,5,5,15.38,13.02,HIGH
2026-01-04 14:00:00,14,4,1,6,1,12.0,70.5,4,2,13.28,15.38,HIGH
2026-01-04 15:00:00,15,4,1,6,1,13.3,56.7,7,3,14.72,13.28,HIGH
2026-01-04 16:00:00,16,4,1,6,1,11.6,56.5,7,3,15.28,14.72,HIGH
2026-01-04 17:00:00,17,4,1,6,1,14.0,65.5,5,6,19.31,15.28,HIGH
2026-01-04 18:00:00,18,4,1,6,1,16.2,53.5,4,6,20.84,19.31,HIGH
2026-01-04 19:00:00,19,4,1,6,1,8.6,62.8,6,4,21.47,20.84,HIGH
2026-01-04 20:00:00,20,4,1,6,1,5.1,70.6,4,4,21.11,21.47,HIGH
2026-01-04 21:00:00,21,4,1,6,1,3.0,75.3,5,7,26.45,21.11,HIGH
2026-01-04 22:00:00,22,4,1,6,1,6.3,64.0,4,7,20.64,26.45,HIGH
2026-01-04 23:00:00,23,4,1,6,1,3.8,62.6,3,5,15.91,20.64,HIGH
2026-01-05 00:00:00,0,5,1,0,0,5.0,67.9,2,1,10.59,15.91,MEDIUM
2026-01-05 01:00:00,1,5,1,0,0,4.0,60.0,3,1,6.36,10.59,MEDIUM
2026-01-05 02:00:00,2,5,1,0,0,-0.8,67.3,2,0,4.87,6.36,LOW
2026-01-05 03:00:00,3,5,1,0,0,-1.5,68.6,4,1,5.0,4.87,LOW
2026-01-05 04:00:00,4,5,1,0,0,3.9,66.3,2,1,3.68,5.0,LOW
2026-01-05 05:00:00,5,5,1,0,0,4.0,66.9,3,3,4.53,3.68,LOW
2026-01-05 06:00:00,6,5,1,0,0,3.4,61.6,3,2,6.04,4.53,LOW
2026-01-05 07:00:00,7,5,1,0,0,1.4,63.1,7,1,7.52,6.04,MEDIUM
2026-01-05 08:00:00,8,5,1,0,0,7.9,60.4,5,1,8.93,7.52,MEDIUM
2026-01-05 09:00:00,9,5,1,0,0,11.2,53.8,3,2,8.87,8.93,MEDIUM
2026-01-05 10:00:00,10,5,1,0,0,10.0,66.1,2,0,7.03,8.87,MEDIUM
2026-01-05 11:00:00,11,5,1,0,0,8.4,70.0,1,0,6.05,7.03,LOW
2026-01-05 12:00:00,12,5,1,0,0,11.6,68.1,2,1,5.7,6.05,LOW
2026-01-05 13:00:00,13,5,1,0,0,8.9,62.9,2,4,8.64,5.7,MEDIUM
2026-01-05 14:00:00,14,5,1,0,0,15.5,56.9,3,0,6.2,8.64,LOW
2026-01-05 15:00:00,15,5,1,0,0,13.2,67.2,1,1,5.29,6.2,LOW
2026-01-05 16:00:00,16,5,1,0,0,8.4,68.5,1,4,8.82,5.29,MEDIUM
2026-01-05 17:00:00,17,5,1,0,0,11.6,64.7,3,5,13.07,8.82,HIGH
2026-01-05 18:00:00,18,5,1,0,0,12.7,73.4,4,4,14.36,13.07,HIGH
2026-01-05 19:00:00,19,5,1,0,0,9.7,64.0,6,3,16.12,14.36,HIGH
2026-01-05 20:00:00,20,5,1,0,0,8.6,63.0,8,4,20.05,16.12,HIGH
2026-01-05 21:00:00,21,5,1,0,0,4.9,63.6,5,4,20.21,20.05,HIGH
2026-01-05 22:00:00,22,5,1,0,0,8.1,55.4,4,5,15.4,20.21,HIGH
2026-01-05 23:00:00,23,5,1,0,0,3.9,70.4,3,3,12.49,15.4,HIGH
2026-01-06 00:00:00,0,6,1,1,0,-0.9,67.7,4,1,10.96,12.49,MEDIUM
2026-01-06 01:00:00,1,6,1,1,0,2.7,70.0,2,1,6.48,10.96,MEDIUM
2026-01-06 02:00:00,2,6,1,1,0,5.6,76.8,2,1,4.87,6.48,LOW
2026-01-06 03:00:00,3,6,1,1,0,2.0,64.9,2,1,3.43,4.87,LOW
2026-01-06 04:00:00,4,6,1,1,0,7.5,51.0,3,2,3.96,3.43,LOW
2026-01-06 05:00:00,5,6,1,1,0,4.7,69.0,3,1,3.17,3.96,LOW
2026-01-06 06:00:00,6,6,1,1,0,5.3,66.9,3,2,5.03,3.17,LOW
2026-01-06 07:00:00,7,6,1,1,0,5.2,61.5,5,2,7.17,5.03,MEDIUM
2026-01-06 08:00:00,8,6,1,1,0,6.5,67.8,4,2,9.62,7.17,MEDIUM
2026-01-06 09:00:00,9,6,1,1,0,7.3,69.8,3,2,9.4,9.62,MEDIUM
2026-01-06 10:00:00,10,6,1,1,0,8.5,58.9,1,1,7.26,9.4,MEDIUM
2026-01-06 11:00:00,11,6,1,1,0,11.8,61.5,3,2,7.6,7.26,MEDIUM
2026-01-06 12:00:00,12,6,1,1,0,9.2,73.2,1,0,5.9,7.6,LOW
2026-01-06 13:00:00,13,6,1,1,0,9.6,59.8,1,3,7.59,5.9,MEDIUM
2026-01-06 14:00:00,14,6,1,1,0,10.0,64.4,1,1,6.4,7.59,MEDIUM
2026-01-06 15:00:00,15,6,1,1,0,18.1,45.0,1,1,4.38,6.4,LOW
2026-01-06 16:00:00,16,6,1,1,0,14.2,53.4,1,2,5.61,4.38,LOW
2026-01-06 17:00:00,17,6,1,1,0,13.1,63.7,2,6,12.02,5.61,HIGH
2026-01-06 18:00:00,18,6,1,1,0,8.9,71.8,4,8,18.82,12.02,HIGH
2026-01-06 19:00:00,19,6,1,1,0,12.1,55.0,5,4,17.69,18.82,HIGH
2026-01-06 20:00:00,20,6,1,1,0,9.0,64.8,4,1,14.16,17.69,HIGH
2026-01-06 21:00:00,21,6,1,1,0,8.5,62.3,5,3,15.96,14.16,HIGH
2026-01-06 22:00:00,22,6,1,1,0,4.3,72.0,5,7,14.3,15.96,HIGH
2026-01-06 23:00:00,23,6,1,1,0,5.9,58.3,3,4,12.1,14.3,HIGH
2026-01-07 00:00:00,0,7,1,2,0,3.4,69.2,3,2,9.71,12.1,MEDIUM
2026-01-07 01:00:00,1,7,1,2,0,1.8,63.4,2,1,5.8,9.71,LOW
2026-01-07 02:00:00,2,7,1,2,0,5.0,67.3,2,0,4.04,5.8,LOW
2026-01-07 03:00:00,3,7,1,2,0,-0.8,68.7,2,2,4.26,4.04,LOW
2026-01-07 04:00:00,4,7,1,2,0,4.6,64.6,3,0,3.83,4.26,LOW
2026-01-07 05:00:00,5,7,1,2,0,5.4,68.7,3,1,4.01,3.83,LOW
2026-01-07 06:00:00,6,7,1,2,0,2.3,67.3,3,2,6.42,4.01,MEDIUM
2026-01-07 07:00:00,7,7,1,2,0,3.4,65.8,4,2,7.84,6.42,MEDIUM
2026-01-07 08:00:00,8,7,1,2,0,6.1,63.4,5,1,9.43,7.84,MEDIUM
2026-01-07 09:00:00,9,7,1,2,0,8.7,65.0,2,7,12.95,9.43,HIGH
2026-01-07 10:00:00,10,7,1,2,0,8.9,65.8,1,1,8.77,12.95,MEDIUM
2026-01-07 11:00:00,11,7,1,2,0,11.6,57.4,1,3,8.11,8.77,MEDIUM
2026-01-07 12:00:00,12,7,1,2,0,15.9,59.5,2,5,8.87,8.11,MEDIUM
2026-01-07 13:00:00,13,7,1,2,0,11.1,57.2,1,1,7.37,8.87,MEDIUM
2026-01-07 14:00:00,14,7,1,2,0,8.5,64.4,1,1,6.31,7.37,MEDIUM
2026-01-07 15:00:00,15,7,1,2,0,15.1,58.4,1,2,6.17,6.31,LOW
2026-01-07 16:00:00,16,7,1,2,0,17.0,65.8,1,2,5.89,6.17,LOW
2026-01-07 17:00:00,17,7,1,2,0,13.3,66.7,2,2,7.13,5.89,MEDIUM
2026-01-07 18:00:00,18,7,1,2,0,8.8,58.9,5,3,12.44,7.13,HIGH
2026-01-07 19:00:00,19,7,1,2,0,10.2,63.9,4,2,12.95,12.44,HIGH
2026-01-07 20:00:00,20,7,1,2,0,6.5,69.2,7,3,16.87,12.95,HIGH
2026-01-07 21:00:00,21,7,1,2,0,9.6,63.1,4,7,19.5,16.87,HIGH
2026-01-07 22:00:00,22,7,1,2,0,3.3,62.3,4,3,14.64,19.5,HIGH
2026-01-07 23:00:00,23,7,1,2,0,4.7,59.6,3,3,11.58,14.64,HIGH
2026-01-08 00:00:00,0,8,1,3,0,2.0,72.3,5,1,10.07,11.58,MEDIUM
2026-01-08 01:00:00,1,8,1,3,0,4.0,71.8,3,1,6.15,10.07,LOW
2026-01-08 02:00:00,2,8,1,3,0,2.3,65.8,3,1,4.47,6.15,LOW
2026-01-08 03:00:00,3,8,1,3,0,3.4,71.2,3,1,4.09,4.47,LOW
2026-01-08 04:00:00,4,8,1,3,0,3.2,48.9,4,1,3.89,4.09,LOW
2026-01-08 05:00:00,5,8,1,3,0,1.2,75.5,2,0,3.48,3.89,LOW
2026-01-08 06:00:00,6,8,1,3,0,6.0,64.7,3,2,5.74,3.48,LOW
2026-01-08 07:00:00,7,8,1,3,0,5.4,66.7,6,2,7.81,5.74,MEDIUM
2026-01-08 08:00:00,8,8,1,3,0,4.2,64.4,5,1,10.28,7.81,MEDIUM
2026-01-08 09:00:00,9,8,1,3,0,13.6,70.9,1,0,6.07,10.28,LOW
2026-01-08 10:00:00,10,8,1,3,0,10.5,57.4,2,1,5.87,6.07,LOW
2026-01-08 11:00:00,11,8,1,3,0,10.1,72.8,2,0,5.64,5.87,LOW
2026-01-08 12:00:00,12,8,1,3,0,15.1,64.3,2,3,7.02,5.64,MEDIUM
2026-01-08 13:00:00,13,8,1,3,0,16.9,65.0,1,1,4.7,7.02,LOW
2026-01-08 14:00:00,14,8,1,3,0,12.5,61.0,5,0,6.08,4.7,LOW
2026-01-08 15:00:00,15,8,1,3,0,13.9,54.6,1,2,5.34,6.08,LOW
2026-01-08 16:00:00,16,8,1,3,0,10.4,69.4,1,1,5.18,5.34,LOW
2026-01-08 17:00:00,17,8,1,3,0,12.0,65.1,1,6,11.23,5.18,HIGH
2026-01-08 18:00:00,18,8,1,3,0,11.0,71.8,4,8,17.86,11.23,HIGH
2026-01-08 19:00:00,19,8,1,3,0,11.0,62.4,5,1,14.33,17.86,HIGH
2026-01-08 20:00:00,20,8,1,3,0,10.1,61.4,4,3,14.33,14.33,HIGH
2026-01-08 21:00:00,21,8,1,3,0,9.4,72.6,5,7,20.17,14.33,HIGH
2026-01-08 22:00:00,22,8,1,3,0,7.3,76.6,4,5,15.58,20.17,HIGH
2026-01-08 23:00:00,23,8,1,3,0,2.5,67.1,2,2,10.33,15.58,MEDIUM
2026-01-09 00:00:00,0,9,1,4,0,2.1,62.6,3,2,8.52,10.33,MEDIUM
2026-01-09 01:00:00,1,9,1,4,0,2.3,71.9,4,3,6.78,8.52,MEDIUM
2026-01-09 02:00:00,2,9,1,4,0,2.5,65.5,2,2,4.61,6.78,LOW
2026-01-09 03:00:00,3,9,1,4,0,5.6,69.4,4,4,5.5,4.61,LOW
2026-01-09 04:00:00,4,9,1,4,0,0.3,66.3,2,3,4.27,5.5,LOW
2026-01-09 05:00:00,5,9,1,4,0,2.8,76.3,3,3,4.35,4.27,LOW
2026-01-09 06:00:00,6,9,1,4,0,6.8,61.1,4,1,5.83,4.35,LOW
2026-01-09 07:00:00,7,9,1,4,0,4.8,69.0,5,0,7.05,5.83,MEDIUM
2026-01-09 08:00:00,8,9,1,4,0,7.9,61.9,6,0,8.55,7.05,MEDIUM
2026-01-09 09:00:00,9,9,1,4,0,7.7,63.2,1,0,6.51,8.55,MEDIUM
2026-01-09 10:00:00,10,9,1,4,0,9.9,61.6,1,1,5.98,6.51,LOW
2026-01-09 11:00:00,11,9,1,4,0,9.9,68.5,3,0,6.42,5.98,MEDIUM
2026-01-09 12:00:00,12,9,1,4,0,13.2,68.2,3,0,5.87,6.42,LOW
2026-01-09 13:00:00,13,9,1,4,0,8.5,67.9,2,3,8.3,5.87,MEDIUM
2026-01-09 14:00:00,14,9,1,4,0,11.9,62.6,1,3,8.25,8.3,MEDIUM
2026-01-09 15:00:00,15,9,1,4,0,13.7,63.4,3,2,8.42,8.25,MEDIUM
2026-01-09 16:00:00,16,9,1,4,0,14.2,67.7,2,2,6.74,8.42,MEDIUM
2026-01-09 17:00:00,17,9,1,4,0,16.1,67.1,2,6,11.07,6.74,HIGH
2026-01-09 18:00:00,18,9,1,4,0,10.6,47.6,6,6,17.87,11.07,HIGH
2026-01-09 19:00:00,19,9,1,4,0,14.2,60.7,4,5,18.11,17.87,HIGH
2026-01-09 20:00:00,20,9,1,4,0,7.6,63.6,5,4,18.72,18.11,HIGH
2026-01-09 21:00:00,21,9,1,4,0,11.3,67.5,4,4,17.33,18.72,HIGH
2026-01-09 22:00:00,22,9,1,4,0,8.7,64.1,6,2,13.13,17.33,HIGH
2026-01-09 23:00:00,23,9,1,4,0,3.2,71.0,3,2,10.8,13.13,MEDIUM
2026-01-10 00:00:00,0,10,1,5,1,5.2,59.4,3,5,11.84,10.8,HIGH
2026-01-10 01:00:00,1,10,1,5,1,3.5,68.2,2,1,7.36,11.84,MEDIUM
2026-01-10 02:00:00,2,10,1,5,1,4.7,71.5,2,6,7.05,7.36,MEDIUM
2026-01-10 03:00:00,3,10,1,5,1,2.4,58.2,3,2,5.96,7.05,LOW
2026-01-10 04:00:00,4,10,1,5,1,2.4,82.1,2,5,6.74,5.96,MEDIUM
2026-01-10 05:00:00,5,10,1,5,1,7.1,72.3,3,3,5.95,6.74,LOW
2026-01-10 06:00:00,6,10,1,5,1,4.2,66.3,2,5,9.24,5.95,MEDIUM
2026-01-10 07:00:00,7,10,1,5,1,7.6,60.0,5,6,12.54,9.24,HIGH
2026-01-10 08:00:00,8,10,1,5,1,6.1,64.5,5,2,13.29,12.54,HIGH
2026-01-10 09:00:00,9,10,1,5,1,12.2,63.6,5,1,11.72,13.29,HIGH
2026-01-10 10:00:00,10,10,1,5,1,7.6,67.6,5,3,14.3,11.72,HIGH
2026-01-10 11:00:00,11,10,1,5,1,9.0,73.4,5,3,14.39,14.3,HIGH
2026-01-10 12:00:00,12,10,1,5,1,15.3,59.0,5,2,12.27,14.39,HIGH
2026-01-10 13:00:00,13,10,1,5,1,11.2,66.9,6,4,14.46,12.27,HIGH
2026-01-10 14:00:00,14,10,1,5,1,16.8,53.5,4,1,10.78,14.46,MEDIUM
2026-01-10 15:00:00,15,10,1,5,1,15.2,59.4,6,2,11.66,10.78,HIGH
2026-01-10 16:00:00,16,10,1,5,1,12.4,65.3,4,5,13.16,11.66,HIGH
2026-01-10 17:00:00,17,10,1,5,1,7.8,69.0,4,3,16.29,13.16,HIGH
2026-01-10 18:00:00,18,10,1,5,1,11.5,58.9,5,4,18.06,16.29,HIGH
2026-01-10 19:00:00,19,10,1,5,1,10.8,61.0,6,3,19.23,18.06,HIGH
2026-01-10 20:00:00,20,10,1,5,1,12.2,71.9,5,4,19.79,19.23,HIGH
2026-01-10 21:00:00,21,10,1,5,1,12.0,70.2,4,6,20.52,19.79,HIGH
2026-01-10 22:00:00,22,10,1,5,1,5.0,67.3,4,5,15.68,20.52,HIGH
2026-01-10 23:00:00,23,10,1,5,1,7.5,51.6,2,3,11.3,15.68,HIGH
2026-01-11 00:00:00,0,11,1,6,1,6.4,80.5,3,2,10.28,11.3,MEDIUM
2026-01-11 01:00:00,1,11,1,6,1,6.4,65.3,4,6,8.04,10.28,MEDIUM
2026-01-11 02:00:00,2,11,1,6,1,4.4,64.4,3,3,6.91,8.04,MEDIUM
2026-01-11 03:00:00,3,11,1,6,1,-1.9,65.6,3,3,5.84,6.91,LOW
2026-01-11 04:00:00,4,11,1,6,1,2.8,69.1,2,0,3.61,5.84,LOW
2026-01-11 05:00:00,5,11,1,6,1,0.8,70.0,3,8,6.66,3.61,MEDIUM
2026-01-11 06:00:00,6,11,1,6,1,4.0,72.1,2,1,6.84,6.66,MEDIUM
2026-01-11 07:00:00,7,11,1,6,1,8.0,59.2,5,2,7.81,6.84,MEDIUM
2026-01-11 08:00:00,8,11,1,6,1,7.5,63.1,6,1,10.26,7.81,MEDIUM
2026-01-11 09:00:00,9,11,1,6,1,10.9,75.8,5,2,11.69,10.26,HIGH
2026-01-11 10:00:00,10,11,1,6,1,10.1,65.3,6,3,13.64,11.69,HIGH
2026-01-11 11:00:00,11,11,1,6,1,7.3,64.0,4,5,15.86,13.64,HIGH
2026-01-11 12:00:00,12,11,1,6,1,5.2,60.3,5,4,16.65,15.86,HIGH
2026-01-11 13:00:00,13,11,1,6,1,12.7,66.0,5,3,15.23,16.65,HIGH
2026-01-11 14:00:00,14,11,1,6,1,12.3,69.3,4,2,12.41,15.23,HIGH
2026-01-11 15:00:00,15,11,1,6,1,10.6,69.0,4,6,15.66,12.41,HIGH
2026-01-11 16:00:00,16,11,1,6,1,8.6,63.0,6,3,15.37,15.66,HIGH
2026-01-11 17:00:00,17,11,1,6,1,10.5,66.0,4,6,19.89,15.37,HIGH
2026-01-11 18:00:00,18,11,1,6,1,11.0,73.6,4,2,17.36,19.89,HIGH
2026-01-11 19:00:00,19,11,1,6,1,12.2,69.5,4,4,17.62,17.36,HIGH
2026-01-11 20:00:00,20,11,1,6,1,9.8,59.4,4,2,16.35,17.62,HIGH
2026-01-11 21:00:00,21,11,1,6,1,12.0,47.9,5,0,13.81,16.35,HIGH
2026-01-11 22:00:00,22,11,1,6,1,4.1,68.1,4,2,11.81,13.81,HIGH
2026-01-11 23:00:00,23,11,1,6,1,7.7,69.7,4,2,10.02,11.81,MEDIUM
2026-01-12 00:00:00,0,12,1,0,0,4.6,59.6,2,2,8.17,10.02,MEDIUM
2026-01-12 01:00:00,1,12,1,0,0,5.4,65.8,2,1,5.92,8.17,LOW
2026-01-12 02:00:00,2,12,1,0,0,2.1,65.6,3,1,4.42,5.92,LOW
2026-01-12 03:00:00,3,12,1,0,0,5.7,66.3,2,1,3.67,4.42,LOW
2026-01-12 04:00:00,4,12,1,0,0,3.9,63.2,2,3,3.92,3.67,LOW
2026-01-12 05:00:00,5,12,1,0,0,2.0,74.9,2,4,4.69,3.92,LOW
2026-01-12 06:00:00,6,12,1,0,0,4.4,67.1,3,1,6.28,4.69,MEDIUM
2026-01-12 07:00:00,7,12,1,0,0,4.9,60.8,4,2,7.21,6.28,MEDIUM
2026-01-12 08:00:00,8,12,1,0,0,7.9,70.3,4,1,8.47,7.21,MEDIUM
2026-01-12 09:00:00,9,12,1,0,0,5.1,58.4,2,3,9.95,8.47,MEDIUM
2026-01-12 10:00:00,10,12,1,0,0,9.2,72.0,3,3,10.28,9.95,MEDIUM
2026-01-12 11:00:00,11,12,1,0,0,11.5,69.3,1,1,7.13,10.28,MEDIUM
2026-01-12 12:00:00,12,12,1,0,0,11.6,71.7,2,1,6.63,7.13,MEDIUM
2026-01-12 13:00:00,13,12,1,0,0,15.7,60.8,1,1,5.07,6.63,LOW
2026-01-12 14:00:00,14,12,1,0,0,14.8,59.1,2,2,5.29,5.07,LOW
2026-01-12 15:00:00,15,12,1,0,0,13.0,63.3,2,1,5.18,5.29,LOW
2026-01-12 16:00:00,16,12,1,0,0,13.4,62.1,2,1,5.6,5.18,LOW
2026-01-12 17:00:00,17,12,1,0,0,13.1,58.8,2,3,8.42,5.6,MEDIUM
2026-01-12 18:00:00,18,12,1,0,0,12.5,59.7,6,2,12.09,8.42,HIGH
2026-01-12 19:00:00,19,12,1,0,0,5.9,63.4,5,4,15.88,12.09,HIGH
2026-01-12 20:00:00,20,12,1,0,0,8.5,57.6,5,4,17.47,15.88,HIGH
2026-01-12 21:00:00,21,12,1,0,0,4.3,70.3,5,5,20.17,17.47,HIGH
2026-01-12 22:00:00,22,12,1,0,0,9.9,63.7,5,8,17.06,20.17,HIGH
2026-01-12 23:00:00,23,12,1,0,0,5.3,64.0,4,1,11.51,17.06,HIGH
2026-01-13 00:00:00,0,13,1,1,0,4.0,59.7,5,1,9.77,11.51,MEDIUM
2026-01-13 01:00:00,1,13,1,1,0,5.9,58.7,2,2,6.97,9.77,MEDIUM
2026-01-13 02:00:00,2,13,1,1,0,4.2,77.9,3,1,5.29,6.97,LOW
2026-01-13 03:00:00,3,13,1,1,0,0.2,64.2,2,1,4.85,5.29,LOW
2026-01-13 04:00:00,4,13,1,1,0,3.0,70.5,3,2,4.46,4.85,LOW
2026-01-13 05:00:00,5,13,1,1,0,2.8,67.9,3,0,2.83,4.46,LOW
2026-01-13 06:00:00,6,13,1,1,0,0.1,51.3,2,2,5.84,2.83,LOW
2026-01-13 07:00:00,7,13,1,1,0,3.8,77.2,4,2,8.16,5.84,MEDIUM
2026-01-13 08:00:00,8,13,1,1,0,6.2,69.6,4,5,12.22,8.16,HIGH
2026-01-13 09:00:00,9,13,1,1,0,7.7,60.3,1,7,13.35,12.22,HIGH
2026-01-13 10:00:00,10,13,1,1,0,5.6,65.6,2,1,10.29,13.35,MEDIUM
2026-01-13 11:00:00,11,13,1,1,0,13.4,55.7,3,1,8.62,10.29,MEDIUM
2026-01-13 12:00:00,12,13,1,1,0,11.3,74.4,1,1,6.83,8.62,MEDIUM
2026-01-13 13:00:00,13,13,1,1,0,12.4,57.6,1,4,7.79,6.83,MEDIUM
2026-01-13 14:00:00,14,13,1,1,0,13.8,59.3,3,5,9.83,7.79,MEDIUM
2026-01-13 15:00:00,15,13,1,1,0,11.0,59.2,7,0,10.14,9.83,MEDIUM
2026-01-13 16:00:00,16,13,1,1,0,14.0,62.9,3,2,9.93,10.14,MEDIUM
2026-01-13 17:00:00,17,13,1,1,0,11.4,71.7,2,8,15.73,9.93,HIGH
2026-01-13 18:00:00,18,13,1,1,0,9.3,75.0,4,4,16.85,15.73,HIGH
2026-01-13 19:00:00,19,13,1,1,0,11.9,60.8,5,4,17.4,16.85,HIGH
2026-01-13 20:00:00,20,13,1,1,0,13.0,65.1,5,5,17.82,17.4,HIGH
2026-01-13 21:00:00,21,13,1,1,0,9.8,64.6,4,4,17.56,17.82,HIGH
2026-01-13 22:00:00,22,13,1,1,0,9.0,58.5,5,6,15.45,17.56,HIGH
2026-01-13 23:00:00,23,13,1,1,0,4.2,80.9,3,2,11.7,15.45,HIGH
2026-01-14 00:00:00,0,14,1,2,0,0.5,76.0,3,2,9.93,11.7,MEDIUM
2026-01-14 01:00:00,1,14,1,2,0,7.4,66.2,2,2,5.82,9.93,LOW
2026-01-14 02:00:00,2,14,1,2,0,8.3,74.2,3,4,5.42,5.82,LOW
2026-01-14 03:00:00,3,14,1,2,0,6.9,72.5,4,1,4.42,5.42,LOW
2026-01-14 04:00:00,4,14,1,2,0,2.3,67.6,3,0,3.98,4.42,LOW
2026-01-14 05:00:00,5,14,1,2,0,0.8,69.6,2,0,3.33,3.98,LOW
2026-01-14 06:00:00,6,14,1,2,0,1.8,76.4,2,0,4.26,3.33,LOW
2026-01-14 07:00:00,7,14,1,2,0,1.3,61.8,6,0,6.63,4.26,MEDIUM
2026-01-14 08:00:00,8,14,1,2,0,6.4,75.5,4,0,8.01,6.63,MEDIUM
2026-01-14 09:00:00,9,14,1,2,0,12.0,61.8,2,1,7.12,8.01,MEDIUM
2026-01-14 10:00:00,10,14,1,2,0,8.9,73.6,2,0,6.16,7.12,LOW
2026-01-14 11:00:00,11,14,1,2,0,11.3,63.4,3,0,5.49,6.16,LOW
2026-01-14 12:00:00,12,14,1,2,0,15.0,64.0,4,3,7.85,5.49,MEDIUM
2026-01-14 13:00:00,13,14,1,2,0,11.3,63.3,2,1,6.76,7.85,MEDIUM
2026-01-14 14:00:00,14,14,1,2,0,17.9,57.6,2,4,7.69,6.76,MEDIUM
2026-01-14 15:00:00,15,14,1,2,0,18.0,59.2,2,4,8.8,7.69,MEDIUM
2026-01-14 16:00:00,16,14,1,2,0,12.5,71.3,1,2,7.31,8.8,MEDIUM
2026-01-14 17:00:00,17,14,1,2,0,10.9,49.8,1,4,10.13,7.31,MEDIUM
2026-01-14 18:00:00,18,14,1,2,0,13.3,55.2,4,2,11.31,10.13,HIGH
2026-01-14 19:00:00,19,14,1,2,0,9.6,59.8,4,3,13.54,11.31,HIGH
2026-01-14 20:00:00,20,14,1,2,0,6.4,59.0,7,5,19.84,13.54,HIGH
2026-01-14 21:00:00,21,14,1,2,0,11.2,72.6,5,6,20.66,19.84,HIGH
2026-01-14 22:00:00,22,14,1,2,0,9.7,71.7,4,3,13.75,20.66,HIGH
2026-01-14 23:00:00,23,14,1,2,0,5.9,69.2,2,1,9.17,13.75,MEDIUM
2026-01-15 00:00:00,0,15,1,3,0,1.3,63.7,3,0,7.24,9.17,MEDIUM
2026-01-15 01:00:00,1,15,1,3,0,0.6,75.8,4,2,6.01,7.24,LOW
2026-01-15 02:00:00,2,15,1,3,0,3.4,57.1,2,0,4.22,6.01,LOW
2026-01-15 03:00:00,3,15,1,3,0,1.8,80.1,4,1,4.17,4.22,LOW
2026-01-15 04:00:00,4,15,1,3,0,2.3,63.0,2,1,3.9,4.17,LOW
2026-01-15 05:00:00,5,15,1,3,0,6.2,63.9,2,2,3.85,3.9,LOW
2026-01-15 06:00:00,6,15,1,3,0,6.3,62.9,3,1,4.91,3.85,LOW
2026-01-15 07:00:00,7,15,1,3,0,8.9,58.0,5,0,5.81,4.91,LOW
2026-01-15 08:00:00,8,15,1,3,0,4.2,77.9,6,3,10.71,5.81,MEDIUM
2026-01-15 09:00:00,9,15,1,3,0,7.1,69.9,2,3,10.14,10.71,MEDIUM
2026-01-15 10:00:00,10,15,1,3,0,11.2,70.8,3,2,9.86,10.14,MEDIUM
2026-01-15 11:00:00,11,15,1,3,0,11.6,56.0,2,1,7.65,9.86,MEDIUM
2026-01-15 12:00:00,12,15,1,3,0,15.4,62.9,2,1,6.07,7.65,LOW
2026-01-15 13:00:00,13,15,1,3,0,13.4,65.8,2,2,7.12,6.07,MEDIUM
2026-01-15 14:00:00,14,15,1,3,0,17.4,62.7,2,3,7.22,7.12,MEDIUM
2026-01-15 15:00:00,15,15,1,3,0,14.4,55.3,1,1,5.44,7.22,LOW
2026-01-15 16:00:00,16,15,1,3,0,15.5,68.3,2,4,7.22,5.44,MEDIUM
2026-01-15 17:00:00,17,15,1,3,0,11.5,64.1,2,3,9.8,7.22,MEDIUM
2026-01-15 18:00:00,18,15,1,3,0,11.6,57.6,4,1,10.72,9.8,MEDIUM
2026-01-15 19:00:00,19,15,1,3,0,12.8,51.7,4,1,10.36,10.72,MEDIUM
2026-01-15 20:00:00,20,15,1,3,0,13.3,66.3,4,7,16.76,10.36,HIGH
2026-01-15 21:00:00,21,15,1,3,0,9.8,78.8,8,3,18.97,16.76,HIGH
2026-01-15 22:00:00,22,15,1,3,0,6.5,59.3,5,2,13.09,18.97,HIGH
2026-01-15 23:00:00,23,15,1,3,0,8.9,65.5,3,1,8.86,13.09,MEDIUM
2026-01-16 00:00:00,0,16,1,4,0,-1.0,75.1,2,2,8.26,8.86,MEDIUM
2026-01-16 01:00:00,1,16,1,4,0,0.1,60.3,3,3,6.99,8.26,MEDIUM
2026-01-16 02:00:00,2,16,1,4,0,4.9,63.2,3,3,6.04,6.99,LOW
2026-01-16 03:00:00,3,16,1,4,0,3.0,61.6,2,1,4.64,6.04,LOW
2026-01-16 04:00:00,4,16,1,4,0,4.7,72.0,2,3,3.59,4.64,LOW
2026-01-16 05:00:00,5,16,1,4,0,3.8,74.4,2,0,3.62,3.59,LOW
2026-01-16 06:00:00,6,16,1,4,0,5.9,66.6,4,2,5.99,3.62,LOW
2026-01-16 07:00:00,7,16,1,4,0,3.5,61.5,4,0,6.08,5.99,LOW
2026-01-16 08:00:00,8,16,1,4,0,8.1,62.1,5,2,8.97,6.08,MEDIUM
2026-01-16 09:00:00,9,16,1,4,0,10.5,60.0,2,3,9.09,8.97,MEDIUM
2026-01-16 10:00:00,10,16,1,4,0,12.3,57.2,3,1,8.0,9.09,MEDIUM
2026-01-16 11:00:00,11,16,1,4,0,15.5,61.2,3,2,8.02,8.0,MEDIUM
2026-01-16 12:00:00,12,16,1,4,0,12.1,66.6,3,1,7.6,8.02,MEDIUM
2026-01-16 13:00:00,13,16,1,4,0,13.0,65.7,1,2,6.73,7.6,MEDIUM
2026-01-16 14:00:00,14,16,1,4,0,9.0,64.4,1,3,7.6,6.73,MEDIUM
2026-01-16 15:00:00,15,16,1,4,0,11.7,63.7,2,0,5.61,7.6,LOW
2026-01-16 16:00:00,16,16,1,4,0,12.3,62.6,1,3,6.84,5.61,MEDIUM
2026-01-16 17:00:00,17,16,1,4,0,15.0,54.2,1,4,9.21,6.84,MEDIUM
2026-01-16 18:00:00,18,16,1,4,0,10.0,65.0,4,6,15.15,9.21,HIGH
2026-01-16 19:00:00,19,16,1,4,0,12.5,59.5,4,10,21.32,15.15,HIGH
2026-01-16 20:00:00,20,16,1,4,0,9.3,56.2,5,6,22.04,21.32,HIGH
2026-01-16 21:00:00,21,16,1,4,0,7.6,67.2,6,4,21.02,22.04,HIGH
2026-01-16 22:00:00,22,16,1,4,0,7.3,61.4,6,3,14.77,21.02,HIGH
2026-01-16 23:00:00,23,16,1,4,0,4.5,67.6,2,3,10.72,14.77,MEDIUM
2026-01-17 00:00:00,0,17,1,5,1,3.4,71.7,2,3,10.26,10.72,MEDIUM
2026-01-17 01:00:00,1,17,1,5,1,-0.6,62.5,2,5,8.86,10.26,MEDIUM
2026-01-17 02:00:00,2,17,1,5,1,2.6,67.5,2,2,6.79,8.86,MEDIUM
2026-01-17 03:00:00,3,17,1,5,1,1.8,56.4,3,2,5.14,6.79,LOW
2026-01-17 04:00:00,4,17,1,5,1,1.9,76.4,2,2,4.83,5.14,LOW
2026-01-17 05:00:00,5,17,1,5,1,4.7,58.0,4,0,4.55,4.83,LOW
2026-01-17 06:00:00,6,17,1,5,1,6.1,62.5,2,7,8.99,4.55,MEDIUM
2026-01-17 07:00:00,7,17,1,5,1,6.1,73.6,5,4,11.64,8.99,HIGH
2026-01-17 08:00:00,8,17,1,5,1,9.2,62.9,6,3,13.27,11.64,HIGH
2026-01-17 09:00:00,9,17,1,5,1,9.4,57.1,5,2,13.25,13.27,HIGH
2026-01-17 10:00:00,10,17,1,5,1,8.6,68.8,6,5,16.48,13.25,HIGH
2026-01-17 11:00:00,11,17,1,5,1,9.3,68.4,7,3,16.85,16.48,HIGH
2026-01-17 12:00:00,12,17,1,5,1,12.3,59.3,8,2,16.13,16.85,HIGH
2026-01-17 13:00:00,13,17,1,5,1,13.8,59.3,6,6,17.5,16.13,HIGH
2026-01-17 14:00:00,14,17,1,5,1,16.3,58.9,5,5,16.59,17.5,HIGH
2026-01-17 15:00:00,15,17,1,5,1,16.0,60.4,4,6,16.22,16.59,HIGH
2026-01-17 16:00:00,16,17,1,5,1,11.5,52.0,6,2,14.85,16.22,HIGH
2026-01-17 17:00:00,17,17,1,5,1,12.1,62.1,4,4,16.56,14.85,HIGH
2026-01-17 18:00:00,18,17,1,5,1,13.2,73.4,6,6,21.48,16.56,HIGH
2026-01-17 19:00:00,19,17,1,5,1,13.2,57.3,5,4,20.57,21.48,HIGH
2026-01-17 20:00:00,20,17,1,5,1,11.6,59.9,8,7,26.22,20.57,HIGH
2026-01-17 21:00:00,21,17,1,5,1,7.8,57.8,6,6,27.42,26.22,HIGH
2026-01-17 22:00:00,22,17,1,5,1,3.6,70.2,4,4,19.28,27.42,HIGH
2026-01-17 23:00:00,23,17,1,5,1,3.0,74.0,2,2,14.04,19.28,HIGH
2026-01-18 00:00:00,0,18,1,6,1,5.1,73.0,4,3,12.27,14.04,HIGH
2026-01-18 01:00:00,1,18,1,6,1,4.5,58.7,2,7,9.66,12.27,MEDIUM
2026-01-18 02:00:00,2,18,1,6,1,0.4,70.8,3,6,8.53,9.66,MEDIUM
2026-01-18 03:00:00,3,18,1,6,1,3.1,75.4,5,5,8.11,8.53,MEDIUM
2026-01-18 04:00:00,4,18,1,6,1,4.7,69.2,3,2,6.41,8.11,MEDIUM
2026-01-18 05:00:00,5,18,1,6,1,0.8,70.6,2,2,6.04,6.41,LOW
2026-01-18 06:00:00,6,18,1,6,1,7.2,62.3,4,5,10.17,6.04,MEDIUM
2026-01-18 07:00:00,7,18,1,6,1,4.6,67.5,5,1,10.02,10.17,MEDIUM
2026-01-18 08:00:00,8,18,1,6,1,9.8,71.5,4,2,10.58,10.02,MEDIUM
2026-01-18 09:00:00,9,18,1,6,1,6.7,67.3,4,3,12.47,10.58,HIGH
2026-01-18 10:00:00,10,18,1,6,1,6.7,57.8,5,3,14.27,12.47,HIGH
2026-01-18 11:00:00,11,18,1,6,1,9.4,61.5,8,4,16.99,14.27,HIGH
2026-01-18 12:00:00,12,18,1,6,1,11.3,70.7,4,0,11.99,16.99,HIGH
2026-01-18 13:00:00,13,18,1,6,1,11.4,65.4,5,4,13.97,11.99,HIGH
2026-01-18 14:00:00,14,18,1,6,1,12.3,63.8,4,3,13.71,13.97,HIGH
2026-01-18 15:00:00,15,18,1,6,1,13.8,59.2,6,3,13.95,13.71,HIGH
2026-01-18 16:00:00,16,18,1,6,1,12.4,70.2,4,6,15.29,13.95,HIGH
2026-01-18 17:00:00,17,18,1,6,1,12.2,73.1,4,6,19.77,15.29,HIGH
2026-01-18 18:00:00,18,18,1,6,1,7.3,72.7,8,4,24.11,19.77,HIGH
2026-01-18 19:00:00,19,18,1,6,1,11.5,72.1,4,4,22.05,24.11,HIGH
2026-01-18 20:00:00,20,18,1,6,1,9.1,62.2,5,0,16.71,22.05,HIGH
2026-01-18 21:00:00,21,18,1,6,1,12.0,60.2,5,4,18.03,16.71,HIGH
2026-01-18 22:00:00,22,18,1,6,1,4.4,65.3,7,2,15.03,18.03,HIGH
2026-01-18 23:00:00,23,18,1,6,1,1.0,67.8,2,2,11.81,15.03,HIGH
2026-01-19 00:00:00,0,19,1,0,0,6.0,74.2,4,0,8.93,11.81,MEDIUM
2026-01-19 01:00:00,1,19,1,0,0,4.5,73.2,4,1,6.06,8.93,LOW
2026-01-19 02:00:00,2,19,1,0,0,0.6,71.0,2,0,4.54,6.06,LOW
2026-01-19 03:00:00,3,19,1,0,0,-0.8,59.7,2,1,4.1,4.54,LOW
2026-01-19 04:00:00,4,19,1,0,0,7.0,55.1,2,2,3.5,4.1,LOW
2026-01-19 05:00:00,5,19,1,0,0,7.2,66.6,3,0,2.65,3.5,LOW
2026-01-19 06:00:00,6,19,1,0,0,-1.8,74.0,3,2,6.11,2.65,LOW
2026-01-19 07:00:00,7,19,1,0,0,4.4,65.8,5,3,8.37,6.11,MEDIUM
2026-01-19 08:00:00,8,19,1,0,0,10.9,75.1,6,2,10.63,8.37,MEDIUM
2026-01-19 09:00:00,9,19,1,0,0,6.8,58.8,3,0,8.61,10.63,MEDIUM
2026-01-19 10:00:00,10,19,1,0,0,8.1,57.5,2,1,7.54,8.61,MEDIUM
2026-01-19 11:00:00,11,19,1,0,0,9.8,60.1,1,1,6.59,7.54,MEDIUM
2026-01-19 12:00:00,12,19,1,0,0,8.7,60.3,3,0,6.48,6.59,MEDIUM
2026-01-19 13:00:00,13,19,1,0,0,8.1,67.9,4,0,6.92,6.48,MEDIUM
2026-01-19 14:00:00,14,19,1,0,0,15.5,59.3,4,3,8.63,6.92,MEDIUM
2026-01-19 15:00:00,15,19,1,0,0,8.4,55.4,1,1,7.34,8.63,MEDIUM
2026-01-19 16:00:00,16,19,1,0,0,13.4,68.0,1,5,8.9,7.34,MEDIUM
2026-01-19 17:00:00,17,19,1,0,0,14.5,51.6,3,6,14.18,8.9,HIGH
2026-01-19 18:00:00,18,19,1,0,0,7.9,58.4,6,3,16.93,14.18,HIGH
2026-01-19 19:00:00,19,19,1,0,0,8.2,55.0,5,4,18.14,16.93,HIGH
2026-01-19 20:00:00,20,19,1,0,0,12.3,64.3,4,3,15.75,18.14,HIGH
2026-01-19 21:00:00,21,19,1,0,0,9.3,65.4,4,4,15.82,15.75,HIGH
2026-01-19 22:00:00,22,19,1,0,0,5.2,77.4,4,3,11.95,15.82,HIGH
2026-01-19 23:00:00,23,19,1,0,0,8.5,70.1,2,3,9.66,11.95,MEDIUM
2026-01-20 00:00:00,0,20,1,1,0,7.5,73.6,3,2,7.99,9.66,MEDIUM
2026-01-20 01:00:00,1,20,1,1,0,4.3,68.0,4,4,6.81,7.99,MEDIUM
2026-01-20 02:00:00,2,20,1,1,0,0.9,61.8,3,2,5.19,6.81,LOW
2026-01-20 03:00:00,3,20,1,1,0,2.0,68.0,3,0,4.05,5.19,LOW
2026-01-20 04:00:00,4,20,1,1,0,3.9,70.0,3,2,3.94,4.05,LOW
2026-01-20 05:00:00,5,20,1,1,0,3.2,70.9,4,2,4.62,3.94,LOW
2026-01-20 06:00:00,6,20,1,1,0,6.8,62.4,2,2,5.93,4.62,LOW
2026-01-20 07:00:00,7,20,1,1,0,1.7,70.3,5,1,6.96,5.93,MEDIUM
2026-01-20 08:00:00,8,20,1,1,0,3.0,61.2,4,2,10.18,6.96,MEDIUM
2026-01-20 09:00:00,9,20,1,1,0,8.5,58.3,2,2,9.06,10.18,MEDIUM
2026-01-20 10:00:00,10,20,1,1,0,8.1,58.1,2,2,9.09,9.06,MEDIUM
2026-01-20 11:00:00,11,20,1,1,0,8.9,64.6,3,3,10.42,9.09,MEDIUM
2026-01-20 12:00:00,12,20,1,1,0,7.1,58.1,1,2,8.71,10.42,MEDIUM
2026-01-20 13:00:00,13,20,1,1,0,12.4,60.5,1,2,7.87,8.71,MEDIUM
2026-01-20 14:00:00,14,20,1,1,0,12.7,68.3,5,4,10.16,7.87,MEDIUM
2026-01-20 15:00:00,15,20,1,1,0,14.6,56.0,1,2,7.25,10.16,MEDIUM
2026-01-20 16:00:00,16,20,1,1,0,13.0,59.8,1,1,5.62,7.25,LOW
2026-01-20 17:00:00,17,20,1,1,0,12.0,63.6,1,5,9.76,5.62,MEDIUM
2026-01-20 18:00:00,18,20,1,1,0,14.5,63.7,5,8,17.04,9.76,HIGH
2026-01-20 19:00:00,19,20,1,1,0,7.2,62.1,5,6,20.63,17.04,HIGH
2026-01-20 20:00:00,20,20,1,1,0,10.6,68.5,4,3,17.26,20.63,HIGH
2026-01-20 21:00:00,21,20,1,1,0,3.8,70.0,4,4,18.38,17.26,HIGH
2026-01-20 22:00:00,22,20,1,1,0,4.6,73.0,5,5,15.36,18.38,HIGH
2026-01-20 23:00:00,23,20,1,1,0,2.5,66.5,5,4,13.74,15.36,HIGH
2026-01-21 00:00:00,0,21,1,2,0,6.4,62.4,4,1,10.57,13.74,MEDIUM
2026-01-21 01:00:00,1,21,1,2,0,3.5,62.5,3,0,6.13,10.57,LOW
2026-01-21 02:00:00,2,21,1,2,0,3.1,68.6,2,3,5.71,6.13,LOW
2026-01-21 03:00:00,3,21,1,2,0,0.2,65.7,3,2,5.11,5.71,LOW
2026-01-21 04:00:00,4,21,1,2,0,2.4,63.6,3,1,4.4,5.11,LOW
2026-01-21 05:00:00,5,21,1,2,0,1.8,64.6,3,1,3.96,4.4,LOW
2026-01-21 06:00:00,6,21,1,2,0,5.4,61.7,3,4,7.15,3.96,MEDIUM
2026-01-21 07:00:00,7,21,1,2,0,3.0,68.0,4,2,8.6,7.15,MEDIUM
2026-01-21 08:00:00,8,21,1,2,0,10.0,55.5,6,5,13.08,8.6,HIGH
2026-01-21 09:00:00,9,21,1,2,0,3.8,68.3,3,1,11.41,13.08,HIGH
2026-01-21 10:00:00,10,21,1,2,0,7.3,69.1,1,1,8.29,11.41,MEDIUM
2026-01-21 11:00:00,11,21,1,2,0,14.7,58.6,2,2,7.17,8.29,MEDIUM
2026-01-21 12:00:00,12,21,1,2,0,10.4,75.4,1,2,7.1,7.17,MEDIUM
2026-01-21 13:00:00,13,21,1,2,0,9.0,64.5,2,1,7.08,7.1,MEDIUM
2026-01-21 14:00:00,14,21,1,2,0,13.4,53.3,2,2,7.11,7.08,MEDIUM
2026-01-21 15:00:00,15,21,1,2,0,11.8,61.6,2,2,7.88,7.11,MEDIUM
2026-01-21 16:00:00,16,21,1,2,0,10.7,64.1,2,2,7.54,7.88,MEDIUM
2026-01-21 17:00:00,17,21,1,2,0,9.6,66.9,1,5,11.68,7.54,HIGH
2026-01-21 18:00:00,18,21,1,2,0,18.5,59.1,4,3,11.98,11.68,HIGH
2026-01-21 19:00:00,19,21,1,2,0,9.9,58.0,4,7,17.58,11.98,HIGH
2026-01-21 20:00:00,20,21,1,2,0,4.5,59.6,6,7,22.82,17.58,HIGH
2026-01-21 21:00:00,21,21,1,2,0,11.7,59.4,6,5,21.43,22.82,HIGH
2026-01-21 22:00:00,22,21,1,2,0,8.2,61.4,5,4,15.52,21.43,HIGH
2026-01-21 23:00:00,23,21,1,2,0,3.6,59.8,3,2,10.84,15.52,MEDIUM
2026-01-22 00:00:00,0,22,1,3,0,2.1,62.8,3,0,8.81,10.84,MEDIUM
2026-01-22 01:00:00,1,22,1,3,0,5.4,69.8,3,1,5.77,8.81,LOW
2026-01-22 02:00:00,2,22,1,3,0,2.6,76.9,3,1,4.44,5.77,LOW
2026-01-22 03:00:00,3,22,1,3,0,-1.8,73.3,2,5,4.72,4.44,LOW
2026-01-22 04:00:00,4,22,1,3,0,7.6,72.8,2,1,3.55,4.72,LOW
2026-01-22 05:00:00,5,22,1,3,0,2.6,72.8,2,4,4.28,3.55,LOW
2026-01-22 06:00:00,6,22,1,3,0,8.2,69.7,3,2,5.87,4.28,LOW
2026-01-22 07:00:00,7,22,1,3,0,8.7,62.5,5,5,8.86,5.87,MEDIUM
2026-01-22 08:00:00,8,22,1,3,0,4.2,67.2,5,3,12.78,8.86,HIGH
2026-01-22 09:00:00,9,22,1,3,0,10.6,61.2,1,0,7.4,12.78,MEDIUM
2026-01-22 10:00:00,10,22,1,3,0,7.7,63.6,2,1,7.45,7.4,MEDIUM
2026-01-22 11:00:00,11,22,1,3,0,5.8,66.1,3,0,7.5,7.45,MEDIUM
2026-01-22 12:00:00,12,22,1,3,0,10.5,68.1,1,1,5.84,7.5,LOW
2026-01-22 13:00:00,13,22,1,3,0,13.3,65.2,1,3,6.55,5.84,MEDIUM
2026-01-22 14:00:00,14,22,1,3,0,11.7,62.3,1,2,7.26,6.55,MEDIUM
2026-01-22 15:00:00,15,22,1,3,0,12.2,63.5,2,4,8.64,7.26,MEDIUM
2026-01-22 16:00:00,16,22,1,3,0,15.7,64.3,1,1,6.67,8.64,MEDIUM
2026-01-22 17:00:00,17,22,1,3,0,12.6,67.0,2,5,11.22,6.67,HIGH
2026-01-22 18:00:00,18,22,1,3,0,9.4,55.1,6,2,13.84,11.22,HIGH
2026-01-22 19:00:00,19,22,1,3,0,12.3,56.6,5,9,20.73,13.84,HIGH
2026-01-22 20:00:00,20,22,1,3,0,9.8,70.7,4,5,19.38,20.73,HIGH
2026-01-22 21:00:00,21,22,1,3,0,1.7,67.0,5,6,22.07,19.38,HIGH
2026-01-22 22:00:00,22,22,1,3,0,7.8,62.3,5,4,15.54,22.07,HIGH
2026-01-22 23:00:00,23,22,1,3,0,6.5,63.8,2,4,11.97,15.54,HIGH
2026-01-23 00:00:00,0,23,1,4,0,4.5,64.6,3,1,9.22,11.97,MEDIUM
2026-01-23 01:00:00,1,23,1,4,0,5.9,69.0,2,2,5.96,9.22,LOW
2026-01-23 02:00:00,2,23,1,4,0,1.5,60.8,3,2,5.74,5.96,LOW
2026-01-23 03:00:00,3,23,1,4,0,3.8,66.6,3,3,4.86,5.74,LOW
2026-01-23 04:00:00,4,23,1,4,0,-0.7,69.8,2,3,4.99,4.86,LOW
2026-01-23 05:00:00,5,23,1,4,0,4.7,68.5,2,3,4.1,4.99,LOW
2026-01-23 06:00:00,6,23,1,4,0,9.3,65.6,2,4,6.35,4.1,MEDIUM
2026-01-23 07:00:00,7,23,1,4,0,3.0,69.9,4,1,7.32,6.35,MEDIUM
2026-01-23 08:00:00,8,23,1,4,0,4.8,62.6,7,2,11.24,7.32,HIGH
2026-01-23 09:00:00,9,23,1,4,0,6.2,59.9,1,2,9.43,11.24,MEDIUM
2026-01-23 10:00:00,10,23,1,4,0,9.6,78.9,3,1,8.46,9.43,MEDIUM
2026-01-23 11:00:00,11,23,1,4,0,7.8,63.1,2,0,7.24,8.46,MEDIUM
2026-01-23 12:00:00,12,23,1,4,0,12.6,61.9,1,5,9.28,7.24,MEDIUM
2026-01-23 13:00:00,13,23,1,4,0,14.4,66.3,2,1,7.2,9.28,MEDIUM
2026-01-23 14:00:00,14,23,1,4,0,14.2,71.9,1,1,5.9,7.2,LOW
2026-01-23 15:00:00,15,23,1,4,0,8.6,61.3,2,2,7.4,5.9,MEDIUM
2026-01-23 16:00:00,16,23,1,4,0,15.3,55.9,3,2,7.26,7.4,MEDIUM
2026-01-23 17:00:00,17,23,1,4,0,14.7,54.7,2,5,11.18,7.26,HIGH
2026-01-23 18:00:00,18,23,1,4,0,13.6,72.1,4,4,13.91,11.18,HIGH
2026-01-23 19:00:00,19,23,1,4,0,11.4,57.2,6,7,19.7,13.91,HIGH
2026-01-23 20:00:00,20,23,1,4,0,9.8,63.9,5,7,22.16,19.7,HIGH
2026-01-23 21:00:00,21,23,1,4,0,10.6,57.9,6,2,18.04,22.16,HIGH
2026-01-23 22:00:00,22,23,1,4,0,11.5,54.7,5,3,12.53,18.04,HIGH
2026-01-23 23:00:00,23,23,1,4,0,3.1,65.0,4,1,9.89,12.53,MEDIUM
2026-01-24 00:00:00,0,24,1,5,1,7.2,59.5,2,3,9.01,9.89,MEDIUM
2026-01-24 01:00:00,1,24,1,5,1,3.5,62.5,2,7,8.55,9.01,MEDIUM
2026-01-24 02:00:00,2,24,1,5,1,2.8,78.9,2,5,7.33,8.55,MEDIUM
2026-01-24 03:00:00,3,24,1,5,1,-0.8,70.9,3,2,6.66,7.33,MEDIUM
2026-01-24 04:00:00,4,24,1,5,1,2.5,72.6,3,1,5.38,6.66,LOW
2026-01-24 05:00:00,5,24,1,5,1,1.2,72.5,2,2,5.12,5.38,LOW
2026-01-24 06:00:00,6,24,1,5,1,3.3,66.1,2,3,7.36,5.12,MEDIUM
2026-01-24 07:00:00,7,24,1,5,1,2.8,64.2,6,2,9.79,7.36,MEDIUM
2026-01-24 08:00:00,8,24,1,5,1,5.6,67.3,4,5,14.0,9.79,HIGH
2026-01-24 09:00:00,9,24,1,5,1,7.0,66.2,5,2,13.45,14.0,HIGH
2026-01-24 10:00:00,10,24,1,5,1,9.5,60.8,6,3,14.99,13.45,HIGH
2026-01-24 11:00:00,11,24,1,5,1,6.5,66.2,8,2,16.7,14.99,HIGH
2026-01-24 12:00:00,12,24,1,5,1,7.9,60.6,4,3,15.42,16.7,HIGH
2026-01-24 13:00:00,13,24,1,5,1,13.2,61.7,4,7,17.57,15.42,HIGH
2026-01-24 14:00:00,14,24,1,5,1,10.8,61.7,4,4,15.94,17.57,HIGH
2026-01-24 15:00:00,15,24,1,5,1,15.7,54.1,5,5,15.66,15.94,HIGH
2026-01-24 16:00:00,16,24,1,5,1,13.4,48.5,5,5,15.86,15.66,HIGH
2026-01-24 17:00:00,17,24,1,5,1,13.8,56.8,5,5,18.27,15.86,HIGH
2026-01-24 18:00:00,18,24,1,5,1,15.1,72.8,4,3,16.79,18.27,HIGH
2026-01-24 19:00:00,19,24,1,5,1,9.7,62.3,6,5,21.18,16.79,HIGH
2026-01-24 20:00:00,20,24,1,5,1,7.9,69.5,5,6,24.08,21.18,HIGH
2026-01-24 21:00:00,21,24,1,5,1,10.2,51.2,5,2,20.1,24.08,HIGH
2026-01-24 22:00:00,22,24,1,5,1,8.0,58.8,4,2,14.4,20.1,HIGH
2026-01-24 23:00:00,23,24,1,5,1,5.0,57.9,4,7,14.93,14.4,HIGH
2026-01-25 00:00:00,0,25,1,6,1,7.9,63.6,2,3,11.47,14.93,HIGH
2026-01-25 01:00:00,1,25,1,6,1,3.1,81.3,5,4,8.94,11.47,MEDIUM
2026-01-25 02:00:00,2,25,1,6,1,3.3,69.4,2,3,6.18,8.94,LOW
2026-01-25 03:00:00,3,25,1,6,1,3.1,76.9,3,3,5.79,6.18,LOW
2026-01-25 04:00:00,4,25,1,6,1,0.8,66.2,2,4,6.38,5.79,MEDIUM
2026-01-25 05:00:00,5,25,1,6,1,3.9,74.6,2,3,5.56,6.38,LOW
2026-01-25 06:00:00,6,25,1,6,1,8.0,77.2,2,1,5.58,5.56,LOW
2026-01-25 07:00:00,7,25,1,6,1,6.6,64.7,6,7,11.96,5.58,HIGH
2026-01-25 08:00:00,8,25,1,6,1,6.8,62.0,6,2,13.89,11.96,HIGH
2026-01-25 09:00:00,9,25,1,6,1,7.6,57.1,5,2,13.82,13.89,HIGH
2026-01-25 10:00:00,10,25,1,6,1,10.1,62.1,5,2,13.63,13.82,HIGH
2026-01-25 11:00:00,11,25,1,6,1,12.4,63.5,4,2,11.67,13.63,HIGH
2026-01-25 12:00:00,12,25,1,6,1,13.1,74.9,4,5,14.35,11.67,HIGH
2026-01-25 13:00:00,13,25,1,6,1,11.5,55.6,4,4,13.57,14.35,HIGH
2026-01-25 14:00:00,14,25,1,6,1,13.6,62.9,7,0,11.21,13.57,HIGH
2026-01-25 15:00:00,15,25,1,6,1,14.2,51.4,5,4,12.54,11.21,HIGH
2026-01-25 16:00:00,16,25,1,6,1,10.3,61.3,7,2,14.03,12.54,HIGH
2026-01-25 17:00:00,17,25,1,6,1,12.8,64.7,6,6,19.81,14.03,HIGH
2026-01-25 18:00:00,18,25,1,6,1,6.1,68.6,5,6,23.52,19.81,HIGH
2026-01-25 19:00:00,19,25,1,6,1,11.7,66.9,6,3,21.21,23.52,HIGH
2026-01-25 20:00:00,20,25,1,6,1,10.9,66.0,6,3,20.75,21.21,HIGH
2026-01-25 21:00:00,21,25,1,6,1,9.9,67.5,4,7,24.01,20.75,HIGH
2026-01-25 22:00:00,22,25,1,6,1,5.7,66.0,4,3,16.96,24.01,HIGH
2026-01-25 23:00:00,23,25,1,6,1,6.3,59.2,6,1,12.52,16.96,HIGH
2026-01-26 00:00:00,0,26,1,0,0,8.0,53.7,3,2,9.51,12.52,MEDIUM
2026-01-26 01:00:00,1,26,1,0,0,7.2,61.8,3,2,6.21,9.51,LOW
2026-01-26 02:00:00,2,26,1,0,0,3.1,66.0,2,1,4.52,6.21,LOW
2026-01-26 03:00:00,3,26,1,0,0,3.3,74.2,2,2,4.13,4.52,LOW
2026-01-26 04:00:00,4,26,1,0,0,5.9,65.0,4,5,4.96,4.13,LOW
2026-01-26 05:00:00,5,26,1,0,0,-0.1,66.9,4,3,5.01,4.96,LOW
2026-01-26 06:00:00,6,26,1,0,0,3.7,68.8,4,0,5.71,5.01,LOW
2026-01-26 07:00:00,7,26,1,0,0,8.8,62.9,4,1,5.89,5.71,LOW
2026-01-26 08:00:00,8,26,1,0,0,9.1,69.2,4,0,7.11,5.89,MEDIUM
2026-01-26 09:00:00,9,26,1,0,0,8.9,76.3,2,3,8.63,7.11,MEDIUM
2026-01-26 10:00:00,10,26,1,0,0,5.5,78.9,3,1,9.26,8.63,MEDIUM
2026-01-26 11:00:00,11,26,1,0,0,10.4,64.4,3,2,9.39,9.26,MEDIUM
2026-01-26 12:00:00,12,26,1,0,0,10.1,66.0,3,2,9.61,9.39,MEDIUM
2026-01-26 13:00:00,13,26,1,0,0,13.2,72.2,1,3,8.03,9.61,MEDIUM
2026-01-26 14:00:00,14,26,1,0,0,10.8,62.8,2,0,6.34,8.03,MEDIUM
2026-01-26 15:00:00,15,26,1,0,0,10.4,67.9,1,3,6.94,6.34,MEDIUM
2026-01-26 16:00:00,16,26,1,0,0,7.7,58.1,2,3,9.25,6.94,MEDIUM
2026-01-26 17:00:00,17,26,1,0,0,15.4,60.0,2,2,8.92,9.25,MEDIUM
2026-01-26 18:00:00,18,26,1,0,0,10.5,70.7,5,5,14.85,8.92,HIGH
2026-01-26 19:00:00,19,26,1,0,0,10.9,59.3,5,3,15.33,14.85,HIGH
2026-01-26 20:00:00,20,26,1,0,0,9.3,63.5,6,2,15.99,15.33,HIGH
2026-01-26 21:00:00,21,26,1,0,0,5.3,56.4,5,4,18.0,15.99,HIGH
2026-01-26 22:00:00,22,26,1,0,0,3.6,78.6,5,5,14.65,18.0,HIGH
2026-01-26 23:00:00,23,26,1,0,0,3.0,74.4,3,0,10.09,14.65,MEDIUM
2026-01-27 00:00:00,0,27,1,1,0,2.7,68.0,2,4,10.16,10.09,MEDIUM
2026-01-27 01:00:00,1,27,1,1,0,4.6,69.2,3,1,6.48,10.16,MEDIUM
2026-01-27 02:00:00,2,27,1,1,0,1.2,69.9,3,2,5.62,6.48,LOW
2026-01-27 03:00:00,3,27,1,1,0,7.4,73.3,2,2,4.19,5.62,LOW
2026-01-27 04:00:00,4,27,1,1,0,5.7,62.6,2,1,3.55,4.19,LOW
2026-01-27 05:00:00,5,27,1,1,0,5.7,70.1,4,2,4.03,3.55,LOW
2026-01-27 06:00:00,6,27,1,1,0,4.2,72.8,3,1,5.45,4.03,LOW
2026-01-27 07:00:00,7,27,1,1,0,9.3,71.6,4,0,5.12,5.45,LOW
2026-01-27 08:00:00,8,27,1,1,0,6.2,52.0,4,2,8.12,5.12,MEDIUM
2026-01-27 09:00:00,9,27,1,1,0,7.9,61.2,1,0,5.93,8.12,LOW
2026-01-27 10:00:00,10,27,1,1,0,9.7,58.0,3,2,7.46,5.93,MEDIUM
2026-01-27 11:00:00,11,27,1,1,0,12.3,64.0,2,2,7.28,7.46,MEDIUM
2026-01-27 12:00:00,12,27,1,1,0,13.1,50.7,1,1,5.81,7.28,LOW
2026-01-27 13:00:00,13,27,1,1,0,11.1,51.3,2,2,6.82,5.81,MEDIUM
2026-01-27 14:00:00,14,27,1,1,0,11.5,76.4,3,1,7.08,6.82,MEDIUM
2026-01-27 15:00:00,15,27,1,1,0,14.6,65.9,2,0,5.24,7.08,LOW
2026-01-27 16:00:00,16,27,1,1,0,14.6,62.9,1,1,4.31,5.24,LOW
2026-01-27 17:00:00,17,27,1,1,0,11.3,65.7,1,5,9.76,4.31,MEDIUM
2026-01-27 18:00:00,18,27,1,1,0,7.6,65.8,7,3,14.79,9.76,HIGH
2026-01-27 19:00:00,19,27,1,1,0,10.0,70.0,5,6,18.42,14.79,HIGH
2026-01-27 20:00:00,20,27,1,1,0,10.9,59.8,4,3,15.93,18.42,HIGH
2026-01-27 21:00:00,21,27,1,1,0,12.5,64.1,7,4,17.92,15.93,HIGH
2026-01-27 22:00:00,22,27,1,1,0,3.7,67.9,5,6,15.64,17.92,HIGH
2026-01-27 23:00:00,23,27,1,1,0,4.4,60.0,6,1,12.01,15.64,HIGH
2026-01-28 00:00:00,0,28,1,2,0,3.5,74.3,3,1,9.35,12.01,MEDIUM
2026-01-28 01:00:00,1,28,1,2,0,7.1,62.5,4,1,6.47,9.35,MEDIUM
2026-01-28 02:00:00,2,28,1,2,0,3.1,72.9,3,4,5.93,6.47,LOW
2026-01-28 03:00:00,3,28,1,2,0,0.7,68.4,2,2,4.56,5.93,LOW
2026-01-28 04:00:00,4,28,1,2,0,4.6,76.0,2,4,4.72,4.56,LOW
2026-01-28 05:00:00,5,28,1,2,0,2.7,60.7,3,3,4.43,4.72,LOW
2026-01-28 06:00:00,6,28,1,2,0,1.4,60.9,2,1,5.46,4.43,LOW
2026-01-28 07:00:00,7,28,1,2,0,3.3,61.2,4,0,6.22,5.46,LOW
2026-01-28 08:00:00,8,28,1,2,0,11.0,64.4,4,0,6.49,6.22,MEDIUM
2026-01-28 09:00:00,9,28,1,2,0,9.0,73.6,1,2,7.19,6.49,MEDIUM
2026-01-28 10:00:00,10,28,1,2,0,9.6,73.7,3,1,7.54,7.19,MEDIUM
2026-01-28 11:00:00,11,28,1,2,0,9.9,50.2,1,0,5.07,7.54,LOW
2026-01-28 12:00:00,12,28,1,2,0,12.3,64.6,2,3,6.9,5.07,MEDIUM
2026-01-28 13:00:00,13,28,1,2,0,13.0,43.5,2,0,5.62,6.9,LOW
2026-01-28 14:00:00,14,28,1,2,0,13.6,67.3,1,3,6.7,5.62,MEDIUM
2026-01-28 15:00:00,15,28,1,2,0,13.3,69.4,3,0,5.52,6.7,LOW
2026-01-28 16:00:00,16,28,1,2,0,15.0,61.8,4,1,6.23,5.52,MEDIUM
2026-01-28 17:00:00,17,28,1,2,0,12.4,63.5,3,3,9.82,6.23,MEDIUM
2026-01-28 18:00:00,18,28,1,2,0,9.1,64.8,5,4,14.39,9.82,HIGH
2026-01-28 19:00:00,19,28,1,2,0,9.0,59.7,6,5,18.31,14.39,HIGH
2026-01-28 20:00:00,20,28,1,2,0,4.3,68.9,6,5,21.32,18.31,HIGH
2026-01-28 21:00:00,21,28,1,2,0,13.1,61.4,4,1,15.73,21.32,HIGH
2026-01-28 22:00:00,22,28,1,2,0,8.9,70.0,5,4,12.94,15.73,HIGH
2026-01-28 23:00:00,23,28,1,2,0,3.4,66.0,2,1,9.43,12.94,MEDIUM
2026-01-29 00:00:00,0,29,1,3,0,3.8,61.3,3,1,7.66,9.43,MEDIUM
2026-01-29 01:00:00,1,29,1,3,0,2.1,57.9,3,0,4.77,7.66,LOW
2026-01-29 02:00:00,2,29,1,3,0,7.0,54.0,2,4,4.29,4.77,LOW
2026-01-29 03:00:00,3,29,1,3,0,-0.5,76.1,2,3,4.53,4.29,LOW
2026-01-29 04:00:00,4,29,1,3,0,3.5,63.9,3,1,4.1,4.53,LOW
2026-01-29 05:00:00,5,29,1,3,0,3.4,68.7,3,0,3.71,4.1,LOW
2026-01-29 06:00:00,6,29,1,3,0,6.5,76.1,5,3,7.49,3.71,MEDIUM
2026-01-29 07:00:00,7,29,1,3,0,5.2,62.5,5,2,8.78,7.49,MEDIUM
2026-01-29 08:00:00,8,29,1,3,0,2.3,63.3,4,0,8.34,8.78,MEDIUM
2026-01-29 09:00:00,9,29,1,3,0,7.4,64.2,2,3,8.94,8.34,MEDIUM
2026-01-29 10:00:00,10,29,1,3,0,6.9,65.4,2,3,10.22,8.94,MEDIUM
2026-01-29 11:00:00,11,29,1,3,0,10.7,75.0,2,1,8.3,10.22,MEDIUM
2026-01-29 12:00:00,12,29,1,3,0,15.1,71.4,2,2,7.32,8.3,MEDIUM
2026-01-29 13:00:00,13,29,1,3,0,8.0,68.5,1,1,5.85,7.32,LOW
2026-01-29 14:00:00,14,29,1,3,0,10.8,72.4,1,3,6.71,5.85,MEDIUM
2026-01-29 15:00:00,15,29,1,3,0,11.6,62.3,3,2,7.98,6.71,MEDIUM
2026-01-29 16:00:00,16,29,1,3,0,11.9,65.0,2,0,5.89,7.98,LOW
2026-01-29 17:00:00,17,29,1,3,0,14.2,60.5,2,6,11.76,5.89,HIGH
2026-01-29 18:00:00,18,29,1,3,0,11.1,55.8,5,6,16.95,11.76,HIGH
2026-01-29 19:00:00,19,29,1,3,0,11.5,70.6,5,4,18.15,16.95,HIGH
2026-01-29 20:00:00,20,29,1,3,0,7.7,68.1,5,5,19.68,18.15,HIGH
2026-01-29 21:00:00,21,29,1,3,0,8.6,64.7,5,4,18.59,19.68,HIGH
2026-01-29 22:00:00,22,29,1,3,0,8.7,64.5,4,4,13.87,18.59,HIGH
2026-01-29 23:00:00,23,29,1,3,0,3.7,57.5,2,1,9.58,13.87,MEDIUM
2026-01-30 00:00:00,0,30,1,4,0,6.4,59.6,2,3,8.25,9.58,MEDIUM
2026-01-30 01:00:00,1,30,1,4,0,3.8,68.5,2,1,5.54,8.25,LOW
2026-01-30 02:00:00,2,30,1,4,0,5.8,62.5,2,2,4.78,5.54,LOW
2026-01-30 03:00:00,3,30,1,4,0,2.5,65.7,4,1,4.33,4.78,LOW
2026-01-30 04:00:00,4,30,1,4,0,4.1,65.7,4,0,3.48,4.33,LOW
2026-01-30 05:00:00,5,30,1,4,0,3.6,62.5,4,3,4.43,3.48,LOW
2026-01-30 06:00:00,6,30,1,4,0,4.2,60.5,3,1,5.45,4.43,LOW
2026-01-30 07:00:00,7,30,1,4,0,6.1,55.9,5,2,7.44,5.45,MEDIUM
2026-01-30 08:00:00,8,30,1,4,0,8.0,63.9,6,0,9.15,7.44,MEDIUM
2026-01-30 09:00:00,9,30,1,4,0,4.9,69.8,3,1,8.71,9.15,MEDIUM
2026-01-30 10:00:00,10,30,1,4,0,12.9,53.0,3,3,8.51,8.71,MEDIUM
2026-01-30 11:00:00,11,30,1,4,0,5.9,65.5,2,2,9.62,8.51,MEDIUM
2026-01-30 12:00:00,12,30,1,4,0,9.8,65.8,1,1,7.39,9.62,MEDIUM
2026-01-30 13:00:00,13,30,1,4,0,12.1,57.2,1,0,4.75,7.39,LOW
2026-01-30 14:00:00,14,30,1,4,0,13.9,71.0,3,2,6.16,4.75,LOW
2026-01-30 15:00:00,15,30,1,4,0,16.9,58.9,2,1,5.07,6.16,LOW
2026-01-30 16:00:00,16,30,1,4,0,8.2,64.1,2,2,7.0,5.07,MEDIUM
2026-01-30 17:00:00,17,30,1,4,0,11.1,62.6,4,5,12.33,7.0,HIGH
2026-01-30 18:00:00,18,30,1,4,0,6.2,54.9,4,1,12.71,12.33,HIGH
2026-01-30 19:00:00,19,30,1,4,0,10.6,69.8,5,2,13.36,12.71,HIGH
2026-01-30 20:00:00,20,30,1,4,0,10.0,58.3,5,3,15.47,13.36,HIGH
2026-01-30 21:00:00,21,30,1,4,0,12.0,61.8,5,1,13.57,15.47,HIGH
2026-01-30 22:00:00,22,30,1,4,0,7.0,68.8,7,8,15.51,13.57,HIGH
2026-01-30 23:00:00,23,30,1,4,0,8.1,73.5,4,2,11.21,15.51,HIGH
2026-01-31 00:00:00,0,31,1,5,1,5.9,59.2,2,3,9.97,11.21,MEDIUM
2026-01-31 01:00:00,1,31,1,5,1,2.6,64.3,2,7,9.14,9.97,MEDIUM
2026-01-31 02:00:00,2,31,1,5,1,-0.4,76.5,3,6,8.17,9.14,MEDIUM
2026-01-31 03:00:00,3,31,1,5,1,3.7,69.3,3,4,7.16,8.17,MEDIUM
2026-01-31 04:00:00,4,31,1,5,1,-0.6,72.3,4,3,6.96,7.16,MEDIUM
2026-01-31 05:00:00,5,31,1,5,1,6.9,58.9,2,3,6.09,6.96,LOW
2026-01-31 06:00:00,6,31,1,5,1,4.1,64.1,2,2,6.94,6.09,MEDIUM
2026-01-31 07:00:00,7,31,1,5,1,8.5,63.6,4,8,11.59,6.94,HIGH
2026-01-31 08:00:00,8,31,1,5,1,5.5,60.7,6,4,15.87,11.59,HIGH
2026-01-31 09:00:00,9,31,1,5,1,8.7,54.5,4,7,18.12,15.87,HIGH
2026-01-31 10:00:00,10,31,1,5,1,9.8,61.0,5,2,14.83,18.12,HIGH
2026-01-31 11:00:00,11,31,1,5,1,10.4,72.0,4,2,12.84,14.83,HIGH
2026-01-31 12:00:00,12,31,1,5,1,10.5,64.2,4,4,13.31,12.84,HIGH
2026-01-31 13:00:00,13,31,1,5,1,13.3,70.9,4,2,11.78,13.31,HIGH
2026-01-31 14:00:00,14,31,1,5,1,10.5,64.9,5,3,12.06,11.78,HIGH
2026-01-31 15:00:00,15,31,1,5,1,10.0,59.4,6,4,14.94,12.06,HIGH
2026-01-31 16:00:00,16,31,1,5,1,15.9,69.3,4,6,15.1,14.94,HIGH
2026-01-31 17:00:00,17,31,1,5,1,14.1,63.6,4,1,13.32,15.1,HIGH
2026-01-31 18:00:00,18,31,1,5,1,11.7,69.1,5,3,15.71,13.32,HIGH
2026-01-31 19:00:00,19,31,1,5,1,14.7,55.7,4,2,13.9,15.71,HIGH
2026-01-31 20:00:00,20,31,1,5,1,8.6,70.8,4,1,13.78,13.9,HIGH
2026-01-31 21:00:00,21,31,1,5,1,11.3,69.9,6,8,23.19,13.78,HIGH
2026-01-31 22:00:00,22,31,1,5,1,7.1,66.9,4,9,20.08,23.19,HIGH
2026-01-31 23:00:00,23,31,1,5,1,2.9,62.0,3,3,14.19,20.08,HIGH
2026-02-01 00:00:00,0,1,2,6,1,10.7,63.4,3,2,10.46,14.19,MEDIUM
2026-02-01 01:00:00,1,1,2,6,1,7.8,68.5,2,0,6.08,10.46,LOW
2026-02-01 02:00:00,2,1,2,6,1,4.5,67.6,4,2,5.52,6.08,LOW
2026-02-01 03:00:00,3,1,2,6,1,6.4,69.0,3,3,5.48,5.52,LOW
2026-02-01 04:00:00,4,1,2,6,1,3.8,72.6,2,3,4.94,5.48,LOW
2026-02-01 05:00:00,5,1,2,6,1,7.4,61.1,2,3,4.27,4.94,LOW
2026-02-01 06:00:00,6,1,2,6,1,0.1,61.0,4,3,8.71,4.27,MEDIUM
2026-02-01 07:00:00,7,1,2,6,1,4.6,65.9,4,4,9.89,8.71,MEDIUM
2026-02-01 08:00:00,8,1,2,6,1,10.8,61.7,7,1,11.77,9.89,HIGH
2026-02-01 09:00:00,9,1,2,6,1,9.0,69.1,6,3,13.64,11.77,HIGH
2026-02-01 10:00:00,10,1,2,6,1,11.4,57.0,5,2,13.33,13.64,HIGH
2026-02-01 11:00:00,11,1,2,6,1,8.7,70.6,6,4,15.24,13.33,HIGH
2026-02-01 12:00:00,12,1,2,6,1,17.8,69.0,6,3,13.53,15.24,HIGH
2026-02-01 13:00:00,13,1,2,6,1,16.9,61.2,4,2,11.95,13.53,HIGH
2026-02-01 14:00:00,14,1,2,6,1,13.9,62.8,6,7,17.25,11.95,HIGH
2026-02-01 15:00:00,15,1,2,6,1,13.6,58.0,4,5,15.84,17.25,HIGH
2026-02-01 16:00:00,16,1,2,6,1,17.0,57.9,5,5,15.1,15.84,HIGH
2026-02-01 17:00:00,17,1,2,6,1,18.9,58.0,5,2,13.67,15.1,HIGH
2026-02-01 18:00:00,18,1,2,6,1,15.5,70.5,6,2,15.05,13.67,HIGH
2026-02-01 19:00:00,19,1,2,6,1,17.5,60.6,4,4,15.7,15.05,HIGH
2026-02-01 20:00:00,20,1,2,6,1,8.6,56.6,5,5,19.9,15.7,HIGH
2026-02-01 21:00:00,21,1,2,6,1,7.6,66.5,5,8,26.35,19.9,HIGH
2026-02-01 22:00:00,22,1,2,6,1,5.3,70.8,6,3,18.5,26.35,HIGH
2026-02-01 23:00:00,23,1,2,6,1,8.2,64.6,3,4,13.35,18.5,HIGH
2026-02-02 00:00:00,0,2,2,0,0,6.5,74.2,3,1,10.45,13.35,MEDIUM
2026-02-02 01:00:00,1,2,2,0,0,4.9,70.7,2,1,6.73,10.45,MEDIUM
2026-02-02 02:00:00,2,2,2,0,0,6.8,59.0,3,2,5.04,6.73,LOW
2026-02-02 03:00:00,3,2,2,0,0,7.7,61.6,2,2,4.15,5.04,LOW
2026-02-02 04:00:00,4,2,2,0,0,1.0,69.0,2,3,4.45,4.15,LOW
2026-02-02 05:00:00,5,2,2,0,0,3.8,56.5,3,2,3.7,4.45,LOW
2026-02-02 06:00:00,6,2,2,0,0,8.1,66.8,3,2,5.48,3.7,LOW
2026-02-02 07:00:00,7,2,2,0,0,5.9,55.1,5,5,9.23,5.48,MEDIUM
2026-02-02 08:00:00,8,2,2,0,0,6.3,71.6,6,0,10.01,9.23,MEDIUM
2026-02-02 09:00:00,9,2,2,0,0,12.2,68.6,2,0,6.14,10.01,LOW
2026-02-02 10:00:00,10,2,2,0,0,7.7,67.9,2,6,10.71,6.14,MEDIUM
2026-02-02 11:00:00,11,2,2,0,0,11.4,59.4,2,3,9.88,10.71,MEDIUM
2026-02-02 12:00:00,12,2,2,0,0,14.0,63.4,6,2,10.42,9.88,MEDIUM
2026-02-02 13:00:00,13,2,2,0,0,12.5,59.9,2,2,8.2,10.42,MEDIUM
2026-02-02 14:00:00,14,2,2,0,0,16.4,55.3,2,2,7.48,8.2,MEDIUM
2026-02-02 15:00:00,15,2,2,0,0,13.2,60.7,1,3,7.4,7.48,MEDIUM
2026-02-02 16:00:00,16,2,2,0,0,18.0,65.0,3,3,7.69,7.4,MEDIUM
2026-02-02 17:00:00,17,2,2,0,0,13.6,62.8,1,8,13.75,7.69,HIGH
2026-02-02 18:00:00,18,2,2,0,0,14.8,70.8,5,5,15.79,13.75,HIGH
2026-02-02 19:00:00,19,2,2,0,0,14.0,67.0,7,7,21.55,15.79,HIGH
2026-02-02 20:00:00,20,2,2,0,0,9.3,68.2,6,2,18.95,21.55,HIGH
2026-02-02 21:00:00,21,2,2,0,0,4.5,56.5,5,4,19.38,18.95,HIGH
2026-02-02 22:00:00,22,2,2,0,0,9.2,62.6,6,4,14.13,19.38,HIGH
2026-02-02 23:00:00,23,2,2,0,0,7.3,58.7,3,2,10.44,14.13,MEDIUM
2026-02-03 00:00:00,0,3,2,1,0,7.5,63.9,3,4,9.98,10.44,MEDIUM
2026-02-03 01:00:00,1,3,2,1,0,4.7,62.0,3,4,7.33,9.98,MEDIUM
2026-02-03 02:00:00,2,3,2,1,0,3.7,64.3,2,1,4.93,7.33,LOW
2026-02-03 03:00:00,3,3,2,1,0,9.6,70.5,2,2,3.36,4.93,LOW
2026-02-03 04:00:00,4,3,2,1,0,1.1,70.4,2,1,3.65,3.36,LOW
2026-02-03 05:00:00,5,3,2,1,0,7.1,71.2,3,1,2.85,3.65,LOW
2026-02-03 06:00:00,6,3,2,1,0,4.6,56.6,3,1,5.01,2.85,LOW
2026-02-03 07:00:00,7,3,2,1,0,6.3,65.8,5,5,9.09,5.01,MEDIUM
2026-02-03 08:00:00,8,3,2,1,0,7.5,70.8,6,0,9.51,9.09,MEDIUM
2026-02-03 09:00:00,9,3,2,1,0,7.6,74.0,2,4,10.6,9.51,MEDIUM
2026-02-03 10:00:00,10,3,2,1,0,12.3,53.8,1,3,8.07,10.6,MEDIUM
2026-02-03 11:00:00,11,3,2,1,0,15.6,59.7,1,2,6.19,8.07,LOW
2026-02-03 12:00:00,12,3,2,1,0,14.3,68.5,3,2,6.9,6.19,MEDIUM
2026-02-03 13:00:00,13,3,2,1,0,14.2,61.2,3,2,6.78,6.9,MEDIUM
2026-02-03 14:00:00,14,3,2,1,0,12.0,57.7,2,2,7.52,6.78,MEDIUM
2026-02-03 15:00:00,15,3,2,1,0,15.9,52.3,1,3,6.73,7.52,MEDIUM
2026-02-03 16:00:00,16,3,2,1,0,19.8,54.4,2,2,5.94,6.73,LOW
2026-02-03 17:00:00,17,3,2,1,0,13.0,52.7,1,5,10.68,5.94,MEDIUM
2026-02-03 18:00:00,18,3,2,1,0,12.2,63.5,4,3,12.9,10.68,HIGH
2026-02-03 19:00:00,19,3,2,1,0,10.7,69.1,7,6,19.87,12.9,HIGH
2026-02-03 20:00:00,20,3,2,1,0,9.7,56.6,4,6,20.73,19.87,HIGH
2026-02-03 21:00:00,21,3,2,1,0,2.7,68.5,5,5,22.13,20.73,HIGH
2026-02-03 22:00:00,22,3,2,1,0,9.3,69.4,6,3,15.22,22.13,HIGH
2026-02-03 23:00:00,23,3,2,1,0,5.0,66.0,3,5,12.23,15.22,HIGH
2026-02-04 00:00:00,0,4,2,2,0,2.0,57.5,2,0,8.72,12.23,MEDIUM
2026-02-04 01:00:00,1,4,2,2,0,7.2,67.4,3,1,5.5,8.72,LOW
2026-02-04 02:00:00,2,4,2,2,0,2.1,66.8,3,1,3.73,5.5,LOW
2026-02-04 03:00:00,3,4,2,2,0,3.8,65.5,4,1,4.01,3.73,LOW
2026-02-04 04:00:00,4,4,2,2,0,8.4,61.4,3,0,3.26,4.01,LOW
2026-02-04 05:00:00,5,4,2,2,0,1.8,67.8,2,3,3.49,3.26,LOW
2026-02-04 06:00:00,6,4,2,2,0,2.2,70.2,3,1,6.02,3.49,LOW
2026-02-04 07:00:00,7,4,2,2,0,7.8,79.2,5,0,6.08,6.02,LOW
2026-02-04 08:00:00,8,4,2,2,0,11.2,64.2,4,1,8.02,6.08,MEDIUM
2026-02-04 09:00:00,9,4,2,2,0,5.7,74.8,1,2,8.65,8.02,MEDIUM
2026-02-04 10:00:00,10,4,2,2,0,11.9,65.4,4,1,8.64,8.65,MEDIUM
2026-02-04 11:00:00,11,4,2,2,0,13.6,62.0,1,3,7.66,8.64,MEDIUM
2026-02-04 12:00:00,12,4,2,2,0,8.0,65.7,3,4,10.31,7.66,MEDIUM
2026-02-04 13:00:00,13,4,2,2,0,15.9,54.3,1,1,6.78,10.31,MEDIUM
2026-02-04 14:00:00,14,4,2,2,0,16.6,63.2,1,2,5.67,6.78,LOW
2026-02-04 15:00:00,15,4,2,2,0,13.8,50.5,2,1,5.51,5.67,LOW
2026-02-04 16:00:00,16,4,2,2,0,17.6,55.8,2,5,8.58,5.51,MEDIUM
2026-02-04 17:00:00,17,4,2,2,0,16.8,61.9,2,4,9.94,8.58,MEDIUM
2026-02-04 18:00:00,18,4,2,2,0,13.4,69.8,4,2,11.19,9.94,HIGH
2026-02-04 19:00:00,19,4,2,2,0,11.0,72.2,6,6,17.54,11.19,HIGH
2026-02-04 20:00:00,20,4,2,2,0,8.5,63.2,6,2,16.31,17.54,HIGH
2026-02-04 21:00:00,21,4,2,2,0,9.5,65.1,7,2,17.22,16.31,HIGH
2026-02-04 22:00:00,22,4,2,2,0,9.7,70.0,5,5,14.12,17.22,HIGH
2026-02-04 23:00:00,23,4,2,2,0,6.3,57.5,4,2,11.13,14.12,HIGH
2026-02-05 00:00:00,0,5,2,3,0,0.6,70.2,2,1,8.4,11.13,MEDIUM
2026-02-05 01:00:00,1,5,2,3,0,8.4,59.7,4,7,7.28,8.4,MEDIUM
2026-02-05 02:00:00,2,5,2,3,0,5.3,64.8,3,2,5.58,7.28,LOW
2026-02-05 03:00:00,3,5,2,3,0,3.7,63.8,2,2,4.83,5.58,LOW
2026-02-05 04:00:00,4,5,2,3,0,6.9,67.9,3,1,4.38,4.83,LOW
2026-02-05 05:00:00,5,5,2,3,0,9.1,67.7,3,1,3.59,4.38,LOW
2026-02-05 06:00:00,6,5,2,3,0,-0.9,73.7,4,3,7.71,3.59,MEDIUM
2026-02-05 07:00:00,7,5,2,3,0,8.2,66.8,6,3,9.73,7.71,MEDIUM
2026-02-05 08:00:00,8,5,2,3,0,4.7,67.1,4,1,9.8,9.73,MEDIUM
2026-02-05 09:00:00,9,5,2,3,0,10.9,74.8,3,0,7.84,9.8,MEDIUM
2026-02-05 10:00:00,10,5,2,3,0,11.2,54.4,2,1,6.83,7.84,MEDIUM
2026-02-05 11:00:00,11,5,2,3,0,13.7,72.7,1,0,4.86,6.83,LOW
2026-02-05 12:00:00,12,5,2,3,0,11.9,61.5,2,1,5.92,4.86,LOW
2026-02-05 13:00:00,13,5,2,3,0,9.3,67.7,2,1,6.15,5.92,LOW
2026-02-05 14:00:00,14,5,2,3,0,13.3,60.7,2,1,5.5,6.15,LOW
2026-02-05 15:00:00,15,5,2,3,0,15.6,57.5,2,0,4.66,5.5,LOW
2026-02-05 16:00:00,16,5,2,3,0,17.0,64.1,3,0,4.86,4.66,LOW
2026-02-05 17:00:00,17,5,2,3,0,11.0,69.9,2,3,8.26,4.86,MEDIUM
2026-02-05 18:00:00,18,5,2,3,0,15.7,64.6,5,5,13.42,8.26,HIGH
2026-02-05 19:00:00,19,5,2,3,0,10.5,60.5,5,14,26.3,13.42,HIGH
2026-02-05 20:00:00,20,5,2,3,0,11.8,84.9,5,1,18.73,26.3,HIGH
2026-02-05 21:00:00,21,5,2,3,0,8.3,71.9,5,4,18.92,18.73,HIGH
2026-02-05 22:00:00,22,5,2,3,0,8.8,70.1,4,2,12.73,18.92,HIGH
2026-02-05 23:00:00,23,5,2,3,0,9.3,62.2,2,0,7.57,12.73,MEDIUM
2026-02-06 00:00:00,0,6,2,4,0,3.0,63.0,2,2,6.48,7.57,MEDIUM
2026-02-06 01:00:00,1,6,2,4,0,3.6,64.9,2,0,4.36,6.48,LOW
2026-02-06 02:00:00,2,6,2,4,0,5.2,72.4,2,2,3.88,4.36,LOW
2026-02-06 03:00:00,3,6,2,4,0,10.6,57.8,4,1,2.99,3.88,LOW
2026-02-06 04:00:00,4,6,2,4,0,2.6,60.6,2,0,2.62,2.99,LOW
2026-02-06 05:00:00,5,6,2,4,0,10.4,67.1,2,1,2.84,2.62,LOW
2026-02-06 06:00:00,6,6,2,4,0,11.1,65.5,4,1,4.52,2.84,LOW
2026-02-06 07:00:00,7,6,2,4,0,6.9,60.6,5,1,6.3,4.52,MEDIUM
2026-02-06 08:00:00,8,6,2,4,0,7.6,58.4,4,0,6.74,6.3,MEDIUM
2026-02-06 09:00:00,9,6,2,4,0,7.9,73.5,2,2,8.03,6.74,MEDIUM
2026-02-06 10:00:00,10,6,2,4,0,10.7,65.9,4,1,8.99,8.03,MEDIUM
2026-02-06 11:00:00,11,6,2,4,0,8.6,56.4,1,1,7.42,8.99,MEDIUM
2026-02-06 12:00:00,12,6,2,4,0,13.0,55.0,2,3,8.14,7.42,MEDIUM
2026-02-06 13:00:00,13,6,2,4,0,17.7,58.8,2,2,6.87,8.14,MEDIUM
2026-02-06 14:00:00,14,6,2,4,0,12.9,67.2,3,3,8.13,6.87,MEDIUM
2026-02-06 15:00:00,15,6,2,4,0,14.0,66.0,2,1,6.93,8.13,MEDIUM
2026-02-06 16:00:00,16,6,2,4,0,10.2,70.7,2,2,7.46,6.93,MEDIUM
2026-02-06 17:00:00,17,6,2,4,0,14.9,53.1,1,6,11.98,7.46,HIGH
2026-02-06 18:00:00,18,6,2,4,0,13.8,63.8,5,3,14.17,11.98,HIGH
2026-02-06 19:00:00,19,6,2,4,0,12.3,71.6,4,6,17.11,14.17,HIGH
2026-02-06 20:00:00,20,6,2,4,0,10.4,71.8,4,4,17.23,17.11,HIGH
2026-02-06 21:00:00,21,6,2,4,0,8.9,66.6,4,3,15.99,17.23,HIGH
2026-02-06 22:00:00,22,6,2,4,0,9.6,78.2,6,7,15.5,15.99,HIGH
2026-02-06 23:00:00,23,6,2,4,0,7.0,68.9,2,1,9.64,15.5,MEDIUM
2026-02-07 00:00:00,0,7,2,5,1,6.9,71.5,3,0,7.71,9.64,MEDIUM
2026-02-07 01:00:00,1,7,2,5,1,5.8,65.9,3,1,5.77,7.71,LOW
2026-02-07 02:00:00,2,7,2,5,1,7.6,60.3,2,4,5.65,5.77,LOW
2026-02-07 03:00:00,3,7,2,5,1,6.3,60.2,4,3,5.21,5.65,LOW
2026-02-07 04:00:00,4,7,2,5,1,5.3,67.0,3,3,5.36,5.21,LOW
2026-02-07 05:00:00,5,7,2,5,1,9.1,63.1,3,3,5.07,5.36,LOW
2026-02-07 06:00:00,6,7,2,5,1,7.1,54.5,2,3,6.57,5.07,MEDIUM
2026-02-07 07:00:00,7,7,2,5,1,10.4,57.7,4,2,7.91,6.57,MEDIUM
2026-02-07 08:00:00,8,7,2,5,1,9.8,62.2,5,3,12.02,7.91,HIGH
2026-02-07 09:00:00,9,7,2,5,1,5.0,70.4,4,3,13.63,12.02,HIGH
2026-02-07 10:00:00,10,7,2,5,1,14.2,62.2,4,3,12.53,13.63,HIGH
2026-02-07 11:00:00,11,7,2,5,1,12.4,62.6,5,2,12.03,12.53,HIGH
2026-02-07 12:00:00,12,7,2,5,1,13.0,56.9,4,2,12.06,12.03,HIGH
2026-02-07 13:00:00,13,7,2,5,1,14.6,62.3,5,5,14.59,12.06,HIGH
2026-02-07 14:00:00,14,7,2,5,1,13.6,70.5,4,5,14.77,14.59,HIGH
2026-02-07 15:00:00,15,7,2,5,1,15.2,62.9,6,4,14.57,14.77,HIGH
2026-02-07 16:00:00,16,7,2,5,1,13.0,53.8,7,3,15.04,14.57,HIGH
2026-02-07 17:00:00,17,7,2,5,1,17.1,53.7,4,8,20.27,15.04,HIGH
2026-02-07 18:00:00,18,7,2,5,1,12.9,66.4,4,4,19.16,20.27,HIGH
2026-02-07 19:00:00,19,7,2,5,1,11.2,62.2,6,5,21.86,19.16,HIGH
2026-02-07 20:00:00,20,7,2,5,1,8.6,64.1,4,2,18.81,21.86,HIGH
2026-02-07 21:00:00,21,7,2,5,1,10.3,60.2,4,4,18.05,18.81,HIGH
2026-02-07 22:00:00,22,7,2,5,1,8.8,67.5,5,3,14.24,18.05,HIGH
2026-02-07 23:00:00,23,7,2,5,1,8.1,63.0,2,3,11.27,14.24,HIGH
2026-02-08 00:00:00,0,8,2,6,1,3.5,65.5,4,3,10.57,11.27,MEDIUM
2026-02-08 01:00:00,1,8,2,6,1,1.3,62.4,2,4,7.67,10.57,MEDIUM
2026-02-08 02:00:00,2,8,2,6,1,6.3,71.0,2,3,5.84,7.67,LOW
2026-02-08 03:00:00,3,8,2,6,1,8.3,63.4,4,3,5.69,5.84,LOW
2026-02-08 04:00:00,4,8,2,6,1,2.2,70.8,3,5,6.21,5.69,LOW
2026-02-08 05:00:00,5,8,2,6,1,9.3,57.1,2,1,4.4,6.21,LOW
2026-02-08 06:00:00,6,8,2,6,1,6.8,75.7,4,3,7.52,4.4,MEDIUM
2026-02-08 07:00:00,7,8,2,6,1,7.1,72.8,4,3,9.15,7.52,MEDIUM
2026-02-08 08:00:00,8,8,2,6,1,7.3,53.6,6,7,16.52,9.15,HIGH
2026-02-08 09:00:00,9,8,2,6,1,6.1,60.7,6,0,13.64,16.52,HIGH
2026-02-08 10:00:00,10,8,2,6,1,13.4,65.5,5,2,12.54,13.64,HIGH
2026-02-08 11:00:00,11,8,2,6,1,10.2,56.0,4,3,13.11,12.54,HIGH
2026-02-08 12:00:00,12,8,2,6,1,11.2,62.7,7,5,16.76,13.11,HIGH
2026-02-08 13:00:00,13,8,2,6,1,16.4,64.0,5,2,13.26,16.76,HIGH
2026-02-08 14:00:00,14,8,2,6,1,9.7,63.0,4,4,14.48,13.26,HIGH
2026-02-08 15:00:00,15,8,2,6,1,10.8,66.9,4,9,18.87,14.48,HIGH
2026-02-08 16:00:00,16,8,2,6,1,14.4,58.1,6,2,15.28,18.87,HIGH
2026-02-08 17:00:00,17,8,2,6,1,14.7,48.7,4,3,15.59,15.28,HIGH
2026-02-08 18:00:00,18,8,2,6,1,14.4,68.1,5,4,17.35,15.59,HIGH
2026-02-08 19:00:00,19,8,2,6,1,11.4,69.3,4,4,17.98,17.35,HIGH
2026-02-08 20:00:00,20,8,2,6,1,17.2,76.1,5,4,18.35,17.98,HIGH
2026-02-08 21:00:00,21,8,2,6,1,9.0,51.2,6,3,19.28,18.35,HIGH
2026-02-08 22:00:00,22,8,2,6,1,7.7,69.4,5,5,16.52,19.28,HIGH
2026-02-08 23:00:00,23,8,2,6,1,5.1,54.1,3,2,11.53,16.52,HIGH
2026-02-09 00:00:00,0,9,2,0,0,6.4,76.0,2,0,7.76,11.53,MEDIUM
2026-02-09 01:00:00,1,9,2,0,0,6.8,68.2,2,2,5.14,7.76,LOW
2026-02-09 02:00:00,2,9,2,0,0,7.8,59.2,3,1,4.15,5.14,LOW
2026-02-09 03:00:00,3,9,2,0,0,0.9,72.3,2,3,4.94,4.15,LOW
2026-02-09 04:00:00,4,9,2,0,0,4.2,63.0,2,3,4.14,4.94,LOW
2026-02-09 05:00:00,5,9,2,0,0,6.4,67.2,3,2,3.49,4.14,LOW
2026-02-09 06:00:00,6,9,2,0,0,7.5,66.2,2,2,5.44,3.49,LOW
2026-02-09 07:00:00,7,9,2,0,0,7.1,75.6,6,2,7.65,5.44,MEDIUM
2026-02-09 08:00:00,8,9,2,0,0,9.7,75.0,4,1,8.29,7.65,MEDIUM
2026-02-09 09:00:00,9,9,2,0,0,7.6,61.4,3,2,8.92,8.29,MEDIUM
2026-02-09 10:00:00,10,9,2,0,0,14.8,68.4,1,3,7.73,8.92,MEDIUM
2026-02-09 11:00:00,11,9,2,0,0,14.6,64.3,1,3,6.98,7.73,MEDIUM
2026-02-09 12:00:00,12,9,2,0,0,9.8,55.6,4,2,8.56,6.98,MEDIUM
2026-02-09 13:00:00,13,9,2,0,0,11.3,59.3,2,1,6.9,8.56,MEDIUM
2026-02-09 14:00:00,14,9,2,0,0,11.8,77.3,2,2,7.68,6.9,MEDIUM
2026-02-09 15:00:00,15,9,2,0,0,16.3,63.6,1,4,7.61,7.68,MEDIUM
2026-02-09 16:00:00,16,9,2,0,0,11.2,69.5,1,1,6.73,7.61,MEDIUM
2026-02-09 17:00:00,17,9,2,0,0,13.1,61.5,3,1,8.01,6.73,MEDIUM
2026-02-09 18:00:00,18,9,2,0,0,14.3,59.0,4,5,12.62,8.01,HIGH
2026-02-09 19:00:00,19,9,2,0,0,11.9,63.4,4,5,15.16,12.62,HIGH
2026-02-09 20:00:00,20,9,2,0,0,11.5,61.8,4,3,14.63,15.16,HIGH
2026-02-09 21:00:00,21,9,2,0,0,6.9,56.3,4,3,15.16,14.63,HIGH
2026-02-09 22:00:00,22,9,2,0,0,9.8,58.1,5,5,12.73,15.16,HIGH
2026-02-09 23:00:00,23,9,2,0,0,5.6,70.0,4,0,9.43,12.73,MEDIUM
2026-02-10 00:00:00,0,10,2,1,0,5.3,63.6,3,1,7.89,9.43,MEDIUM
2026-02-10 01:00:00,1,10,2,1,0,5.9,65.8,3,0,5.52,7.89,LOW
2026-02-10 02:00:00,2,10,2,1,0,5.0,67.4,3,3,4.61,5.52,LOW
2026-02-10 03:00:00,3,10,2,1,0,4.7,68.0,4,1,3.57,4.61,LOW
2026-02-10 04:00:00,4,10,2,1,0,2.9,73.7,3,2,3.71,3.57,LOW
2026-02-10 05:00:00,5,10,2,1,0,4.5,59.6,3,2,4.27,3.71,LOW
2026-02-10 06:00:00,6,10,2,1,0,6.1,69.0,3,4,6.93,4.27,MEDIUM
2026-02-10 07:00:00,7,10,2,1,0,3.7,71.1,5,4,10.05,6.93,MEDIUM
2026-02-10 08:00:00,8,10,2,1,0,7.2,71.0,4,1,9.55,10.05,MEDIUM
2026-02-10 09:00:00,9,10,2,1,0,10.6,55.3,2,2,8.74,9.55,MEDIUM
2026-02-10 10:00:00,10,10,2,1,0,7.7,66.4,1,4,9.64,8.74,MEDIUM
2026-02-10 11:00:00,11,10,2,1,0,15.0,72.3,1,5,9.09,9.64,MEDIUM
2026-02-10 12:00:00,12,10,2,1,0,16.3,60.9,2,0,5.63,9.09,LOW
2026-02-10 13:00:00,13,10,2,1,0,10.8,66.6,2,0,5.36,5.63,LOW
2026-02-10 14:00:00,14,10,2,1,0,17.8,65.6,1,2,4.94,5.36,LOW
2026-02-10 15:00:00,15,10,2,1,0,14.2,56.2,2,0,4.17,4.94,LOW
2026-02-10 16:00:00,16,10,2,1,0,15.5,72.8,1,1,4.04,4.17,LOW
2026-02-10 17:00:00,17,10,2,1,0,12.7,65.9,2,3,8.03,4.04,MEDIUM
2026-02-10 18:00:00,18,10,2,1,0,15.5,64.9,4,3,9.72,8.03,MEDIUM
2026-02-10 19:00:00,19,10,2,1,0,13.1,52.8,5,11,20.71,9.72,HIGH
2026-02-10 20:00:00,20,10,2,1,0,8.9,69.2,5,7,22.39,20.71,HIGH
2026-02-10 21:00:00,21,10,2,1,0,6.7,68.4,5,7,24.11,22.39,HIGH
2026-02-10 22:00:00,22,10,2,1,0,4.7,75.9,6,1,16.1,24.11,HIGH
2026-02-10 23:00:00,23,10,2,1,0,7.6,63.1,6,2,12.42,16.1,HIGH
2026-02-11 00:00:00,0,11,2,2,0,7.5,59.1,3,1,8.93,12.42,MEDIUM
2026-02-11 01:00:00,1,11,2,2,0,6.9,61.1,3,3,5.69,8.93,LOW
2026-02-11 02:00:00,2,11,2,2,0,4.5,63.2,3,1,4.16,5.69,LOW
2026-02-11 03:00:00,3,11,2,2,0,1.7,60.6,4,0,3.75,4.16,LOW
2026-02-11 04:00:00,4,11,2,2,0,3.1,74.5,3,2,4.01,3.75,LOW
2026-02-11 05:00:00,5,11,2,2,0,8.2,72.7,3,3,4.14,4.01,LOW
2026-02-11 06:00:00,6,11,2,2,0,4.9,64.9,3,2,5.35,4.14,LOW
2026-02-11 07:00:00,7,11,2,2,0,7.5,62.6,6,2,7.87,5.35,MEDIUM
2026-02-11 08:00:00,8,11,2,2,0,5.6,54.9,6,1,9.71,7.87,MEDIUM
2026-02-11 09:00:00,9,11,2,2,0,10.4,68.0,2,2,7.89,9.71,MEDIUM
2026-02-11 10:00:00,10,11,2,2,0,9.8,74.0,3,1,8.1,7.89,MEDIUM
2026-02-11 11:00:00,11,11,2,2,0,14.7,58.3,4,0,6.49,8.1,MEDIUM
2026-02-11 12:00:00,12,11,2,2,0,15.1,61.3,1,0,4.55,6.49,LOW
2026-02-11 13:00:00,13,11,2,2,0,12.7,65.5,2,2,5.35,4.55,LOW
2026-02-11 14:00:00,14,11,2,2,0,14.1,72.7,3,4,8.21,5.35,MEDIUM
2026-02-11 15:00:00,15,11,2,2,0,13.2,63.9,1,2,6.61,8.21,MEDIUM
2026-02-11 16:00:00,16,11,2,2,0,10.9,64.8,2,0,5.73,6.61,LOW
2026-02-11 17:00:00,17,11,2,2,0,11.8,64.4,1,5,9.9,5.73,MEDIUM
2026-02-11 18:00:00,18,11,2,2,0,13.6,54.0,5,0,9.71,9.9,MEDIUM
2026-02-11 19:00:00,19,11,2,2,0,12.9,54.2,7,7,18.17,9.71,HIGH
2026-02-11 20:00:00,20,11,2,2,0,11.3,58.6,7,4,19.14,18.17,HIGH
2026-02-11 21:00:00,21,11,2,2,0,8.9,70.5,5,3,18.2,19.14,HIGH
2026-02-11 22:00:00,22,11,2,2,0,10.6,61.7,5,4,14.37,18.2,HIGH
2026-02-11 23:00:00,23,11,2,2,0,7.3,61.9,3,0,9.08,14.37,MEDIUM
2026-02-12 00:00:00,0,12,2,3,0,7.8,61.6,2,5,8.96,9.08,MEDIUM
2026-02-12 01:00:00,1,12,2,3,0,0.8,66.9,2,1,5.91,8.96,LOW
2026-02-12 02:00:00,2,12,2,3,0,-5.0,80.2,2,0,4.75,5.91,LOW
2026-02-12 03:00:00,3,12,2,3,0,5.3,65.0,3,1,3.38,4.75,LOW
2026-02-12 04:00:00,4,12,2,3,0,1.2,62.8,4,5,4.71,3.38,LOW
2026-02-12 05:00:00,5,12,2,3,0,4.7,66.3,2,1,3.28,4.71,LOW
2026-02-12 06:00:00,6,12,2,3,0,5.3,76.4,4,4,6.88,3.28,MEDIUM
2026-02-12 07:00:00,7,12,2,3,0,11.1,60.5,6,1,7.74,6.88,MEDIUM
2026-02-12 08:00:00,8,12,2,3,0,9.3,57.2,6,1,8.63,7.74,MEDIUM
2026-02-12 09:00:00,9,12,2,3,0,10.0,61.0,2,3,9.13,8.63,MEDIUM
2026-02-12 10:00:00,10,12,2,3,0,13.0,63.6,2,1,7.05,9.13,MEDIUM
2026-02-12 11:00:00,11,12,2,3,0,13.0,66.9,3,3,8.5,7.05,MEDIUM
2026-02-12 12:00:00,12,12,2,3,0,12.0,69.2,2,1,6.71,8.5,MEDIUM
2026-02-12 13:00:00,13,12,2,3,0,16.6,55.1,1,0,4.01,6.71,LOW
2026-02-12 14:00:00,14,12,2,3,0,11.7,57.6,3,0,5.3,4.01,LOW
2026-02-12 15:00:00,15,12,2,3,0,15.4,59.9,2,4,7.28,5.3,MEDIUM
2026-02-12 16:00:00,16,12,2,3,0,10.6,67.9,1,0,5.9,7.28,LOW
2026-02-12 17:00:00,17,12,2,3,0,14.4,54.7,2,7,11.6,5.9,HIGH
2026-02-12 18:00:00,18,12,2,3,0,13.6,58.9,5,3,13.61,11.6,HIGH
2026-02-12 19:00:00,19,12,2,3,0,16.3,57.9,4,2,12.01,13.61,HIGH
2026-02-12 20:00:00,20,12,2,3,0,7.0,70.9,5,2,13.54,12.01,HIGH
2026-02-12 21:00:00,21,12,2,3,0,8.1,67.9,5,4,16.83,13.54,HIGH
2026-02-12 22:00:00,22,12,2,3,0,10.4,69.3,4,3,11.89,16.83,HIGH
2026-02-12 23:00:00,23,12,2,3,0,7.9,72.9,4,4,10.91,11.89,MEDIUM
2026-02-13 00:00:00,0,13,2,4,0,6.5,63.6,3,1,7.98,10.91,MEDIUM
2026-02-13 01:00:00,1,13,2,4,0,2.9,59.7,4,0,5.34,7.98,LOW
2026-02-13 02:00:00,2,13,2,4,0,3.3,59.6,3,2,4.94,5.34,LOW
2026-02-13 03:00:00,3,13,2,4,0,7.7,53.9,3,0,4.47,4.94,LOW
2026-02-13 04:00:00,4,13,2,4,0,4.6,63.4,2,6,4.9,4.47,LOW
2026-02-13 05:00:00,5,13,2,4,0,6.2,63.2,3,3,5.06,4.9,LOW
2026-02-13 06:00:00,6,13,2,4,0,5.8,70.4,3,1,6.29,5.06,MEDIUM
2026-02-13 07:00:00,7,13,2,4,0,4.1,66.5,6,1,8.01,6.29,MEDIUM
2026-02-13 08:00:00,8,13,2,4,0,10.6,60.8,4,1,8.47,8.01,MEDIUM
2026-02-13 09:00:00,9,13,2,4,0,10.9,62.9,1,2,7.18,8.47,MEDIUM
2026-02-13 10:00:00,10,13,2,4,0,16.7,55.1,1,3,6.39,7.18,MEDIUM
2026-02-13 11:00:00,11,13,2,4,0,9.6,70.3,1,1,5.82,6.39,LOW
2026-02-13 12:00:00,12,13,2,4,0,15.2,57.2,1,1,4.87,5.82,LOW
2026-02-13 13:00:00,13,13,2,4,0,10.7,56.9,1,3,6.52,4.87,MEDIUM
2026-02-13 14:00:00,14,13,2,4,0,14.8,67.0,2,6,9.43,6.52,MEDIUM
2026-02-13 15:00:00,15,13,2,4,0,17.0,64.6,2,1,6.44,9.43,MEDIUM
2026-02-13 16:00:00,16,13,2,4,0,9.3,53.9,3,4,9.38,6.44,MEDIUM
2026-02-13 17:00:00,17,13,2,4,0,13.4,67.8,1,5,11.88,9.38,HIGH
2026-02-13 18:00:00,18,13,2,4,0,11.7,58.9,5,9,19.73,11.88,HIGH
2026-02-13 19:00:00,19,13,2,4,0,10.4,61.6,8,7,24.29,19.73,HIGH
2026-02-13 20:00:00,20,13,2,4,0,11.9,64.4,4,5,20.97,24.29,HIGH
2026-02-13 21:00:00,21,13,2,4,0,12.4,66.6,5,6,20.81,20.97,HIGH
2026-02-13 22:00:00,22,13,2,4,0,8.0,67.5,5,7,17.02,20.81,HIGH
2026-02-13 23:00:00,23,13,2,4,0,7.6,64.7,2,1,10.94,17.02,MEDIUM
2026-02-14 00:00:00,0,14,2,5,1,6.4,62.9,3,6,12.05,10.94,HIGH
2026-02-14 01:00:00,1,14,2,5,1,5.3,68.4,3,4,8.37,12.05,MEDIUM
2026-02-14 02:00:00,2,14,2,5,1,2.1,66.4,3,5,7.2,8.37,MEDIUM
2026-02-14 03:00:00,3,14,2,5,1,7.4,75.9,4,7,7.36,7.2,MEDIUM
2026-02-14 04:00:00,4,14,2,5,1,5.5,69.3,3,3,6.45,7.36,MEDIUM
2026-02-14 05:00:00,5,14,2,5,1,6.3,59.9,2,3,5.4,6.45,LOW
2026-02-14 06:00:00,6,14,2,5,1,4.1,63.5,2,3,6.95,5.4,MEDIUM
2026-02-14 07:00:00,7,14,2,5,1,6.0,65.9,5,6,11.83,6.95,HIGH
2026-02-14 08:00:00,8,14,2,5,1,7.9,72.6,4,2,12.06,11.83,HIGH
2026-02-14 09:00:00,9,14,2,5,1,5.8,74.1,5,2,13.46,12.06,HIGH
2026-02-14 10:00:00,10,14,2,5,1,6.7,62.9,5,3,14.73,13.46,HIGH
2026-02-14 11:00:00,11,14,2,5,1,10.6,58.2,4,0,10.72,14.73,MEDIUM
2026-02-14 12:00:00,12,14,2,5,1,14.4,55.9,5,4,12.36,10.72,HIGH
2026-02-14 13:00:00,13,14,2,5,1,12.3,64.6,7,0,11.27,12.36,HIGH
2026-02-14 14:00:00,14,14,2,5,1,11.9,77.1,6,5,15.19,11.27,HIGH
2026-02-14 15:00:00,15,14,2,5,1,12.6,66.2,6,5,16.87,15.19,HIGH
2026-02-14 16:00:00,16,14,2,5,1,13.3,53.1,5,6,18.22,16.87,HIGH
2026-02-14 17:00:00,17,14,2,5,1,13.1,58.4,4,5,19.56,18.22,HIGH
2026-02-14 18:00:00,18,14,2,5,1,18.6,56.8,5,4,17.68,19.56,HIGH
2026-02-14 19:00:00,19,14,2,5,1,14.7,57.2,6,5,20.3,17.68,HIGH
2026-02-14 20:00:00,20,14,2,5,1,13.5,60.3,5,6,21.34,20.3,HIGH
2026-02-14 21:00:00,21,14,2,5,1,12.5,65.2,4,4,19.95,21.34,HIGH
2026-02-14 22:00:00,22,14,2,5,1,5.8,69.8,4,6,16.77,19.95,HIGH
2026-02-14 23:00:00,23,14,2,5,1,4.1,72.9,3,0,11.23,16.77,HIGH
2026-02-15 00:00:00,0,15,2,6,1,3.3,69.8,4,3,11.18,11.23,HIGH
2026-02-15 01:00:00,1,15,2,6,1,8.6,52.8,2,0,6.38,11.18,MEDIUM
2026-02-15 02:00:00,2,15,2,6,1,3.4,60.3,2,4,5.7,6.38,LOW
2026-02-15 03:00:00,3,15,2,6,1,1.5,66.5,4,3,5.97,5.7,LOW
2026-02-15 04:00:00,4,15,2,6,1,3.7,67.4,4,5,6.27,5.97,MEDIUM
2026-02-15 05:00:00,5,15,2,6,1,4.7,71.3,2,1,4.9,6.27,LOW
2026-02-15 06:00:00,6,15,2,6,1,6.7,65.6,3,3,7.53,4.9,MEDIUM
2026-02-15 07:00:00,7,15,2,6,1,7.7,65.2,6,2,9.43,7.53,MEDIUM
2026-02-15 08:00:00,8,15,2,6,1,6.2,66.9,4,3,12.13,9.43,HIGH
2026-02-15 09:00:00,9,15,2,6,1,11.3,61.9,5,5,15.26,12.13,HIGH
2026-02-15 10:00:00,10,15,2,6,1,9.3,64.8,7,3,16.81,15.26,HIGH
2026-02-15 11:00:00,11,15,2,6,1,11.7,70.1,4,2,13.1,16.81,HIGH
2026-02-15 12:00:00,12,15,2,6,1,14.9,61.5,6,4,13.99,13.1,HIGH
2026-02-15 13:00:00,13,15,2,6,1,12.3,62.9,5,3,13.68,13.99,HIGH
2026-02-15 14:00:00,14,15,2,6,1,13.0,62.6,5,2,12.41,13.68,HIGH
2026-02-15 15:00:00,15,15,2,6,1,16.1,69.3,6,4,14.14,12.41,HIGH
2026-02-15 16:00:00,16,15,2,6,1,12.3,56.4,5,3,13.97,14.14,HIGH
2026-02-15 17:00:00,17,15,2,6,1,13.0,73.5,5,5,18.51,13.97,HIGH
2026-02-15 18:00:00,18,15,2,6,1,14.5,55.1,4,2,14.92,18.51,HIGH
2026-02-15 19:00:00,19,15,2,6,1,17.2,57.2,6,3,16.22,14.92,HIGH
2026-02-15 20:00:00,20,15,2,6,1,12.4,67.5,6,3,18.57,16.22,HIGH
2026-02-15 21:00:00,21,15,2,6,1,10.8,69.9,5,5,21.1,18.57,HIGH
2026-02-15 22:00:00,22,15,2,6,1,9.6,55.7,5,6,17.25,21.1,HIGH
2026-02-15 23:00:00,23,15,2,6,1,4.4,59.7,3,2,12.84,17.25,HIGH
2026-02-16 00:00:00,0,16,2,0,0,6.4,67.1,2,2,9.08,12.84,MEDIUM
2026-02-16 01:00:00,1,16,2,0,0,5.2,80.0,4,4,7.32,9.08,MEDIUM
2026-02-16 02:00:00,2,16,2,0,0,5.6,73.2,3,0,4.88,7.32,LOW
2026-02-16 03:00:00,3,16,2,0,0,4.9,64.6,3,0,3.39,4.88,LOW
2026-02-16 04:00:00,4,16,2,0,0,5.7,51.2,4,1,3.68,3.39,LOW
2026-02-16 05:00:00,5,16,2,0,0,4.5,66.7,2,0,3.07,3.68,LOW
2026-02-16 06:00:00,6,16,2,0,0,6.2,67.7,4,3,6.71,3.07,MEDIUM
2026-02-16 07:00:00,7,16,2,0,0,4.0,64.1,4,4,8.91,6.71,MEDIUM
2026-02-16 08:00:00,8,16,2,0,0,7.5,59.9,5,3,11.31,8.91,HIGH
2026-02-16 09:00:00,9,16,2,0,0,13.1,63.7,2,2,8.99,11.31,MEDIUM
2026-02-16 10:00:00,10,16,2,0,0,11.7,57.7,1,2,7.59,8.99,MEDIUM
2026-02-16 11:00:00,11,16,2,0,0,12.1,74.4,2,0,6.38,7.59,MEDIUM
2026-02-16 12:00:00,12,16,2,0,0,17.9,69.9,4,0,5.85,6.38,LOW
2026-02-16 13:00:00,13,16,2,0,0,10.5,67.7,1,1,5.24,5.85,LOW
2026-02-16 14:00:00,14,16,2,0,0,11.7,63.9,2,1,5.59,5.24,LOW
2026-02-16 15:00:00,15,16,2,0,0,18.9,56.5,2,3,5.88,5.59,LOW
2026-02-16 16:00:00,16,16,2,0,0,14.6,62.0,2,1,5.99,5.88,LOW
2026-02-16 17:00:00,17,16,2,0,0,13.3,72.5,3,4,10.38,5.99,MEDIUM
2026-02-16 18:00:00,18,16,2,0,0,10.1,69.2,4,5,14.71,10.38,HIGH
2026-02-16 19:00:00,19,16,2,0,0,13.2,63.9,5,7,19.65,14.71,HIGH
2026-02-16 20:00:00,20,16,2,0,0,12.3,68.6,5,6,20.25,19.65,HIGH
2026-02-16 21:00:00,21,16,2,0,0,6.9,68.5,5,6,21.51,20.25,HIGH
2026-02-16 22:00:00,22,16,2,0,0,8.0,67.2,7,10,20.02,21.51,HIGH
2026-02-16 23:00:00,23,16,2,0,0,6.3,71.4,2,0,11.51,20.02,HIGH
2026-02-17 00:00:00,0,17,2,1,0,6.7,68.4,3,1,8.29,11.51,MEDIUM
2026-02-17 01:00:00,1,17,2,1,0,2.5,72.2,2,0,5.4,8.29,LOW
2026-02-17 02:00:00,2,17,2,1,0,7.9,65.8,2,2,4.45,5.4,LOW
2026-02-17 03:00:00,3,17,2,1,0,6.9,63.7,3,2,4.38,4.45,LOW
2026-02-17 04:00:00,4,17,2,1,0,3.9,63.2,3,2,4.32,4.38,LOW
2026-02-17 05:00:00,5,17,2,1,0,4.7,62.1,6,2,5.12,4.32,LOW
2026-02-17 06:00:00,6,17,2,1,0,5.7,56.1,2,1,5.69,5.12,LOW
2026-02-17 07:00:00,7,17,2,1,0,5.2,60.4,5,0,6.22,5.69,LOW
2026-02-17 08:00:00,8,17,2,1,0,7.2,59.5,4,1,8.53,6.22,MEDIUM
2026-02-17 09:00:00,9,17,2,1,0,8.9,61.4,2,0,7.0,8.53,MEDIUM
2026-02-17 10:00:00,10,17,2,1,0,14.9,71.4,1,0,5.15,7.0,LOW
2026-02-17 11:00:00,11,17,2,1,0,14.5,61.3,5,2,7.61,5.15,MEDIUM
2026-02-17 12:00:00,12,17,2,1,0,15.5,63.3,1,1,5.83,7.61,LOW
2026-02-17 13:00:00,13,17,2,1,0,14.9,63.7,2,1,5.49,5.83,LOW
2026-02-17 14:00:00,14,17,2,1,0,11.6,72.9,6,2,9.29,5.49,MEDIUM
2026-02-17 15:00:00,15,17,2,1,0,14.5,58.7,3,2,8.23,9.29,MEDIUM
2026-02-17 16:00:00,16,17,2,1,0,16.9,59.9,2,2,6.76,8.23,MEDIUM
2026-02-17 17:00:00,17,17,2,1,0,10.8,63.0,2,5,12.06,6.76,HIGH
2026-02-17 18:00:00,18,17,2,1,0,14.7,68.9,6,8,19.45,12.06,HIGH
2026-02-17 19:00:00,19,17,2,1,0,17.9,68.9,5,4,17.51,19.45,HIGH
2026-02-17 20:00:00,20,17,2,1,0,13.6,65.4,5,5,17.65,17.51,HIGH
2026-02-17 21:00:00,21,17,2,1,0,13.1,70.2,4,6,18.4,17.65,HIGH
2026-02-17 22:00:00,22,17,2,1,0,8.9,65.5,6,4,14.22,18.4,HIGH
2026-02-17 23:00:00,23,17,2,1,0,9.5,63.2,2,3,10.65,14.22,MEDIUM
2026-02-18 00:00:00,0,18,2,2,0,4.3,73.4,2,2,9.14,10.65,MEDIUM
2026-02-18 01:00:00,1,18,2,2,0,7.3,68.0,3,2,6.21,9.14,LOW
2026-02-18 02:00:00,2,18,2,2,0,6.4,61.0,3,6,6.28,6.21,MEDIUM
2026-02-18 03:00:00,3,18,2,2,0,5.3,71.9,4,0,4.71,6.28,LOW
2026-02-18 04:00:00,4,18,2,2,0,8.1,63.5,2,1,3.25,4.71,LOW
2026-02-18 05:00:00,5,18,2,2,0,3.9,64.5,3,2,3.74,3.25,LOW
2026-02-18 06:00:00,6,18,2,2,0,5.6,71.1,3,1,4.95,3.74,LOW
2026-02-18 07:00:00,7,18,2,2,0,7.3,64.5,4,1,5.83,4.95,LOW
2026-02-18 08:00:00,8,18,2,2,0,5.7,68.1,5,3,10.1,5.83,MEDIUM
2026-02-18 09:00:00,9,18,2,2,0,10.2,67.9,4,2,10.61,10.1,MEDIUM
2026-02-18 10:00:00,10,18,2,2,0,6.6,60.7,1,3,9.91,10.61,MEDIUM
2026-02-18 11:00:00,11,18,2,2,0,14.7,64.4,3,3,9.27,9.91,MEDIUM
2026-02-18 12:00:00,12,18,2,2,0,13.3,70.8,1,2,7.71,9.27,MEDIUM
2026-02-18 13:00:00,13,18,2,2,0,12.6,57.2,1,5,8.95,7.71,MEDIUM
2026-02-18 14:00:00,14,18,2,2,0,12.4,65.7,1,0,6.78,8.95,MEDIUM
2026-02-18 15:00:00,15,18,2,2,0,14.0,57.4,4,1,7.26,6.78,MEDIUM
2026-02-18 16:00:00,16,18,2,2,0,16.2,67.6,2,1,5.01,7.26,LOW
2026-02-18 17:00:00,17,18,2,2,0,15.3,68.0,2,1,5.58,5.01,LOW
2026-02-18 18:00:00,18,18,2,2,0,11.4,61.3,4,1,8.99,5.58,MEDIUM
2026-02-18 19:00:00,19,18,2,2,0,10.0,77.3,5,2,12.24,8.99,HIGH
2026-02-18 20:00:00,20,18,2,2,0,12.5,69.6,4,6,16.19,12.24,HIGH
2026-02-18 21:00:00,21,18,2,2,0,7.8,69.1,4,7,20.26,16.19,HIGH
2026-02-18 22:00:00,22,18,2,2,0,8.5,68.5,4,10,17.37,20.26,HIGH
2026-02-18 23:00:00,23,18,2,2,0,7.4,70.9,3,3,12.0,17.37,HIGH
2026-02-19 00:00:00,0,19,2,3,0,6.9,59.3,2,2,8.43,12.0,MEDIUM
2026-02-19 01:00:00,1,19,2,3,0,7.4,66.2,2,4,6.1,8.43,LOW
2026-02-19 02:00:00,2,19,2,3,0,1.6,69.7,2,2,5.51,6.1,LOW
2026-02-19 03:00:00,3,19,2,3,0,-0.2,65.7,3,2,5.2,5.51,LOW
2026-02-19 04:00:00,4,19,2,3,0,3.4,69.4,2,2,4.6,5.2,LOW
2026-02-19 05:00:00,5,19,2,3,0,9.8,71.5,3,2,3.77,4.6,LOW
2026-02-19 06:00:00,6,19,2,3,0,11.1,61.0,3,1,4.85,3.77,LOW
2026-02-19 07:00:00,7,19,2,3,0,11.7,63.0,8,1,6.82,4.85,MEDIUM
2026-02-19 08:00:00,8,19,2,3,0,7.8,60.0,6,0,8.39,6.82,MEDIUM
2026-02-19 09:00:00,9,19,2,3,0,5.2,55.2,1,1,7.77,8.39,MEDIUM
2026-02-19 10:00:00,10,19,2,3,0,5.0,70.7,1,3,8.88,7.77,MEDIUM
2026-02-19 11:00:00,11,19,2,3,0,10.6,63.6,2,1,7.77,8.88,MEDIUM
2026-02-19 12:00:00,12,19,2,3,0,12.6,63.2,2,2,7.35,7.77,MEDIUM
2026-02-19 13:00:00,13,19,2,3,0,17.2,55.2,3,3,8.34,7.35,MEDIUM
2026-02-19 14:00:00,14,19,2,3,0,16.6,60.2,3,3,8.55,8.34,MEDIUM
2026-02-19 15:00:00,15,19,2,3,0,15.2,68.5,1,2,6.53,8.55,MEDIUM
2026-02-19 16:00:00,16,19,2,3,0,12.2,63.1,3,0,5.73,6.53,LOW
2026-02-19 17:00:00,17,19,2,3,0,11.5,63.6,1,2,7.11,5.73,MEDIUM
2026-02-19 18:00:00,18,19,2,3,0,13.8,63.7,4,7,15.06,7.11,HIGH
2026-02-19 19:00:00,19,19,2,3,0,13.9,55.0,4,2,13.78,15.06,HIGH
2026-02-19 20:00:00,20,19,2,3,0,11.9,67.0,5,7,18.38,13.78,HIGH
2026-02-19 21:00:00,21,19,2,3,0,7.0,57.7,6,4,19.47,18.38,HIGH
2026-02-19 22:00:00,22,19,2,3,0,9.9,58.4,4,2,13.2,19.47,HIGH
2026-02-19 23:00:00,23,19,2,3,0,8.2,58.4,2,4,10.44,13.2,MEDIUM
2026-02-20 00:00:00,0,20,2,4,0,3.4,65.6,3,3,9.57,10.44,MEDIUM
2026-02-20 01:00:00,1,20,2,4,0,3.3,64.6,2,1,6.28,9.57,MEDIUM
2026-02-20 02:00:00,2,20,2,4,0,6.5,65.4,2,0,3.63,6.28,LOW
2026-02-20 03:00:00,3,20,2,4,0,4.0,61.0,2,2,3.88,3.63,LOW
2026-02-20 04:00:00,4,20,2,4,0,8.8,70.5,2,2,3.62,3.88,LOW
2026-02-20 05:00:00,5,20,2,4,0,6.5,70.4,2,2,3.61,3.62,LOW
2026-02-20 06:00:00,6,20,2,4,0,4.9,65.0,2,1,5.18,3.61,LOW
2026-02-20 07:00:00,7,20,2,4,0,7.1,62.3,5,3,7.64,5.18,MEDIUM
2026-02-20 08:00:00,8,20,2,4,0,8.5,61.1,6,0,8.74,7.64,MEDIUM
2026-02-20 09:00:00,9,20,2,4,0,7.8,63.0,1,2,8.1,8.74,MEDIUM
2026-02-20 10:00:00,10,20,2,4,0,8.6,56.2,1,0,5.34,8.1,LOW
2026-02-20 11:00:00,11,20,2,4,0,13.9,56.7,3,1,6.27,5.34,MEDIUM
2026-02-20 12:00:00,12,20,2,4,0,15.3,67.0,1,1,5.2,6.27,LOW
2026-02-20 13:00:00,13,20,2,4,0,15.4,63.7,2,3,6.8,5.2,MEDIUM
2026-02-20 14:00:00,14,20,2,4,0,18.2,70.5,3,3,7.69,6.8,MEDIUM
2026-02-20 15:00:00,15,20,2,4,0,13.3,60.9,2,1,6.96,7.69,MEDIUM
2026-02-20 16:00:00,16,20,2,4,0,18.6,58.4,2,1,5.49,6.96,LOW
2026-02-20 17:00:00,17,20,2,4,0,11.7,60.9,1,8,13.13,5.49,HIGH
2026-02-20 18:00:00,18,20,2,4,0,10.6,61.8,5,2,13.09,13.13,HIGH
2026-02-20 19:00:00,19,20,2,4,0,7.7,61.0,6,1,13.55,13.09,HIGH
2026-02-20 20:00:00,20,20,2,4,0,9.8,65.7,4,6,17.32,13.55,HIGH
2026-02-20 21:00:00,21,20,2,4,0,8.3,64.9,5,3,17.12,17.32,HIGH
2026-02-20 22:00:00,22,20,2,4,0,9.6,61.1,5,6,14.26,17.12,HIGH
2026-02-20 23:00:00,23,20,2,4,0,7.7,72.4,4,3,11.26,14.26,HIGH
2026-02-21 00:00:00,0,21,2,5,1,3.1,78.1,2,3,10.12,11.26,MEDIUM
2026-02-21 01:00:00,1,21,2,5,1,4.3,73.3,5,2,8.01,10.12,MEDIUM
2026-02-21 02:00:00,2,21,2,5,1,3.8,69.8,4,5,7.43,8.01,MEDIUM
2026-02-21 03:00:00,3,21,2,5,1,0.2,72.5,3,4,7.35,7.43,MEDIUM
2026-02-21 04:00:00,4,21,2,5,1,2.3,78.2,4,1,5.91,7.35,LOW
2026-02-21 05:00:00,5,21,2,5,1,3.4,71.2,3,2,5.45,5.91,LOW
2026-02-21 06:00:00,6,21,2,5,1,9.7,60.6,4,0,5.94,5.45,LOW
2026-02-21 07:00:00,7,21,2,5,1,7.6,67.3,5,6,10.8,5.94,MEDIUM
2026-02-21 08:00:00,8,21,2,5,1,10.0,67.8,5,2,11.48,10.8,HIGH
2026-02-21 09:00:00,9,21,2,5,1,5.9,59.7,4,1,11.18,11.48,HIGH
2026-02-21 10:00:00,10,21,2,5,1,13.9,60.7,6,3,12.12,11.18,HIGH
2026-02-21 11:00:00,11,21,2,5,1,15.4,68.4,4,1,10.5,12.12,MEDIUM
2026-02-21 12:00:00,12,21,2,5,1,8.1,53.8,7,2,12.16,10.5,HIGH
2026-02-21 13:00:00,13,21,2,5,1,12.2,55.6,6,3,13.89,12.16,HIGH
2026-02-21 14:00:00,14,21,2,5,1,15.7,60.7,5,3,13.12,13.89,HIGH
2026-02-21 15:00:00,15,21,2,5,1,16.2,63.6,6,4,13.6,13.12,HIGH
2026-02-21 16:00:00,16,21,2,5,1,12.7,54.8,6,5,16.05,13.6,HIGH
2026-02-21 17:00:00,17,21,2,5,1,13.2,62.0,6,4,18.4,16.05,HIGH
2026-02-21 18:00:00,18,21,2,5,1,11.6,70.3,6,6,22.85,18.4,HIGH
2026-02-21 19:00:00,19,21,2,5,1,12.4,63.5,5,5,22.34,22.85,HIGH
2026-02-21 20:00:00,20,21,2,5,1,13.9,68.1,8,4,23.32,22.34,HIGH
2026-02-21 21:00:00,21,21,2,5,1,7.7,61.4,5,2,20.01,23.32,HIGH
2026-02-21 22:00:00,22,21,2,5,1,10.8,58.8,6,6,17.57,20.01,HIGH
2026-02-21 23:00:00,23,21,2,5,1,5.2,71.0,2,1,11.24,17.57,HIGH
2026-02-22 00:00:00,0,22,2,6,1,4.0,68.6,3,3,10.44,11.24,MEDIUM
2026-02-22 01:00:00,1,22,2,6,1,7.3,58.0,2,1,6.39,10.44,MEDIUM
2026-02-22 02:00:00,2,22,2,6,1,7.1,60.4,2,1,4.61,6.39,LOW
2026-02-22 03:00:00,3,22,2,6,1,6.7,74.7,3,0,3.44,4.61,LOW
2026-02-22 04:00:00,4,22,2,6,1,1.5,61.9,3,3,3.96,3.44,LOW
2026-02-22 05:00:00,5,22,2,6,1,4.1,72.0,3,3,4.88,3.96,LOW
2026-02-22 06:00:00,6,22,2,6,1,8.1,61.9,2,4,7.53,4.88,MEDIUM
2026-02-22 07:00:00,7,22,2,6,1,7.2,65.1,5,3,10.1,7.53,MEDIUM
2026-02-22 08:00:00,8,22,2,6,1,5.6,67.5,4,2,12.12,10.1,HIGH
2026-02-22 09:00:00,9,22,2,6,1,10.8,51.1,5,1,11.38,12.12,HIGH
2026-02-22 10:00:00,10,22,2,6,1,9.1,55.6,4,5,14.06,11.38,HIGH
2026-02-22 11:00:00,11,22,2,6,1,16.6,61.9,4,3,12.73,14.06,HIGH
2026-02-22 12:00:00,12,22,2,6,1,17.0,56.9,4,7,14.99,12.73,HIGH
2026-02-22 13:00:00,13,22,2,6,1,15.4,67.8,4,8,17.85,14.99,HIGH
2026-02-22 14:00:00,14,22,2,6,1,17.8,51.2,5,3,13.98,17.85,HIGH
2026-02-22 15:00:00,15,22,2,6,1,14.8,65.5,4,5,15.13,13.98,HIGH
2026-02-22 16:00:00,16,22,2,6,1,16.4,53.2,6,1,11.99,15.13,HIGH
2026-02-22 17:00:00,17,22,2,6,1,17.6,58.8,5,5,15.9,11.99,HIGH
2026-02-22 18:00:00,18,22,2,6,1,13.8,56.1,5,9,22.96,15.9,HIGH
2026-02-22 19:00:00,19,22,2,6,1,11.5,74.8,5,3,20.33,22.96,HIGH
2026-02-22 20:00:00,20,22,2,6,1,6.6,57.3,5,5,22.75,20.33,HIGH
2026-02-22 21:00:00,21,22,2,6,1,9.4,63.5,5,4,21.63,22.75,HIGH
2026-02-22 22:00:00,22,22,2,6,1,10.4,53.5,5,4,15.77,21.63,HIGH
2026-02-22 23:00:00,23,22,2,6,1,9.5,73.8,5,4,13.17,15.77,HIGH
2026-02-23 00:00:00,0,23,2,0,0,7.3,67.5,4,1,9.79,13.17,MEDIUM
2026-02-23 01:00:00,1,23,2,0,0,3.9,67.3,3,2,6.92,9.79,MEDIUM
2026-02-23 02:00:00,2,23,2,0,0,-0.2,76.9,2,2,5.52,6.92,LOW
2026-02-23 03:00:00,3,23,2,0,0,3.4,67.5,2,2,4.81,5.52,LOW
2026-02-23 04:00:00,4,23,2,0,0,4.0,67.7,3,3,4.31,4.81,LOW
2026-02-23 05:00:00,5,23,2,0,0,4.5,67.0,2,3,4.03,4.31,LOW
2026-02-23 06:00:00,6,23,2,0,0,7.6,68.3,5,0,5.32,4.03,LOW
2026-02-23 07:00:00,7,23,2,0,0,12.1,60.2,5,0,5.87,5.32,LOW
2026-02-23 08:00:00,8,23,2,0,0,8.6,63.3,5,5,11.72,5.87,HIGH
2026-02-23 09:00:00,9,23,2,0,0,9.1,69.2,2,1,9.3,11.72,MEDIUM
2026-02-23 10:00:00,10,23,2,0,0,10.3,65.5,3,0,7.75,9.3,MEDIUM
2026-02-23 11:00:00,11,23,2,0,0,12.4,62.4,1,3,7.38,7.75,MEDIUM
2026-02-23 12:00:00,12,23,2,0,0,11.1,55.2,2,1,6.73,7.38,MEDIUM
2026-02-23 13:00:00,13,23,2,0,0,14.2,71.3,2,1,5.42,6.73,LOW
2026-02-23 14:00:00,14,23,2,0,0,15.6,57.8,3,1,5.95,5.42,LOW
2026-02-23 15:00:00,15,23,2,0,0,15.1,67.9,2,3,6.95,5.95,MEDIUM
2026-02-23 16:00:00,16,23,2,0,0,15.6,62.8,1,1,5.94,6.95,LOW
2026-02-23 17:00:00,17,23,2,0,0,15.0,54.2,2,7,12.54,5.94,HIGH
2026-02-23 18:00:00,18,23,2,0,0,8.7,72.0,4,3,13.97,12.54,HIGH
2026-02-23 19:00:00,19,23,2,0,0,13.7,64.0,6,5,17.17,13.97,HIGH
2026-02-23 20:00:00,20,23,2,0,0,9.2,72.3,4,6,19.08,17.17,HIGH
2026-02-23 21:00:00,21,23,2,0,0,6.9,64.1,4,4,18.24,19.08,HIGH
2026-02-23 22:00:00,22,23,2,0,0,5.6,70.0,4,8,16.21,18.24,HIGH
2026-02-23 23:00:00,23,23,2,0,0,8.2,54.1,2,1,9.75,16.21,MEDIUM
2026-02-24 00:00:00,0,24,2,1,0,5.5,62.8,3,5,10.19,9.75,MEDIUM
2026-02-24 01:00:00,1,24,2,1,0,1.1,59.9,4,1,6.24,10.19,MEDIUM
2026-02-24 02:00:00,2,24,2,1,0,6.0,63.4,2,1,4.47,6.24,LOW
2026-02-24 03:00:00,3,24,2,1,0,1.0,70.4,4,0,3.82,4.47,LOW
2026-02-24 04:00:00,4,24,2,1,0,5.1,62.3,2,3,3.51,3.82,LOW
2026-02-24 05:00:00,5,24,2,1,0,5.9,70.8,2,4,4.38,3.51,LOW
2026-02-24 06:00:00,6,24,2,1,0,8.3,59.5,3,4,6.28,4.38,MEDIUM
2026-02-24 07:00:00,7,24,2,1,0,11.6,68.7,6,2,7.74,6.28,MEDIUM
2026-02-24 08:00:00,8,24,2,1,0,4.9,73.9,5,2,10.63,7.74,MEDIUM
2026-02-24 09:00:00,9,24,2,1,0,9.5,70.3,3,7,13.46,10.63,HIGH
2026-02-24 10:00:00,10,24,2,1,0,10.2,61.9,1,5,12.05,13.46,HIGH
2026-02-24 11:00:00,11,24,2,1,0,13.2,50.0,2,1,8.56,12.05,MEDIUM
2026-02-24 12:00:00,12,24,2,1,0,13.7,66.0,2,1,6.91,8.56,MEDIUM
2026-02-24 13:00:00,13,24,2,1,0,13.1,62.0,1,3,7.49,6.91,MEDIUM
2026-02-24 14:00:00,14,24,2,1,0,13.3,56.8,2,0,5.87,7.49,LOW
2026-02-24 15:00:00,15,24,2,1,0,11.8,59.9,2,1,6.27,5.87,MEDIUM
2026-02-24 16:00:00,16,24,2,1,0,16.9,69.8,1,4,7.54,6.27,MEDIUM
2026-02-24 17:00:00,17,24,2,1,0,15.1,55.1,1,5,10.39,7.54,MEDIUM
2026-02-24 18:00:00,18,24,2,1,0,15.4,64.6,5,7,16.52,10.39,HIGH
2026-02-24 19:00:00,19,24,2,1,0,11.3,64.8,7,6,20.64,16.52,HIGH
2026-02-24 20:00:00,20,24,2,1,0,9.3,62.1,5,7,22.37,20.64,HIGH
2026-02-24 21:00:00,21,24,2,1,0,6.9,69.1,4,4,20.51,22.37,HIGH
2026-02-24 22:00:00,22,24,2,1,0,9.2,74.1,6,3,14.56,20.51,HIGH
2026-02-24 23:00:00,23,24,2,1,0,4.5,64.4,3,0,10.02,14.56,MEDIUM
2026-02-25 00:00:00,0,25,2,2,0,10.7,62.3,2,0,6.28,10.02,MEDIUM
2026-02-25 01:00:00,1,25,2,2,0,2.0,70.9,2,2,5.4,6.28,LOW
2026-02-25 02:00:00,2,25,2,2,0,5.5,71.3,2,0,4.05,5.4,LOW
2026-02-25 03:00:00,3,25,2,2,0,8.5,63.8,2,5,4.47,4.05,LOW
2026-02-25 04:00:00,4,25,2,2,0,6.3,63.6,6,4,5.48,4.47,LOW
2026-02-25 05:00:00,5,25,2,2,0,5.7,52.4,3,1,3.92,5.48,LOW
2026-02-25 06:00:00,6,25,2,2,0,3.7,61.9,3,1,5.7,3.92,LOW
2026-02-25 07:00:00,7,25,2,2,0,3.7,59.7,5,4,9.19,5.7,MEDIUM
2026-02-25 08:00:00,8,25,2,2,0,10.2,68.0,4,1,9.31,9.19,MEDIUM
2026-02-25 09:00:00,9,25,2,2,0,13.4,61.2,3,1,7.66,9.31,MEDIUM
2026-02-25 10:00:00,10,25,2,2,0,9.8,62.4,1,1,7.22,7.66,MEDIUM
2026-02-25 11:00:00,11,25,2,2,0,9.3,64.2,2,2,7.58,7.22,MEDIUM
2026-02-25 12:00:00,12,25,2,2,0,7.0,60.0,2,2,8.06,7.58,MEDIUM
2026-02-25 13:00:00,13,25,2,2,0,11.5,72.7,3,0,6.77,8.06,MEDIUM
2026-02-25 14:00:00,14,25,2,2,0,14.2,70.1,2,4,8.31,6.77,MEDIUM
2026-02-25 15:00:00,15,25,2,2,0,18.6,70.3,2,1,5.6,8.31,LOW
2026-02-25 16:00:00,16,25,2,2,0,16.1,65.7,3,2,6.08,5.6,LOW
2026-02-25 17:00:00,17,25,2,2,0,14.7,61.9,3,0,5.7,6.08,LOW
2026-02-25 18:00:00,18,25,2,2,0,12.1,72.8,5,5,13.36,5.7,HIGH
2026-02-25 19:00:00,19,25,2,2,0,10.6,59.7,6,5,18.16,13.36,HIGH
2026-02-25 20:00:00,20,25,2,2,0,14.4,57.0,5,5,18.03,18.16,HIGH
2026-02-25 21:00:00,21,25,2,2,0,10.1,60.4,4,7,20.35,18.03,HIGH
2026-02-25 22:00:00,22,25,2,2,0,3.1,69.9,4,5,15.45,20.35,HIGH
2026-02-25 23:00:00,23,25,2,2,0,5.4,61.3,2,0,9.73,15.45,MEDIUM
2026-02-26 00:00:00,0,26,2,3,0,3.9,65.5,4,4,10.33,9.73,MEDIUM
2026-02-26 01:00:00,1,26,2,3,0,3.9,56.8,3,2,7.23,10.33,MEDIUM
2026-02-26 02:00:00,2,26,2,3,0,6.2,68.4,3,2,5.04,7.23,LOW
2026-02-26 03:00:00,3,26,2,3,0,4.3,57.2,2,2,4.27,5.04,LOW
2026-02-26 04:00:00,4,26,2,3,0,4.6,60.6,3,2,4.05,4.27,LOW
2026-02-26 05:00:00,5,26,2,3,0,8.6,71.9,2,0,2.95,4.05,LOW
2026-02-26 06:00:00,6,26,2,3,0,4.3,73.4,2,4,6.73,2.95,MEDIUM
2026-02-26 07:00:00,7,26,2,3,0,11.8,65.5,6,4,8.61,6.73,MEDIUM
2026-02-26 08:00:00,8,26,2,3,0,6.6,67.0,4,1,8.97,8.61,MEDIUM
2026-02-26 09:00:00,9,26,2,3,0,9.8,60.9,1,1,6.77,8.97,MEDIUM
2026-02-26 10:00:00,10,26,2,3,0,10.2,59.3,1,4,9.1,6.77,MEDIUM
2026-02-26 11:00:00,11,26,2,3,0,12.4,60.9,9,3,12.51,9.1,HIGH
2026-02-26 12:00:00,12,26,2,3,0,14.3,53.2,1,1,8.14,12.51,MEDIUM
2026-02-26 13:00:00,13,26,2,3,0,15.0,63.5,2,2,6.73,8.14,MEDIUM
2026-02-26 14:00:00,14,26,2,3,0,12.6,63.3,3,3,8.47,6.73,MEDIUM
2026-02-26 15:00:00,15,26,2,3,0,11.8,57.7,1,2,6.89,8.47,MEDIUM
2026-02-26 16:00:00,16,26,2,3,0,20.7,69.1,1,2,5.71,6.89,LOW
2026-02-26 17:00:00,17,26,2,3,0,12.7,66.6,3,3,9.6,5.71,MEDIUM
2026-02-26 18:00:00,18,26,2,3,0,14.9,66.2,5,2,11.22,9.6,HIGH
2026-02-26 19:00:00,19,26,2,3,0,8.1,61.8,5,5,16.68,11.22,HIGH
2026-02-26 20:00:00,20,26,2,3,0,10.2,63.9,6,5,19.37,16.68,HIGH
2026-02-26 21:00:00,21,26,2,3,0,9.3,68.0,9,3,20.61,19.37,HIGH
2026-02-26 22:00:00,22,26,2,3,0,9.5,65.1,5,8,17.37,20.61,HIGH
2026-02-26 23:00:00,23,26,2,3,0,0.3,77.5,2,3,12.88,17.37,HIGH
2026-02-27 00:00:00,0,27,2,4,0,6.5,64.2,3,3,10.69,12.88,MEDIUM
2026-02-27 01:00:00,1,27,2,4,0,2.4,64.0,3,1,6.35,10.69,MEDIUM
2026-02-27 02:00:00,2,27,2,4,0,5.6,69.6,3,3,5.38,6.35,LOW
2026-02-27 03:00:00,3,27,2,4,0,2.0,59.6,7,1,5.4,5.38,LOW
2026-02-27 04:00:00,4,27,2,4,0,2.6,72.5,3,2,4.68,5.4,LOW
2026-02-27 05:00:00,5,27,2,4,0,4.6,58.4,3,3,4.99,4.68,LOW
2026-02-27 06:00:00,6,27,2,4,0,3.4,70.5,4,2,6.82,4.99,MEDIUM
2026-02-27 07:00:00,7,27,2,4,0,5.9,61.8,4,1,7.22,6.82,MEDIUM
2026-02-27 08:00:00,8,27,2,4,0,5.3,68.7,6,2,10.41,7.22,MEDIUM
2026-02-27 09:00:00,9,27,2,4,0,5.0,71.4,4,3,12.29,10.41,HIGH
2026-02-27 10:00:00,10,27,2,4,0,13.4,63.6,1,0,7.33,12.29,MEDIUM
2026-02-27 11:00:00,11,27,2,4,0,8.9,57.2,2,1,6.47,7.33,MEDIUM
2026-02-27 12:00:00,12,27,2,4,0,12.7,57.5,5,0,7.36,6.47,MEDIUM
2026-02-27 13:00:00,13,27,2,4,0,15.8,57.3,1,1,5.57,7.36,LOW
2026-02-27 14:00:00,14,27,2,4,0,12.9,51.5,1,1,5.06,5.57,LOW
2026-02-27 15:00:00,15,27,2,4,0,12.5,69.8,3,2,6.63,5.06,MEDIUM
2026-02-27 16:00:00,16,27,2,4,0,15.0,62.7,1,0,4.09,6.63,LOW
2026-02-27 17:00:00,17,27,2,4,0,16.7,54.5,1,3,6.59,4.09,MEDIUM
2026-02-27 18:00:00,18,27,2,4,0,10.2,72.7,6,3,12.22,6.59,HIGH
2026-02-27 19:00:00,19,27,2,4,0,11.7,59.1,4,2,12.07,12.22,HIGH
2026-02-27 20:00:00,20,27,2,4,0,6.6,66.9,5,6,18.43,12.07,HIGH
2026-02-27 21:00:00,21,27,2,4,0,8.6,59.6,4,6,19.37,18.43,HIGH
2026-02-27 22:00:00,22,27,2,4,0,8.4,52.5,4,6,14.73,19.37,HIGH
2026-02-27 23:00:00,23,27,2,4,0,5.0,57.8,3,1,10.4,14.73,MEDIUM
2026-02-28 00:00:00,0,28,2,5,1,4.9,63.3,4,4,11.19,10.4,HIGH
2026-02-28 01:00:00,1,28,2,5,1,1.8,72.7,2,2,8.15,11.19,MEDIUM
2026-02-28 02:00:00,2,28,2,5,1,5.0,68.1,4,4,7.05,8.15,MEDIUM
2026-02-28 03:00:00,3,28,2,5,1,7.2,66.0,3,7,6.74,7.05,MEDIUM
2026-02-28 04:00:00,4,28,2,5,1,2.0,55.1,4,5,7.45,6.74,MEDIUM
2026-02-28 05:00:00,5,28,2,5,1,3.7,74.1,6,3,6.66,7.45,MEDIUM
2026-02-28 06:00:00,6,28,2,5,1,7.3,66.4,2,5,8.64,6.66,MEDIUM
2026-02-28 07:00:00,7,28,2,5,1,10.1,63.2,4,3,9.02,8.64,MEDIUM
2026-02-28 08:00:00,8,28,2,5,1,4.6,73.0,4,4,13.33,9.02,HIGH
2026-02-28 09:00:00,9,28,2,5,1,9.2,71.8,5,6,16.96,13.33,HIGH
2026-02-28 10:00:00,10,28,2,5,1,11.6,70.3,5,2,14.72,16.96,HIGH
2026-02-28 11:00:00,11,28,2,5,1,11.9,61.8,4,3,12.58,14.72,HIGH
2026-02-28 12:00:00,12,28,2,5,1,7.0,59.2,6,8,18.92,12.58,HIGH
2026-02-28 13:00:00,13,28,2,5,1,15.2,67.9,5,3,15.85,18.92,HIGH
2026-02-28 14:00:00,14,28,2,5,1,18.2,52.5,5,7,16.85,15.85,HIGH
2026-02-28 15:00:00,15,28,2,5,1,14.9,73.7,6,5,17.15,16.85,HIGH
2026-02-28 16:00:00,16,28,2,5,1,11.9,63.4,6,4,17.27,17.15,HIGH
2026-02-28 17:00:00,17,28,2,5,1,12.7,56.6,4,5,18.86,17.27,HIGH
2026-02-28 18:00:00,18,28,2,5,1,17.6,53.6,4,2,14.83,18.86,HIGH
2026-02-28 19:00:00,19,28,2,5,1,14.4,54.6,4,6,18.54,14.83,HIGH
2026-02-28 20:00:00,20,28,2,5,1,12.5,63.8,6,3,19.34,18.54,HIGH
2026-02-28 21:00:00,21,28,2,5,1,10.5,63.8,5,5,20.67,19.34,HIGH
2026-02-28 22:00:00,22,28,2,5,1,6.7,57.9,4,6,17.61,20.67,HIGH
2026-02-28 23:00:00,23,28,2,5,1,6.6,63.2,3,3,13.08,17.61,HIGH
2026-03-01 00:00:00,0,1,3,6,1,10.3,55.7,2,2,9.37,13.08,MEDIUM
2026-03-01 01:00:00,1,1,3,6,1,11.0,67.1,5,3,6.9,9.37,MEDIUM
2026-03-01 02:00:00,2,1,3,6,1,12.9,62.5,3,1,4.33,6.9,LOW
2026-03-01 03:00:00,3,1,3,6,1,11.8,61.0,6,3,4.28,4.33,LOW
2026-03-01 04:00:00,4,1,3,6,1,5.6,58.0,3,3,5.18,4.28,LOW
2026-03-01 05:00:00,5,1,3,6,1,10.2,62.1,3,1,3.36,5.18,LOW
2026-03-01 06:00:00,6,1,3,6,1,12.3,60.6,3,5,7.29,3.36,MEDIUM
2026-03-01 07:00:00,7,1,3,6,1,13.0,64.7,5,3,8.47,7.29,MEDIUM
2026-03-01 08:00:00,8,1,3,6,1,11.1,64.6,5,6,14.29,8.47,HIGH
2026-03-01 09:00:00,9,1,3,6,1,21.3,64.2,5,3,12.15,14.29,HIGH
2026-03-01 10:00:00,10,1,3,6,1,12.1,60.3,5,4,13.56,12.15,HIGH
2026-03-01 11:00:00,11,1,3,6,1,13.8,51.3,5,3,13.44,13.56,HIGH
2026-03-01 12:00:00,12,1,3,6,1,18.1,66.7,6,3,13.21,13.44,HIGH
2026-03-01 13:00:00,13,1,3,6,1,23.6,52.9,4,4,12.37,13.21,HIGH
2026-03-01 14:00:00,14,1,3,6,1,16.7,54.7,6,3,12.91,12.37,HIGH
2026-03-01 15:00:00,15,1,3,6,1,18.3,60.4,4,2,11.26,12.91,HIGH
2026-03-01 16:00:00,16,1,3,6,1,21.5,61.2,4,4,12.11,11.26,HIGH
2026-03-01 17:00:00,17,1,3,6,1,18.3,57.5,5,2,12.99,12.11,HIGH
2026-03-01 18:00:00,18,1,3,6,1,16.7,58.1,6,5,17.96,12.99,HIGH
2026-03-01 19:00:00,19,1,3,6,1,17.9,58.5,6,5,19.78,17.96,HIGH
2026-03-01 20:00:00,20,1,3,6,1,16.0,70.1,4,2,15.59,19.78,HIGH
2026-03-01 21:00:00,21,1,3,6,1,16.6,61.3,5,7,20.48,15.59,HIGH
2026-03-01 22:00:00,22,1,3,6,1,15.9,55.8,7,12,21.78,20.48,HIGH
2026-03-01 23:00:00,23,1,3,6,1,12.3,57.3,4,2,14.42,21.78,HIGH
2026-03-02 00:00:00,0,2,3,0,0,11.2,62.0,2,0,8.24,14.42,MEDIUM
2026-03-02 01:00:00,1,2,3,0,0,10.2,65.3,3,2,4.85,8.24,LOW
2026-03-02 02:00:00,2,2,3,0,0,10.4,66.7,3,1,4.02,4.85,LOW
2026-03-02 03:00:00,3,2,3,0,0,9.1,65.1,4,1,4.0,4.02,LOW
2026-03-02 04:00:00,4,2,3,0,0,9.2,59.3,3,1,3.24,4.0,LOW
2026-03-02 05:00:00,5,2,3,0,0,12.7,60.4,4,1,2.86,3.24,LOW
2026-03-02 06:00:00,6,2,3,0,0,14.3,66.7,4,3,4.71,2.86,LOW
2026-03-02 07:00:00,7,2,3,0,0,7.7,58.0,7,1,7.51,4.71,MEDIUM
2026-03-02 08:00:00,8,2,3,0,0,12.7,60.1,4,1,7.5,7.51,MEDIUM
2026-03-02 09:00:00,9,2,3,0,0,12.3,66.7,1,2,6.89,7.5,MEDIUM
2026-03-02 10:00:00,10,2,3,0,0,14.5,67.5,1,1,5.02,6.89,LOW
2026-03-02 11:00:00,11,2,3,0,0,17.5,59.8,3,2,5.48,5.02,LOW
2026-03-02 12:00:00,12,2,3,0,0,19.2,57.9,1,2,5.49,5.48,LOW
2026-03-02 13:00:00,13,2,3,0,0,18.0,52.9,1,1,4.05,5.49,LOW
2026-03-02 14:00:00,14,2,3,0,0,14.0,65.6,3,1,5.06,4.05,LOW
2026-03-02 15:00:00,15,2,3,0,0,16.6,69.3,4,2,7.79,5.06,MEDIUM
2026-03-02 16:00:00,16,2,3,0,0,21.1,75.0,1,1,5.71,7.79,LOW
2026-03-02 17:00:00,17,2,3,0,0,11.5,65.7,1,9,14.14,5.71,HIGH
2026-03-02 18:00:00,18,2,3,0,0,20.5,59.5,4,1,11.11,14.14,HIGH
2026-03-02 19:00:00,19,2,3,0,0,17.8,55.4,4,4,12.05,11.11,HIGH
2026-03-02 20:00:00,20,2,3,0,0,18.6,49.3,4,0,8.77,12.05,MEDIUM
2026-03-02 21:00:00,21,2,3,0,0,13.5,63.7,6,1,10.56,8.77,MEDIUM
2026-03-02 22:00:00,22,2,3,0,0,7.6,79.1,8,3,11.57,10.56,HIGH
2026-03-02 23:00:00,23,2,3,0,0,12.6,70.6,6,1,9.81,11.57,MEDIUM
2026-03-03 00:00:00,0,3,3,1,0,13.7,69.2,5,1,7.29,9.81,MEDIUM
2026-03-03 01:00:00,1,3,3,1,0,12.0,64.7,4,0,5.31,7.29,LOW
2026-03-03 02:00:00,2,3,3,1,0,7.5,67.2,3,1,4.4,5.31,LOW
2026-03-03 03:00:00,3,3,3,1,0,9.2,49.8,3,0,2.96,4.4,LOW
2026-03-03 04:00:00,4,3,3,1,0,7.8,69.5,3,2,3.03,2.96,LOW
2026-03-03 05:00:00,5,3,3,1,0,7.6,61.5,2,1,2.62,3.03,LOW
2026-03-03 06:00:00,6,3,3,1,0,12.9,58.6,3,2,4.13,2.62,LOW
2026-03-03 07:00:00,7,3,3,1,0,8.5,62.7,4,1,5.17,4.13,LOW
2026-03-03 08:00:00,8,3,3,1,0,10.5,61.7,5,2,7.66,5.17,MEDIUM
2026-03-03 09:00:00,9,3,3,1,0,11.2,59.2,2,4,9.1,7.66,MEDIUM
2026-03-03 10:00:00,10,3,3,1,0,11.6,63.4,4,2,9.58,9.1,MEDIUM
2026-03-03 11:00:00,11,3,3,1,0,16.9,57.9,1,2,6.79,9.58,MEDIUM
2026-03-03 12:00:00,12,3,3,1,0,20.4,60.4,4,1,6.59,6.79,MEDIUM
2026-03-03 13:00:00,13,3,3,1,0,17.9,51.9,2,3,7.24,6.59,MEDIUM
2026-03-03 14:00:00,14,3,3,1,0,15.1,60.7,1,1,4.91,7.24,LOW
2026-03-03 15:00:00,15,3,3,1,0,21.1,53.0,3,2,5.62,4.91,LOW
2026-03-03 16:00:00,16,3,3,1,0,23.0,55.0,1,4,6.08,5.62,LOW
2026-03-03 17:00:00,17,3,3,1,0,16.7,62.2,1,1,4.76,6.08,LOW
2026-03-03 18:00:00,18,3,3,1,0,16.3,51.9,6,8,16.15,4.76,HIGH
2026-03-03 19:00:00,19,3,3,1,0,17.8,55.9,5,3,14.43,16.15,HIGH
2026-03-03 20:00:00,20,3,3,1,0,19.3,63.7,5,7,18.06,14.43,HIGH
2026-03-03 21:00:00,21,3,3,1,0,12.7,54.4,4,6,18.91,18.06,HIGH
2026-03-03 22:00:00,22,3,3,1,0,9.4,74.9,4,1,12.36,18.91,HIGH
2026-03-03 23:00:00,23,3,3,1,0,13.1,70.0,2,4,9.63,12.36,MEDIUM
2026-03-04 00:00:00,0,4,3,2,0,12.5,60.0,3,3,8.24,9.63,MEDIUM
2026-03-04 01:00:00,1,4,3,2,0,9.7,59.4,2,1,4.57,8.24,LOW
2026-03-04 02:00:00,2,4,3,2,0,7.8,66.1,2,2,3.87,4.57,LOW
2026-03-04 03:00:00,3,4,3,2,0,11.5,54.7,2,1,3.02,3.87,LOW
2026-03-04 04:00:00,4,4,3,2,0,10.5,51.8,2,2,2.67,3.02,LOW
2026-03-04 05:00:00,5,4,3,2,0,7.7,62.2,2,0,1.68,2.67,LOW
2026-03-04 06:00:00,6,4,3,2,0,10.6,63.0,5,3,5.77,1.68,LOW
2026-03-04 07:00:00,7,4,3,2,0,8.1,65.3,6,0,6.94,5.77,MEDIUM
2026-03-04 08:00:00,8,4,3,2,0,14.4,58.6,6,1,7.65,6.94,MEDIUM
2026-03-04 09:00:00,9,4,3,2,0,13.3,70.3,1,2,6.7,7.65,MEDIUM
2026-03-04 10:00:00,10,4,3,2,0,14.2,53.3,1,2,5.33,6.7,LOW
2026-03-04 11:00:00,11,4,3,2,0,16.4,54.6,3,2,6.52,5.33,MEDIUM
2026-03-04 12:00:00,12,4,3,2,0,17.6,63.9,2,1,5.7,6.52,LOW
2026-03-04 13:00:00,13,4,3,2,0,20.6,52.8,2,2,5.61,5.7,LOW
2026-03-04 14:00:00,14,4,3,2,0,20.3,52.7,2,3,6.6,5.61,MEDIUM
2026-03-04 15:00:00,15,4,3,2,0,18.6,61.3,2,1,5.28,6.6,LOW
2026-03-04 16:00:00,16,4,3,2,0,20.7,53.4,2,3,5.9,5.28,LOW
2026-03-04 17:00:00,17,4,3,2,0,19.3,59.5,4,5,11.21,5.9,HIGH
2026-03-04 18:00:00,18,4,3,2,0,16.5,57.2,5,7,16.75,11.21,HIGH
2026-03-04 19:00:00,19,4,3,2,0,16.2,56.4,5,4,16.18,16.75,HIGH
2026-03-04 20:00:00,20,4,3,2,0,14.9,49.4,4,5,16.65,16.18,HIGH
2026-03-04 21:00:00,21,4,3,2,0,15.3,62.7,5,6,18.47,16.65,HIGH
2026-03-04 22:00:00,22,4,3,2,0,11.8,55.8,7,4,14.44,18.47,HIGH
2026-03-04 23:00:00,23,4,3,2,0,10.5,62.8,2,1,8.81,14.44,MEDIUM
2026-03-05 00:00:00,0,5,3,3,0,15.4,58.8,4,1,6.95,8.81,MEDIUM
2026-03-05 01:00:00,1,5,3,3,0,12.0,62.0,3,1,4.74,6.95,LOW
2026-03-05 02:00:00,2,5,3,3,0,7.3,64.2,4,1,4.16,4.74,LOW
2026-03-05 03:00:00,3,5,3,3,0,10.4,65.0,4,0,3.06,4.16,LOW
2026-03-05 04:00:00,4,5,3,3,0,9.5,59.8,4,3,3.42,3.06,LOW
2026-03-05 05:00:00,5,5,3,3,0,10.6,71.2,3,2,3.66,3.42,LOW
2026-03-05 06:00:00,6,5,3,3,0,10.8,52.6,5,0,4.51,3.66,LOW
2026-03-05 07:00:00,7,5,3,3,0,14.5,60.8,5,4,6.96,4.51,MEDIUM
2026-03-05 08:00:00,8,5,3,3,0,13.6,67.6,4,3,8.32,6.96,MEDIUM
2026-03-05 09:00:00,9,5,3,3,0,13.8,65.3,1,3,7.85,8.32,MEDIUM
2026-03-05 10:00:00,10,5,3,3,0,17.9,55.0,1,1,4.83,7.85,LOW
2026-03-05 11:00:00,11,5,3,3,0,17.1,56.3,1,1,3.58,4.83,LOW
2026-03-05 12:00:00,12,5,3,3,0,17.8,54.8,2,3,5.16,3.58,LOW
2026-03-05 13:00:00,13,5,3,3,0,19.1,64.0,1,2,4.97,5.16,LOW
2026-03-05 14:00:00,14,5,3,3,0,18.6,56.1,1,2,4.66,4.97,LOW
2026-03-05 15:00:00,15,5,3,3,0,19.0,61.9,2,0,3.38,4.66,LOW
2026-03-05 16:00:00,16,5,3,3,0,17.4,62.6,1,1,3.91,3.38,LOW
2026-03-05 17:00:00,17,5,3,3,0,16.5,75.6,2,4,8.53,3.91,MEDIUM
2026-03-05 18:00:00,18,5,3,3,0,15.0,63.9,5,2,10.02,8.53,MEDIUM
2026-03-05 19:00:00,19,5,3,3,0,13.0,57.9,4,3,11.78,10.02,HIGH
2026-03-05 20:00:00,20,5,3,3,0,13.1,54.0,4,6,15.25,11.78,HIGH
2026-03-05 21:00:00,21,5,3,3,0,13.6,60.9,4,6,17.23,15.25,HIGH
2026-03-05 22:00:00,22,5,3,3,0,13.0,62.1,5,6,14.49,17.23,HIGH
2026-03-05 23:00:00,23,5,3,3,0,10.8,50.4,4,3,11.09,14.49,HIGH
2026-03-06 00:00:00,0,6,3,4,0,4.6,61.9,4,2,9.53,11.09,MEDIUM
2026-03-06 01:00:00,1,6,3,4,0,13.6,64.3,4,5,6.92,9.53,MEDIUM
2026-03-06 02:00:00,2,6,3,4,0,11.9,60.0,4,2,5.22,6.92,LOW
2026-03-06 03:00:00,3,6,3,4,0,10.1,69.8,3,2,3.66,5.22,LOW
2026-03-06 04:00:00,4,6,3,4,0,13.9,53.1,5,1,3.39,3.66,LOW
2026-03-06 05:00:00,5,6,3,4,0,7.2,69.2,3,4,4.27,3.39,LOW
2026-03-06 06:00:00,6,6,3,4,0,15.2,67.4,3,0,3.34,4.27,LOW
2026-03-06 07:00:00,7,6,3,4,0,9.1,70.1,6,4,7.34,3.34,MEDIUM
2026-03-06 08:00:00,8,6,3,4,0,13.3,53.3,4,2,8.95,7.34,MEDIUM
2026-03-06 09:00:00,9,6,3,4,0,10.8,65.6,2,1,7.64,8.95,MEDIUM
2026-03-06 10:00:00,10,6,3,4,0,15.3,57.9,2,0,4.77,7.64,LOW
2026-03-06 11:00:00,11,6,3,4,0,17.5,52.6,2,1,4.25,4.77,LOW
2026-03-06 12:00:00,12,6,3,4,0,17.1,58.7,4,1,5.48,4.25,LOW
2026-03-06 13:00:00,13,6,3,4,0,20.1,54.5,1,1,4.99,5.48,LOW
2026-03-06 14:00:00,14,6,3,4,0,19.1,65.9,1,1,4.29,4.99,LOW
2026-03-06 15:00:00,15,6,3,4,0,17.7,64.0,3,0,4.43,4.29,LOW
2026-03-06 16:00:00,16,6,3,4,0,17.4,54.1,3,2,5.87,4.43,LOW
2026-03-06 17:00:00,17,6,3,4,0,20.4,55.5,2,6,10.43,5.87,MEDIUM
2026-03-06 18:00:00,18,6,3,4,0,15.9,59.4,6,5,15.78,10.43,HIGH
2026-03-06 19:00:00,19,6,3,4,0,18.8,60.0,6,7,19.56,15.78,HIGH
2026-03-06 20:00:00,20,6,3,4,0,18.4,66.7,5,4,17.6,19.56,HIGH
2026-03-06 21:00:00,21,6,3,4,0,9.8,68.2,6,2,17.27,17.6,HIGH
2026-03-06 22:00:00,22,6,3,4,0,15.5,62.1,5,8,15.55,17.27,HIGH
2026-03-06 23:00:00,23,6,3,4,0,16.7,59.8,3,2,9.81,15.55,MEDIUM
2026-03-07 00:00:00,0,7,3,5,1,11.1,52.9,2,3,8.67,9.81,MEDIUM
2026-03-07 01:00:00,1,7,3,5,1,11.2,71.3,2,4,6.54,8.67,MEDIUM
2026-03-07 02:00:00,2,7,3,5,1,11.8,60.6,2,1,4.71,6.54,LOW
2026-03-07 03:00:00,3,7,3,5,1,8.3,74.0,2,2,4.33,4.71,LOW
2026-03-07 04:00:00,4,7,3,5,1,9.6,65.3,3,1,3.85,4.33,LOW
2026-03-07 05:00:00,5,7,3,5,1,6.4,77.6,2,2,3.94,3.85,LOW
2026-03-07 06:00:00,6,7,3,5,1,10.8,67.3,4,3,6.91,3.94,MEDIUM
2026-03-07 07:00:00,7,7,3,5,1,12.7,54.3,4,6,10.1,6.91,MEDIUM
2026-03-07 08:00:00,8,7,3,5,1,14.0,58.7,5,3,12.14,10.1,HIGH
2026-03-07 09:00:00,9,7,3,5,1,16.7,60.3,5,2,10.87,12.14,MEDIUM
2026-03-07 10:00:00,10,7,3,5,1,13.4,57.4,7,3,13.48,10.87,HIGH
2026-03-07 11:00:00,11,7,3,5,1,15.2,59.7,5,2,12.2,13.48,HIGH
2026-03-07 12:00:00,12,7,3,5,1,22.3,50.9,5,5,14.29,12.2,HIGH
2026-03-07 13:00:00,13,7,3,5,1,18.0,60.8,5,1,10.88,14.29,MEDIUM
2026-03-07 14:00:00,14,7,3,5,1,19.3,61.7,6,7,15.31,10.88,HIGH
2026-03-07 15:00:00,15,7,3,5,1,18.8,54.5,6,1,12.68,15.31,HIGH
2026-03-07 16:00:00,16,7,3,5,1,16.8,72.9,4,2,11.08,12.68,HIGH
2026-03-07 17:00:00,17,7,3,5,1,22.4,59.4,6,2,12.9,11.08,HIGH
2026-03-07 18:00:00,18,7,3,5,1,16.2,56.6,7,6,20.26,12.9,HIGH
2026-03-07 19:00:00,19,7,3,5,1,13.7,52.7,5,2,16.68,20.26,HIGH
2026-03-07 20:00:00,20,7,3,5,1,14.2,62.7,4,6,19.46,16.68,HIGH
2026-03-07 21:00:00,21,7,3,5,1,9.0,62.8,5,0,15.83,19.46,HIGH
2026-03-07 22:00:00,22,7,3,5,1,11.1,68.3,6,7,16.09,15.83,HIGH
2026-03-07 23:00:00,23,7,3,5,1,9.1,63.5,4,4,12.99,16.09,HIGH
2026-03-08 00:00:00,0,8,3,6,1,12.0,56.0,4,4,11.21,12.99,HIGH
2026-03-08 01:00:00,1,8,3,6,1,8.0,74.8,4,3,8.56,11.21,MEDIUM
2026-03-08 02:00:00,2,8,3,6,1,11.4,66.1,2,1,5.34,8.56,LOW
2026-03-08 03:00:00,3,8,3,6,1,12.5,61.5,2,4,4.9,5.34,LOW
2026-03-08 04:00:00,4,8,3,6,1,11.1,64.5,3,8,6.13,4.9,LOW
2026-03-08 05:00:00,5,8,3,6,1,9.1,67.2,3,4,5.38,6.13,LOW
2026-03-08 06:00:00,6,8,3,6,1,10.8,55.1,3,4,7.56,5.38,MEDIUM
2026-03-08 07:00:00,7,8,3,6,1,7.7,65.9,6,4,11.02,7.56,HIGH
2026-03-08 08:00:00,8,8,3,6,1,12.4,60.3,6,4,13.73,11.02,HIGH
2026-03-08 09:00:00,9,8,3,6,1,11.8,66.3,7,1,13.16,13.73,HIGH
2026-03-08 10:00:00,10,8,3,6,1,17.0,56.8,5,3,13.08,13.16,HIGH
2026-03-08 11:00:00,11,8,3,6,1,22.9,55.2,5,1,11.24,13.08,HIGH
2026-03-08 12:00:00,12,8,3,6,1,18.8,70.5,6,2,10.8,11.24,MEDIUM
2026-03-08 13:00:00,13,8,3,6,1,13.4,70.0,5,4,12.35,10.8,HIGH
2026-03-08 14:00:00,14,8,3,6,1,17.9,41.1,5,2,10.84,12.35,MEDIUM
2026-03-08 15:00:00,15,8,3,6,1,19.3,67.2,4,2,9.42,10.84,MEDIUM
2026-03-08 16:00:00,16,8,3,6,1,19.0,60.0,5,3,10.82,9.42,MEDIUM
2026-03-08 17:00:00,17,8,3,6,1,16.5,57.2,4,3,12.75,10.82,HIGH
2026-03-08 18:00:00,18,8,3,6,1,18.1,54.7,7,6,19.35,12.75,HIGH
2026-03-08 19:00:00,19,8,3,6,1,13.4,56.9,4,3,17.63,19.35,HIGH
2026-03-08 20:00:00,20,8,3,6,1,12.9,58.8,4,3,15.92,17.63,HIGH
2026-03-08 21:00:00,21,8,3,6,1,15.6,55.0,5,5,18.27,15.92,HIGH
2026-03-08 22:00:00,22,8,3,6,1,10.2,55.8,5,6,15.88,18.27,HIGH
2026-03-08 23:00:00,23,8,3,6,1,12.8,56.6,3,3,11.92,15.88,HIGH
2026-03-09 00:00:00,0,9,3,0,0,7.0,67.1,2,2,8.88,11.92,MEDIUM
2026-03-09 01:00:00,1,9,3,0,0,14.1,62.7,3,3,6.08,8.88,LOW
2026-03-09 02:00:00,2,9,3,0,0,7.2,68.5,4,3,5.22,6.08,LOW
2026-03-09 03:00:00,3,9,3,0,0,8.4,64.2,2,3,4.4,5.22,LOW
2026-03-09 04:00:00,4,9,3,0,0,10.0,56.2,5,1,3.9,4.4,LOW
2026-03-09 05:00:00,5,9,3,0,0,8.3,67.6,4,1,3.6,3.9,LOW
2026-03-09 06:00:00,6,9,3,0,0,10.8,57.7,3,1,4.56,3.6,LOW
2026-03-09 07:00:00,7,9,3,0,0,12.9,66.7,5,2,6.66,4.56,MEDIUM
2026-03-09 08:00:00,8,9,3,0,0,15.1,55.0,6,2,8.96,6.66,MEDIUM
2026-03-09 09:00:00,9,9,3,0,0,16.0,57.5,1,2,6.78,8.96,MEDIUM
2026-03-09 10:00:00,10,9,3,0,0,14.9,59.9,3,0,5.8,6.78,LOW
2026-03-09 11:00:00,11,9,3,0,0,16.1,65.6,2,2,6.06,5.8,LOW
2026-03-09 12:00:00,12,9,3,0,0,23.4,59.7,1,1,4.65,6.06,LOW
2026-03-09 13:00:00,13,9,3,0,0,20.7,59.8,2,2,5.03,4.65,LOW
2026-03-09 14:00:00,14,9,3,0,0,16.5,72.7,1,1,4.5,5.03,LOW
2026-03-09 15:00:00,15,9,3,0,0,19.2,49.3,3,1,5.06,4.5,LOW
2026-03-09 16:00:00,16,9,3,0,0,18.0,54.6,1,1,3.5,5.06,LOW
2026-03-09 17:00:00,17,9,3,0,0,18.0,54.3,3,3,7.24,3.5,MEDIUM
2026-03-09 18:00:00,18,9,3,0,0,14.5,51.6,6,5,14.02,7.24,HIGH
2026-03-09 19:00:00,19,9,3,0,0,15.5,57.5,6,4,15.78,14.02,HIGH
2026-03-09 20:00:00,20,9,3,0,0,19.8,64.2,4,7,17.4,15.78,HIGH
2026-03-09 21:00:00,21,9,3,0,0,15.4,58.3,5,3,14.79,17.4,HIGH
2026-03-09 22:00:00,22,9,3,0,0,6.5,63.4,5,1,11.26,14.79,HIGH
2026-03-09 23:00:00,23,9,3,0,0,14.5,51.9,4,0,6.64,11.26,MEDIUM
2026-03-10 00:00:00,0,10,3,1,0,13.2,57.9,3,2,6.9,6.64,MEDIUM
2026-03-10 01:00:00,1,10,3,1,0,8.8,61.7,3,1,4.68,6.9,LOW
2026-03-10 02:00:00,2,10,3,1,0,11.0,67.5,3,1,3.41,4.68,LOW
2026-03-10 03:00:00,3,10,3,1,0,6.9,55.2,3,2,3.07,3.41,LOW
2026-03-10 04:00:00,4,10,3,1,0,8.0,62.1,2,1,2.29,3.07,LOW
2026-03-10 05:00:00,5,10,3,1,0,13.4,69.2,3,1,2.12,2.29,LOW
2026-03-10 06:00:00,6,10,3,1,0,9.8,61.4,2,1,3.64,2.12,LOW
2026-03-10 07:00:00,7,10,3,1,0,6.8,52.6,5,0,5.77,3.64,LOW
2026-03-10 08:00:00,8,10,3,1,0,12.5,70.7,5,3,8.58,5.77,MEDIUM
2026-03-10 09:00:00,9,10,3,1,0,13.8,66.9,1,4,8.75,8.58,MEDIUM
2026-03-10 10:00:00,10,10,3,1,0,18.3,65.9,1,1,5.02,8.75,LOW
2026-03-10 11:00:00,11,10,3,1,0,16.5,50.9,1,0,3.11,5.02,LOW
2026-03-10 12:00:00,12,10,3,1,0,16.5,70.5,3,2,5.54,3.11,LOW
2026-03-10 13:00:00,13,10,3,1,0,20.9,55.0,3,2,5.78,5.54,LOW
2026-03-10 14:00:00,14,10,3,1,0,19.1,57.3,3,1,6.0,5.78,LOW
2026-03-10 15:00:00,15,10,3,1,0,17.1,56.9,2,3,6.97,6.0,MEDIUM
2026-03-10 16:00:00,16,10,3,1,0,21.7,65.0,1,0,4.24,6.97,LOW
2026-03-10 17:00:00,17,10,3,1,0,18.8,59.4,2,3,6.76,4.24,MEDIUM
2026-03-10 18:00:00,18,10,3,1,0,17.5,63.9,4,7,13.5,6.76,HIGH
2026-03-10 19:00:00,19,10,3,1,0,16.9,61.7,6,5,16.24,13.5,HIGH
2026-03-10 20:00:00,20,10,3,1,0,12.6,62.4,4,4,16.08,16.24,HIGH
2026-03-10 21:00:00,21,10,3,1,0,12.7,57.2,4,4,15.99,16.08,HIGH
2026-03-10 22:00:00,22,10,3,1,0,12.7,73.8,4,6,12.99,15.99,HIGH
2026-03-10 23:00:00,23,10,3,1,0,11.0,54.8,5,0,8.75,12.99,MEDIUM
2026-03-11 00:00:00,0,11,3,2,0,13.6,65.0,6,2,7.82,8.75,MEDIUM
2026-03-11 01:00:00,1,11,3,2,0,10.2,66.2,3,3,6.5,7.82,MEDIUM
2026-03-11 02:00:00,2,11,3,2,0,11.3,70.4,4,0,4.06,6.5,LOW
2026-03-11 03:00:00,3,11,3,2,0,9.0,72.7,4,3,3.75,4.06,LOW
2026-03-11 04:00:00,4,11,3,2,0,11.8,62.5,2,5,3.28,3.75,LOW
2026-03-11 05:00:00,5,11,3,2,0,10.7,66.9,5,1,3.23,3.28,LOW
2026-03-11 06:00:00,6,11,3,2,0,10.5,74.4,4,0,4.49,3.23,LOW
2026-03-11 07:00:00,7,11,3,2,0,11.5,63.0,7,2,7.07,4.49,MEDIUM
2026-03-11 08:00:00,8,11,3,2,0,10.3,57.5,6,4,11.26,7.07,HIGH
2026-03-11 09:00:00,9,11,3,2,0,15.3,59.6,2,0,7.25,11.26,MEDIUM
2026-03-11 10:00:00,10,11,3,2,0,15.2,54.1,1,4,7.98,7.25,MEDIUM
2026-03-11 11:00:00,11,11,3,2,0,15.2,64.2,1,3,7.01,7.98,MEDIUM
2026-03-11 12:00:00,12,11,3,2,0,20.3,66.3,3,3,7.7,7.01,MEDIUM
2026-03-11 13:00:00,13,11,3,2,0,15.2,61.2,4,3,8.93,7.7,MEDIUM
2026-03-11 14:00:00,14,11,3,2,0,17.8,51.2,2,2,6.92,8.93,MEDIUM
2026-03-11 15:00:00,15,11,3,2,0,21.6,65.5,3,1,6.48,6.92,MEDIUM
2026-03-11 16:00:00,16,11,3,2,0,19.6,49.5,1,0,3.57,6.48,LOW
2026-03-11 17:00:00,17,11,3,2,0,18.2,51.4,3,4,8.23,3.57,MEDIUM
2026-03-11 18:00:00,18,11,3,2,0,18.2,59.6,5,5,12.89,8.23,HIGH
2026-03-11 19:00:00,19,11,3,2,0,16.9,62.8,7,6,18.23,12.89,HIGH
2026-03-11 20:00:00,20,11,3,2,0,11.5,65.9,5,2,16.2,18.23,HIGH
2026-03-11 21:00:00,21,11,3,2,0,13.1,62.4,4,4,16.34,16.2,HIGH
2026-03-11 22:00:00,22,11,3,2,0,16.7,71.9,4,2,10.93,16.34,MEDIUM
2026-03-11 23:00:00,23,11,3,2,0,9.9,64.4,2,1,7.49,10.93,MEDIUM
2026-03-12 00:00:00,0,12,3,3,0,9.7,70.3,3,0,6.23,7.49,MEDIUM
2026-03-12 01:00:00,1,12,3,3,0,8.3,69.4,2,2,4.73,6.23,LOW
2026-03-12 02:00:00,2,12,3,3,0,9.0,56.6,3,2,4.03,4.73,LOW
2026-03-12 03:00:00,3,12,3,3,0,7.5,64.0,3,0,3.08,4.03,LOW
2026-03-12 04:00:00,4,12,3,3,0,10.4,76.6,3,1,2.95,3.08,LOW
2026-03-12 05:00:00,5,12,3,3,0,10.2,60.9,2,0,2.21,2.95,LOW
2026-03-12 06:00:00,6,12,3,3,0,12.4,59.0,3,2,4.45,2.21,LOW
2026-03-12 07:00:00,7,12,3,3,0,8.9,65.5,7,1,6.74,4.45,MEDIUM
2026-03-12 08:00:00,8,12,3,3,0,11.9,60.4,6,4,11.1,6.74,HIGH
2026-03-12 09:00:00,9,12,3,3,0,13.4,57.9,1,0,6.83,11.1,MEDIUM
2026-03-12 10:00:00,10,12,3,3,0,16.4,58.5,1,4,7.4,6.83,MEDIUM
2026-03-12 11:00:00,11,12,3,3,0,14.5,70.8,1,4,7.88,7.4,MEDIUM
2026-03-12 12:00:00,12,12,3,3,0,19.8,59.3,3,3,7.66,7.88,MEDIUM
2026-03-12 13:00:00,13,12,3,3,0,21.3,51.5,1,3,6.7,7.66,MEDIUM
2026-03-12 14:00:00,14,12,3,3,0,16.4,52.4,1,1,5.09,6.7,LOW
2026-03-12 15:00:00,15,12,3,3,0,17.8,74.1,2,4,6.62,5.09,MEDIUM
2026-03-12 16:00:00,16,12,3,3,0,17.5,59.7,1,1,4.15,6.62,LOW
2026-03-12 17:00:00,17,12,3,3,0,24.9,60.6,1,1,4.25,4.15,LOW
2026-03-12 18:00:00,18,12,3,3,0,16.5,56.8,7,8,15.84,4.25,HIGH
2026-03-12 19:00:00,19,12,3,3,0,20.7,61.6,4,4,15.05,15.84,HIGH
2026-03-12 20:00:00,20,12,3,3,0,12.1,71.9,5,3,15.86,15.05,HIGH
2026-03-12 21:00:00,21,12,3,3,0,11.5,59.5,5,3,15.41,15.86,HIGH
2026-03-12 22:00:00,22,12,3,3,0,11.0,66.4,4,6,12.54,15.41,HIGH
2026-03-12 23:00:00,23,12,3,3,0,9.4,55.8,3,2,9.5,12.54,MEDIUM
2026-03-13 00:00:00,0,13,3,4,0,9.8,76.2,2,2,7.65,9.5,MEDIUM
2026-03-13 01:00:00,1,13,3,4,0,7.9,66.5,2,3,5.68,7.65,LOW
2026-03-13 02:00:00,2,13,3,4,0,7.1,62.7,3,5,5.79,5.68,LOW
2026-03-13 03:00:00,3,13,3,4,0,11.9,61.5,4,3,4.75,5.79,LOW
2026-03-13 04:00:00,4,13,3,4,0,12.2,60.1,5,4,4.87,4.75,LOW
2026-03-13 05:00:00,5,13,3,4,0,12.0,60.4,3,2,4.24,4.87,LOW
2026-03-13 06:00:00,6,13,3,4,0,11.8,48.6,2,2,5.02,4.24,LOW
2026-03-13 07:00:00,7,13,3,4,0,11.7,62.7,4,2,6.78,5.02,MEDIUM
2026-03-13 08:00:00,8,13,3,4,0,11.5,62.6,4,2,8.39,6.78,MEDIUM
2026-03-13 09:00:00,9,13,3,4,0,11.6,66.3,2,1,7.18,8.39,MEDIUM
2026-03-13 10:00:00,10,13,3,4,0,16.2,58.4,2,5,9.26,7.18,MEDIUM
2026-03-13 11:00:00,11,13,3,4,0,13.6,57.9,2,1,7.87,9.26,MEDIUM
2026-03-13 12:00:00,12,13,3,4,0,15.1,61.9,1,1,5.96,7.87,LOW
2026-03-13 13:00:00,13,13,3,4,0,21.2,49.8,1,0,3.51,5.96,LOW
2026-03-13 14:00:00,14,13,3,4,0,23.6,59.4,1,2,3.85,3.51,LOW
2026-03-13 15:00:00,15,13,3,4,0,20.0,48.8,1,0,2.72,3.85,LOW
2026-03-13 16:00:00,16,13,3,4,0,21.6,66.1,3,3,5.29,2.72,LOW
2026-03-13 17:00:00,17,13,3,4,0,17.7,65.0,4,6,12.3,5.29,HIGH
2026-03-13 18:00:00,18,13,3,4,0,14.2,56.8,8,3,15.96,12.3,HIGH
2026-03-13 19:00:00,19,13,3,4,0,18.0,64.8,7,3,16.15,15.96,HIGH
2026-03-13 20:00:00,20,13,3,4,0,16.7,62.0,6,6,18.04,16.15,HIGH
2026-03-13 21:00:00,21,13,3,4,0,14.2,56.3,5,2,15.64,18.04,HIGH
2026-03-13 22:00:00,22,13,3,4,0,12.1,51.0,4,3,10.98,15.64,MEDIUM
2026-03-13 23:00:00,23,13,3,4,0,13.9,64.3,2,3,7.79,10.98,MEDIUM
2026-03-14 00:00:00,0,14,3,5,1,8.0,60.0,2,2,6.71,7.79,MEDIUM
2026-03-14 01:00:00,1,14,3,5,1,7.7,71.5,3,3,5.53,6.71,LOW
2026-03-14 02:00:00,2,14,3,5,1,6.7,65.4,4,1,4.85,5.53,LOW
2026-03-14 03:00:00,3,14,3,5,1,9.2,60.1,2,2,4.12,4.85,LOW
2026-03-14 04:00:00,4,14,3,5,1,6.5,76.2,4,0,4.14,4.12,LOW
2026-03-14 05:00:00,5,14,3,5,1,8.0,68.3,5,3,5.49,4.14,LOW
2026-03-14 06:00:00,6,14,3,5,1,8.7,42.6,3,1,6.58,5.49,MEDIUM
2026-03-14 07:00:00,7,14,3,5,1,10.8,60.8,5,1,7.19,6.58,MEDIUM
2026-03-14 08:00:00,8,14,3,5,1,9.0,56.1,4,4,11.47,7.19,HIGH
2026-03-14 09:00:00,9,14,3,5,1,14.2,57.5,5,4,13.12,11.47,HIGH
2026-03-14 10:00:00,10,14,3,5,1,18.4,59.8,4,2,10.61,13.12,MEDIUM
2026-03-14 11:00:00,11,14,3,5,1,16.8,63.4,5,3,12.11,10.61,HIGH
2026-03-14 12:00:00,12,14,3,5,1,21.4,61.0,4,6,14.03,12.11,HIGH
2026-03-14 13:00:00,13,14,3,5,1,21.7,65.8,5,4,13.82,14.03,HIGH
2026-03-14 14:00:00,14,14,3,5,1,20.8,63.5,5,5,14.68,13.82,HIGH
2026-03-14 15:00:00,15,14,3,5,1,19.2,63.8,4,1,10.98,14.68,MEDIUM
2026-03-14 16:00:00,16,14,3,5,1,18.9,61.6,6,4,12.84,10.98,HIGH
2026-03-14 17:00:00,17,14,3,5,1,20.2,67.6,5,3,14.4,12.84,HIGH
2026-03-14 18:00:00,18,14,3,5,1,16.6,59.5,4,3,14.54,14.4,HIGH
2026-03-14 19:00:00,19,14,3,5,1,11.8,61.5,4,4,16.17,14.54,HIGH
2026-03-14 20:00:00,20,14,3,5,1,16.5,50.0,5,6,19.4,16.17,HIGH
2026-03-14 21:00:00,21,14,3,5,1,11.2,69.9,4,6,21.46,19.4,HIGH
2026-03-14 22:00:00,22,14,3,5,1,10.3,63.4,5,5,17.03,21.46,HIGH
2026-03-14 23:00:00,23,14,3,5,1,11.5,81.0,2,3,13.18,17.03,HIGH
2026-03-15 00:00:00,0,15,3,6,1,10.2,61.5,2,2,9.39,13.18,MEDIUM
2026-03-15 01:00:00,1,15,3,6,1,6.1,66.1,3,3,6.85,9.39,MEDIUM
2026-03-15 02:00:00,2,15,3,6,1,9.6,67.4,3,4,6.15,6.85,LOW
2026-03-15 03:00:00,3,15,3,6,1,11.4,56.8,2,2,3.98,6.15,LOW
2026-03-15 04:00:00,4,15,3,6,1,6.3,67.6,4,1,3.51,3.98,LOW
2026-03-15 05:00:00,5,15,3,6,1,12.9,63.0,3,5,4.54,3.51,LOW
2026-03-15 06:00:00,6,15,3,6,1,6.6,63.5,4,3,7.57,4.54,MEDIUM
2026-03-15 07:00:00,7,15,3,6,1,16.8,68.3,6,2,8.5,7.57,MEDIUM
2026-03-15 08:00:00,8,15,3,6,1,11.7,57.9,4,2,9.69,8.5,MEDIUM
2026-03-15 09:00:00,9,15,3,6,1,14.4,63.9,5,5,12.78,9.69,HIGH
2026-03-15 10:00:00,10,15,3,6,1,10.6,72.5,6,4,14.83,12.78,HIGH
2026-03-15 11:00:00,11,15,3,6,1,16.3,57.2,5,1,12.0,14.83,HIGH
2026-03-15 12:00:00,12,15,3,6,1,18.1,59.0,5,2,10.65,12.0,MEDIUM
2026-03-15 13:00:00,13,15,3,6,1,18.1,74.8,5,3,11.25,10.65,HIGH
2026-03-15 14:00:00,14,15,3,6,1,17.4,63.9,4,4,11.73,11.25,HIGH
2026-03-15 15:00:00,15,15,3,6,1,16.6,58.3,4,3,11.08,11.73,HIGH
2026-03-15 16:00:00,16,15,3,6,1,21.7,64.1,5,1,9.7,11.08,MEDIUM
2026-03-15 17:00:00,17,15,3,6,1,18.4,57.2,7,5,17.46,9.7,HIGH
2026-03-15 18:00:00,18,15,3,6,1,21.4,50.1,4,6,19.13,17.46,HIGH
2026-03-15 19:00:00,19,15,3,6,1,15.2,70.2,5,2,16.87,19.13,HIGH
2026-03-15 20:00:00,20,15,3,6,1,14.2,55.7,5,2,15.36,16.87,HIGH
2026-03-15 21:00:00,21,15,3,6,1,16.0,76.3,5,9,23.24,15.36,HIGH
2026-03-15 22:00:00,22,15,3,6,1,8.6,61.6,4,6,18.37,23.24,HIGH
2026-03-15 23:00:00,23,15,3,6,1,8.5,77.4,3,3,13.32,18.37,HIGH
2026-03-16 00:00:00,0,16,3,0,0,13.2,54.5,3,1,8.63,13.32,MEDIUM
2026-03-16 01:00:00,1,16,3,0,0,6.7,71.5,3,4,6.88,8.63,MEDIUM
2026-03-16 02:00:00,2,16,3,0,0,4.6,69.2,5,3,6.61,6.88,MEDIUM
2026-03-16 03:00:00,3,16,3,0,0,13.7,67.5,4,2,5.29,6.61,LOW
2026-03-16 04:00:00,4,16,3,0,0,5.7,71.5,3,0,3.51,5.29,LOW
2026-03-16 05:00:00,5,16,3,0,0,10.1,61.0,2,3,3.66,3.51,LOW
2026-03-16 06:00:00,6,16,3,0,0,10.6,55.9,4,1,4.79,3.66,LOW
2026-03-16 07:00:00,7,16,3,0,0,4.5,65.9,7,0,6.79,4.79,MEDIUM
2026-03-16 08:00:00,8,16,3,0,0,12.0,64.5,4,2,7.76,6.79,MEDIUM
2026-03-16 09:00:00,9,16,3,0,0,15.1,59.1,2,2,6.93,7.76,MEDIUM
2026-03-16 10:00:00,10,16,3,0,0,16.2,63.2,5,2,7.89,6.93,MEDIUM
2026-03-16 11:00:00,11,16,3,0,0,18.8,62.5,3,1,6.35,7.89,MEDIUM
2026-03-16 12:00:00,12,16,3,0,0,16.6,55.9,1,2,5.75,6.35,LOW
2026-03-16 13:00:00,13,16,3,0,0,20.1,62.3,4,1,6.12,5.75,LOW
2026-03-16 14:00:00,14,16,3,0,0,17.1,59.6,1,1,4.92,6.12,LOW
2026-03-16 15:00:00,15,16,3,0,0,15.5,57.6,2,0,3.94,4.92,LOW
2026-03-16 16:00:00,16,16,3,0,0,15.6,66.5,2,0,3.08,3.94,LOW
2026-03-16 17:00:00,17,16,3,0,0,14.7,57.5,3,4,9.45,3.08,MEDIUM
2026-03-16 18:00:00,18,16,3,0,0,20.1,57.2,6,4,13.51,9.45,HIGH
2026-03-16 19:00:00,19,16,3,0,0,12.7,63.4,5,6,17.76,13.51,HIGH
2026-03-16 20:00:00,20,16,3,0,0,16.0,69.8,5,0,12.89,17.76,HIGH
2026-03-16 21:00:00,21,16,3,0,0,13.3,63.8,6,2,13.87,12.89,HIGH
2026-03-16 22:00:00,22,16,3,0,0,12.4,66.2,5,6,13.04,13.87,HIGH
2026-03-16 23:00:00,23,16,3,0,0,14.9,60.3,2,5,9.97,13.04,MEDIUM
2026-03-17 00:00:00,0,17,3,1,0,9.4,63.8,4,3,9.41,9.97,MEDIUM
2026-03-17 01:00:00,1,17,3,1,0,11.2,63.2,4,2,6.39,9.41,MEDIUM
2026-03-17 02:00:00,2,17,3,1,0,9.3,66.0,4,2,5.08,6.39,LOW
2026-03-17 03:00:00,3,17,3,1,0,8.6,62.8,5,2,4.53,5.08,LOW
2026-03-17 04:00:00,4,17,3,1,0,14.9,70.1,3,4,4.35,4.53,LOW
2026-03-17 05:00:00,5,17,3,1,0,6.1,63.3,3,0,3.4,4.35,LOW
2026-03-17 06:00:00,6,17,3,1,0,13.7,52.3,4,2,5.41,3.4,LOW
2026-03-17 07:00:00,7,17,3,1,0,13.1,79.2,4,1,5.49,5.41,LOW
2026-03-17 08:00:00,8,17,3,1,0,11.5,61.4,5,0,6.35,5.49,MEDIUM
2026-03-17 09:00:00,9,17,3,1,0,18.1,68.6,1,1,4.82,6.35,LOW
2026-03-17 10:00:00,10,17,3,1,0,10.7,72.1,4,1,7.59,4.82,MEDIUM
2026-03-17 11:00:00,11,17,3,1,0,15.2,67.6,1,3,7.27,7.59,MEDIUM
2026-03-17 12:00:00,12,17,3,1,0,14.5,61.0,2,1,6.06,7.27,LOW
2026-03-17 13:00:00,13,17,3,1,0,19.4,62.0,1,1,5.07,6.06,LOW
2026-03-17 14:00:00,14,17,3,1,0,16.0,54.0,4,2,6.98,5.07,MEDIUM
2026-03-17 15:00:00,15,17,3,1,0,20.1,71.9,1,2,5.69,6.98,LOW
2026-03-17 16:00:00,16,17,3,1,0,18.4,55.5,2,2,6.24,5.69,MEDIUM
2026-03-17 17:00:00,17,17,3,1,0,17.1,59.6,3,5,10.59,6.24,MEDIUM
2026-03-17 18:00:00,18,17,3,1,0,18.5,61.2,7,4,14.47,10.59,HIGH
2026-03-17 19:00:00,19,17,3,1,0,15.8,61.0,5,2,13.35,14.47,HIGH
2026-03-17 20:00:00,20,17,3,1,0,12.6,59.0,5,5,17.46,13.35,HIGH
2026-03-17 21:00:00,21,17,3,1,0,21.0,68.0,7,3,16.38,17.46,HIGH
2026-03-17 22:00:00,22,17,3,1,0,11.5,69.1,4,3,11.42,16.38,HIGH
2026-03-17 23:00:00,23,17,3,1,0,6.0,67.5,2,1,8.3,11.42,MEDIUM
2026-03-18 00:00:00,0,18,3,2,0,8.4,62.2,4,1,7.87,8.3,MEDIUM
2026-03-18 01:00:00,1,18,3,2,0,6.5,71.8,3,2,5.99,7.87,LOW
2026-03-18 02:00:00,2,18,3,2,0,11.2,60.7,3,2,4.27,5.99,LOW
2026-03-18 03:00:00,3,18,3,2,0,9.8,73.5,2,2,3.24,4.27,LOW
2026-03-18 04:00:00,4,18,3,2,0,10.2,64.6,4,2,3.32,3.24,LOW
2026-03-18 05:00:00,5,18,3,2,0,8.7,71.9,4,1,3.45,3.32,LOW
2026-03-18 06:00:00,6,18,3,2,0,9.8,63.4,3,1,4.69,3.45,LOW
2026-03-18 07:00:00,7,18,3,2,0,10.6,64.2,6,0,5.65,4.69,LOW
2026-03-18 08:00:00,8,18,3,2,0,12.5,70.4,6,2,8.75,5.65,MEDIUM
2026-03-18 09:00:00,9,18,3,2,0,16.1,74.7,3,4,9.5,8.75,MEDIUM
2026-03-18 10:00:00,10,18,3,2,0,16.1,70.9,1,4,8.95,9.5,MEDIUM
2026-03-18 11:00:00,11,18,3,2,0,17.8,66.1,1,3,7.49,8.95,MEDIUM
2026-03-18 12:00:00,12,18,3,2,0,18.8,64.0,3,0,5.66,7.49,LOW
2026-03-18 13:00:00,13,18,3,2,0,20.5,56.8,1,1,4.38,5.66,LOW
2026-03-18 14:00:00,14,18,3,2,0,19.6,61.9,1,0,2.25,4.38,LOW
2026-03-18 15:00:00,15,18,3,2,0,19.9,54.6,4,0,3.66,2.25,LOW
2026-03-18 16:00:00,16,18,3,2,0,21.8,61.5,3,3,5.85,3.66,LOW
2026-03-18 17:00:00,17,18,3,2,0,16.7,64.0,1,1,5.7,5.85,LOW
2026-03-18 18:00:00,18,18,3,2,0,15.4,50.1,6,4,11.77,5.7,HIGH
2026-03-18 19:00:00,19,18,3,2,0,13.5,62.8,4,3,12.1,11.77,HIGH
2026-03-18 20:00:00,20,18,3,2,0,15.8,64.2,4,4,13.75,12.1,HIGH
2026-03-18 21:00:00,21,18,3,2,0,9.4,63.7,4,4,15.62,13.75,HIGH
2026-03-18 22:00:00,22,18,3,2,0,13.9,64.6,4,4,11.78,15.62,HIGH
2026-03-18 23:00:00,23,18,3,2,0,11.2,55.5,3,1,8.31,11.78,MEDIUM
2026-03-19 00:00:00,0,19,3,3,0,13.3,58.0,3,5,8.64,8.31,MEDIUM
2026-03-19 01:00:00,1,19,3,3,0,8.0,71.0,4,1,5.68,8.64,LOW
2026-03-19 02:00:00,2,19,3,3,0,8.7,64.5,5,0,4.41,5.68,LOW
2026-03-19 03:00:00,3,19,3,3,0,11.8,65.3,5,2,3.83,4.41,LOW
2026-03-19 04:00:00,4,19,3,3,0,12.6,59.7,4,0,3.59,3.83,LOW
2026-03-19 05:00:00,5,19,3,3,0,8.0,64.9,2,5,4.08,3.59,LOW
2026-03-19 06:00:00,6,19,3,3,0,10.9,49.8,4,0,4.16,4.08,LOW
2026-03-19 07:00:00,7,19,3,3,0,12.2,68.2,4,4,6.94,4.16,MEDIUM
2026-03-19 08:00:00,8,19,3,3,0,13.6,73.4,4,2,7.86,6.94,MEDIUM
2026-03-19 09:00:00,9,19,3,3,0,13.3,56.3,4,2,8.91,7.86,MEDIUM
2026-03-19 10:00:00,10,19,3,3,0,18.5,55.0,3,2,6.96,8.91,MEDIUM
2026-03-19 11:00:00,11,19,3,3,0,11.8,65.9,2,3,7.4,6.96,MEDIUM
2026-03-19 12:00:00,12,19,3,3,0,16.5,70.2,1,3,6.8,7.4,MEDIUM
2026-03-19 13:00:00,13,19,3,3,0,19.4,60.2,1,1,4.82,6.8,LOW
2026-03-19 14:00:00,14,19,3,3,0,20.0,52.6,3,4,7.13,4.82,MEDIUM
2026-03-19 15:00:00,15,19,3,3,0,22.4,57.8,1,3,6.4,7.13,MEDIUM
2026-03-19 16:00:00,16,19,3,3,0,21.8,53.1,2,1,5.77,6.4,LOW
2026-03-19 17:00:00,17,19,3,3,0,17.6,56.9,4,6,12.06,5.77,HIGH
2026-03-19 18:00:00,18,19,3,3,0,20.8,57.9,6,5,14.96,12.06,HIGH
2026-03-19 19:00:00,19,19,3,3,0,14.7,56.5,4,4,14.9,14.96,HIGH
2026-03-19 20:00:00,20,19,3,3,0,17.6,56.3,6,7,18.55,14.9,HIGH
2026-03-19 21:00:00,21,19,3,3,0,18.5,61.0,6,1,14.53,18.55,HIGH
2026-03-19 22:00:00,22,19,3,3,0,15.7,63.0,4,5,11.78,14.53,HIGH
2026-03-19 23:00:00,23,19,3,3,0,11.8,54.7,3,4,9.78,11.78,MEDIUM
2026-03-20 00:00:00,0,20,3,4,0,9.6,66.5,2,0,6.61,9.78,MEDIUM
2026-03-20 01:00:00,1,20,3,4,0,5.8,63.4,4,3,5.26,6.61,LOW
2026-03-20 02:00:00,2,20,3,4,0,9.9,68.4,3,3,4.91,5.26,LOW
2026-03-20 03:00:00,3,20,3,4,0,6.2,70.2,3,1,3.85,4.91,LOW
2026-03-20 04:00:00,4,20,3,4,0,7.2,61.9,2,0,3.55,3.85,LOW
2026-03-20 05:00:00,5,20,3,4,0,6.7,69.0,4,1,3.51,3.55,LOW
2026-03-20 06:00:00,6,20,3,4,0,9.3,59.3,3,2,5.09,3.51,LOW
2026-03-20 07:00:00,7,20,3,4,0,11.4,71.4,5,2,6.55,5.09,MEDIUM
2026-03-20 08:00:00,8,20,3,4,0,13.4,57.8,4,0,6.52,6.55,MEDIUM
2026-03-20 09:00:00,9,20,3,4,0,12.5,65.1,1,2,6.81,6.52,MEDIUM
2026-03-20 10:00:00,10,20,3,4,0,18.0,59.7,1,2,5.69,6.81,LOW
2026-03-20 11:00:00,11,20,3,4,0,16.0,55.5,2,4,8.27,5.69,MEDIUM
2026-03-20 12:00:00,12,20,3,4,0,15.6,67.2,3,1,6.7,8.27,MEDIUM
2026-03-20 13:00:00,13,20,3,4,0,18.9,56.8,2,2,6.02,6.7,LOW
2026-03-20 14:00:00,14,20,3,4,0,23.7,48.3,2,2,5.4,6.02,LOW
2026-03-20 15:00:00,15,20,3,4,0,19.8,42.8,2,2,5.33,5.4,LOW
2026-03-20 16:00:00,16,20,3,4,0,17.9,55.6,2,1,4.47,5.33,LOW
2026-03-20 17:00:00,17,20,3,4,0,14.5,70.5,1,3,6.62,4.47,MEDIUM
2026-03-20 18:00:00,18,20,3,4,0,17.0,68.7,4,4,11.15,6.62,HIGH
2026-03-20 19:00:00,19,20,3,4,0,17.1,56.8,4,3,11.95,11.15,HIGH
2026-03-20 20:00:00,20,20,3,4,0,14.3,60.0,4,6,15.63,11.95,HIGH
2026-03-20 21:00:00,21,20,3,4,0,9.8,61.3,6,5,18.93,15.63,HIGH
2026-03-20 22:00:00,22,20,3,4,0,10.6,55.8,4,8,15.76,18.93,HIGH
2026-03-20 23:00:00,23,20,3,4,0,15.1,56.3,2,1,9.02,15.76,MEDIUM
2026-03-21 00:00:00,0,21,3,5,1,14.0,68.3,3,3,8.53,9.02,MEDIUM
2026-03-21 01:00:00,1,21,3,5,1,7.5,68.0,4,4,7.14,8.53,MEDIUM
2026-03-21 02:00:00,2,21,3,5,1,10.9,65.3,4,2,5.58,7.14,LOW
2026-03-21 03:00:00,3,21,3,5,1,6.1,57.5,3,5,5.33,5.58,LOW
2026-03-21 04:00:00,4,21,3,5,1,12.7,63.5,5,4,5.87,5.33,LOW
2026-03-21 05:00:00,5,21,3,5,1,10.3,50.1,2,4,5.69,5.87,LOW
2026-03-21 06:00:00,6,21,3,5,1,12.8,67.9,2,6,8.87,5.69,MEDIUM
2026-03-21 07:00:00,7,21,3,5,1,7.2,66.7,5,5,11.26,8.87,HIGH
2026-03-21 08:00:00,8,21,3,5,1,14.4,54.2,5,0,9.76,11.26,MEDIUM
2026-03-21 09:00:00,9,21,3,5,1,14.0,72.1,4,2,10.23,9.76,MEDIUM
2026-03-21 10:00:00,10,21,3,5,1,17.4,50.3,4,4,11.07,10.23,HIGH
2026-03-21 11:00:00,11,21,3,5,1,18.8,63.7,4,1,8.82,11.07,MEDIUM
2026-03-21 12:00:00,12,21,3,5,1,17.7,64.3,6,4,11.96,8.82,HIGH
2026-03-21 13:00:00,13,21,3,5,1,16.8,53.8,5,4,12.1,11.96,HIGH
2026-03-21 14:00:00,14,21,3,5,1,20.8,59.5,6,0,9.87,12.1,MEDIUM
2026-03-21 15:00:00,15,21,3,5,1,18.8,50.7,6,3,11.12,9.87,HIGH
2026-03-21 16:00:00,16,21,3,5,1,16.6,44.3,5,4,12.21,11.12,HIGH
2026-03-21 17:00:00,17,21,3,5,1,16.0,55.2,5,4,15.59,12.21,HIGH
2026-03-21 18:00:00,18,21,3,5,1,13.8,58.8,4,5,17.78,15.59,HIGH
2026-03-21 19:00:00,19,21,3,5,1,15.2,65.8,5,2,15.53,17.78,HIGH
2026-03-21 20:00:00,20,21,3,5,1,18.1,61.2,7,2,15.97,15.53,HIGH
2026-03-21 21:00:00,21,21,3,5,1,14.4,62.8,6,2,15.8,15.97,HIGH
2026-03-21 22:00:00,22,21,3,5,1,11.4,57.4,6,6,14.83,15.8,HIGH
2026-03-21 23:00:00,23,21,3,5,1,13.5,59.4,2,2,10.26,14.83,MEDIUM
2026-03-22 00:00:00,0,22,3,6,1,8.4,59.1,4,2,9.49,10.26,MEDIUM
2026-03-22 01:00:00,1,22,3,6,1,9.9,56.7,3,0,5.87,9.49,LOW
2026-03-22 02:00:00,2,22,3,6,1,8.7,61.0,2,4,5.89,5.87,LOW
2026-03-22 03:00:00,3,22,3,6,1,10.9,64.1,4,3,5.28,5.89,LOW
2026-03-22 04:00:00,4,22,3,6,1,5.2,62.5,5,3,5.51,5.28,LOW
2026-03-22 05:00:00,5,22,3,6,1,7.5,63.1,3,4,5.3,5.51,LOW
2026-03-22 06:00:00,6,22,3,6,1,6.4,69.6,3,1,7.02,5.3,MEDIUM
2026-03-22 07:00:00,7,22,3,6,1,10.9,60.6,7,3,9.71,7.02,MEDIUM
2026-03-22 08:00:00,8,22,3,6,1,15.7,53.7,5,6,13.59,9.71,HIGH
2026-03-22 09:00:00,9,22,3,6,1,12.7,66.3,4,1,11.09,13.59,HIGH
2026-03-22 10:00:00,10,22,3,6,1,14.0,64.0,5,2,11.01,11.09,HIGH
2026-03-22 11:00:00,11,22,3,6,1,18.7,62.5,4,4,11.47,11.01,HIGH
2026-03-22 12:00:00,12,22,3,6,1,20.2,63.7,5,4,13.05,11.47,HIGH
2026-03-22 13:00:00,13,22,3,6,1,18.1,63.5,4,1,9.86,13.05,MEDIUM
2026-03-22 14:00:00,14,22,3,6,1,20.5,60.0,4,2,8.84,9.86,MEDIUM
2026-03-22 15:00:00,15,22,3,6,1,16.3,75.8,5,3,10.72,8.84,MEDIUM
2026-03-22 16:00:00,16,22,3,6,1,22.3,51.4,5,3,10.59,10.72,MEDIUM
2026-03-22 17:00:00,17,22,3,6,1,23.7,55.0,4,5,14.39,10.59,HIGH
2026-03-22 18:00:00,18,22,3,6,1,18.8,66.3,4,3,14.38,14.39,HIGH
2026-03-22 19:00:00,19,22,3,6,1,11.3,64.3,4,4,16.51,14.38,HIGH
2026-03-22 20:00:00,20,22,3,6,1,13.9,67.0,4,1,14.53,16.51,HIGH
2026-03-22 21:00:00,21,22,3,6,1,15.5,62.8,5,7,19.33,14.53,HIGH
2026-03-22 22:00:00,22,22,3,6,1,11.7,71.6,4,4,14.32,19.33,HIGH
2026-03-22 23:00:00,23,22,3,6,1,14.7,56.1,2,3,10.16,14.32,MEDIUM
2026-03-23 00:00:00,0,23,3,0,0,11.9,71.3,3,3,8.6,10.16,MEDIUM
2026-03-23 01:00:00,1,23,3,0,0,7.9,71.9,2,3,6.2,8.6,LOW
2026-03-23 02:00:00,2,23,3,0,0,9.3,57.0,2,4,5.01,6.2,LOW
2026-03-23 03:00:00,3,23,3,0,0,6.8,69.1,5,1,4.93,5.01,LOW
2026-03-23 04:00:00,4,23,3,0,0,8.7,64.3,2,2,3.53,4.93,LOW
2026-03-23 05:00:00,5,23,3,0,0,8.3,61.0,3,0,2.89,3.53,LOW
2026-03-23 06:00:00,6,23,3,0,0,13.4,51.3,3,0,2.95,2.89,LOW
2026-03-23 07:00:00,7,23,3,0,0,16.8,55.2,5,1,4.22,2.95,LOW
2026-03-23 08:00:00,8,23,3,0,0,9.1,68.6,4,2,7.48,4.22,MEDIUM
2026-03-23 09:00:00,9,23,3,0,0,9.2,69.2,4,2,9.25,7.48,MEDIUM
2026-03-23 10:00:00,10,23,3,0,0,14.7,60.9,4,2,8.55,9.25,MEDIUM
2026-03-23 11:00:00,11,23,3,0,0,12.7,67.8,4,2,8.84,8.55,MEDIUM
2026-03-23 12:00:00,12,23,3,0,0,17.7,66.6,3,2,7.7,8.84,MEDIUM
2026-03-23 13:00:00,13,23,3,0,0,20.2,60.8,2,0,5.02,7.7,LOW
2026-03-23 14:00:00,14,23,3,0,0,22.6,54.6,2,4,6.52,5.02,MEDIUM
2026-03-23 15:00:00,15,23,3,0,0,19.5,62.8,2,3,6.88,6.52,MEDIUM
2026-03-23 16:00:00,16,23,3,0,0,18.3,63.6,2,0,5.01,6.88,LOW
2026-03-23 17:00:00,17,23,3,0,0,13.4,66.7,4,3,10.18,5.01,MEDIUM
2026-03-23 18:00:00,18,23,3,0,0,17.6,66.2,4,2,10.1,10.18,MEDIUM
2026-03-23 19:00:00,19,23,3,0,0,16.7,53.1,5,2,11.26,10.1,HIGH
2026-03-23 20:00:00,20,23,3,0,0,16.9,58.2,6,11,21.51,11.26,HIGH
2026-03-23 21:00:00,21,23,3,0,0,12.2,51.7,5,4,19.57,21.51,HIGH
2026-03-23 22:00:00,22,23,3,0,0,11.6,67.8,5,4,14.46,19.57,HIGH
2026-03-23 23:00:00,23,23,3,0,0,7.8,63.6,2,3,10.1,14.46,MEDIUM
2026-03-24 00:00:00,0,24,3,1,0,4.7,68.7,3,3,9.3,10.1,MEDIUM
2026-03-24 01:00:00,1,24,3,1,0,6.9,56.4,3,1,5.73,9.3,LOW
2026-03-24 02:00:00,2,24,3,1,0,5.2,74.3,2,3,4.86,5.73,LOW
2026-03-24 03:00:00,3,24,3,1,0,9.8,56.9,2,3,3.76,4.86,LOW
2026-03-24 04:00:00,4,24,3,1,0,7.9,69.5,2,0,2.86,3.76,LOW
2026-03-24 05:00:00,5,24,3,1,0,8.3,65.4,2,5,3.91,2.86,LOW
2026-03-24 06:00:00,6,24,3,1,0,8.0,63.7,2,3,5.69,3.91,LOW
2026-03-24 07:00:00,7,24,3,1,0,3.4,65.0,5,1,7.25,5.69,MEDIUM
2026-03-24 08:00:00,8,24,3,1,0,16.5,57.6,4,2,7.18,7.25,MEDIUM
2026-03-24 09:00:00,9,24,3,1,0,11.5,71.2,1,1,6.33,7.18,MEDIUM
2026-03-24 10:00:00,10,24,3,1,0,14.3,62.4,4,3,8.73,6.33,MEDIUM
2026-03-24 11:00:00,11,24,3,1,0,12.9,55.2,1,1,6.94,8.73,MEDIUM
2026-03-24 12:00:00,12,24,3,1,0,20.0,57.7,1,1,4.81,6.94,LOW
2026-03-24 13:00:00,13,24,3,1,0,18.7,61.3,1,1,3.97,4.81,LOW
2026-03-24 14:00:00,14,24,3,1,0,16.8,66.7,3,0,4.44,3.97,LOW
2026-03-24 15:00:00,15,24,3,1,0,18.0,57.2,4,1,5.18,4.44,LOW
2026-03-24 16:00:00,16,24,3,1,0,23.0,55.6,1,1,4.22,5.18,LOW
2026-03-24 17:00:00,17,24,3,1,0,18.1,60.9,1,8,11.08,4.22,HIGH
2026-03-24 18:00:00,18,24,3,1,0,17.1,66.4,5,5,14.73,11.08,HIGH
2026-03-24 19:00:00,19,24,3,1,0,14.1,54.1,5,2,13.83,14.73,HIGH
2026-03-24 20:00:00,20,24,3,1,0,10.6,66.8,6,4,16.54,13.83,HIGH
2026-03-24 21:00:00,21,24,3,1,0,13.6,59.8,4,5,17.13,16.54,HIGH
2026-03-24 22:00:00,22,24,3,1,0,13.5,60.7,8,4,13.98,17.13,HIGH
2026-03-24 23:00:00,23,24,3,1,0,14.2,74.3,3,3,10.01,13.98,MEDIUM
2026-03-25 00:00:00,0,25,3,2,0,4.8,64.9,4,2,9.39,10.01,MEDIUM
2026-03-25 01:00:00,1,25,3,2,0,6.9,69.8,2,2,6.48,9.39,MEDIUM
2026-03-25 02:00:00,2,25,3,2,0,7.7,69.2,4,1,5.03,6.48,LOW
2026-03-25 03:00:00,3,25,3,2,0,9.0,57.3,5,3,4.96,5.03,LOW
2026-03-25 04:00:00,4,25,3,2,0,8.8,53.4,3,1,4.14,4.96,LOW
2026-03-25 05:00:00,5,25,3,2,0,9.4,69.2,2,1,3.17,4.14,LOW
2026-03-25 06:00:00,6,25,3,2,0,11.5,56.9,2,2,4.73,3.17,LOW
2026-03-25 07:00:00,7,25,3,2,0,9.2,54.3,4,1,5.43,4.73,LOW
2026-03-25 08:00:00,8,25,3,2,0,15.0,68.2,5,3,8.46,5.43,MEDIUM
2026-03-25 09:00:00,9,25,3,2,0,15.1,55.8,2,3,7.8,8.46,MEDIUM
2026-03-25 10:00:00,10,25,3,2,0,14.5,57.6,2,2,7.11,7.8,MEDIUM
2026-03-25 11:00:00,11,25,3,2,0,20.5,71.6,1,0,4.75,7.11,LOW
2026-03-25 12:00:00,12,25,3,2,0,21.4,49.5,1,1,4.39,4.75,LOW
2026-03-25 13:00:00,13,25,3,2,0,20.7,52.2,1,2,5.05,4.39,LOW
2026-03-25 14:00:00,14,25,3,2,0,11.3,60.7,1,1,4.82,5.05,LOW
2026-03-25 15:00:00,15,25,3,2,0,22.9,57.4,1,5,7.98,4.82,MEDIUM
2026-03-25 16:00:00,16,25,3,2,0,20.8,54.3,2,2,7.08,7.98,MEDIUM
2026-03-25 17:00:00,17,25,3,2,0,23.3,51.7,1,3,7.84,7.08,MEDIUM
2026-03-25 18:00:00,18,25,3,2,0,20.6,68.8,4,4,11.26,7.84,HIGH
2026-03-25 19:00:00,19,25,3,2,0,20.4,61.4,5,5,13.87,11.26,HIGH
2026-03-25 20:00:00,20,25,3,2,0,17.5,64.5,4,2,11.64,13.87,HIGH
2026-03-25 21:00:00,21,25,3,2,0,17.4,60.2,5,5,14.57,11.64,HIGH
2026-03-25 22:00:00,22,25,3,2,0,17.7,62.7,5,9,14.06,14.57,HIGH
2026-03-25 23:00:00,23,25,3,2,0,12.0,68.8,4,2,9.99,14.06,MEDIUM
2026-03-26 00:00:00,0,26,3,3,0,6.5,59.4,2,0,6.9,9.99,MEDIUM
2026-03-26 01:00:00,1,26,3,3,0,8.9,66.0,4,3,5.75,6.9,LOW
2026-03-26 02:00:00,2,26,3,3,0,10.1,68.1,2,0,3.69,5.75,LOW
2026-03-26 03:00:00,3,26,3,3,0,9.2,73.6,3,1,3.27,3.69,LOW
2026-03-26 04:00:00,4,26,3,3,0,6.1,77.2,2,2,3.35,3.27,LOW
2026-03-26 05:00:00,5,26,3,3,0,5.6,66.2,3,2,4.16,3.35,LOW
2026-03-26 06:00:00,6,26,3,3,0,8.6,71.4,3,3,6.12,4.16,LOW
2026-03-26 07:00:00,7,26,3,3,0,13.5,46.6,5,2,7.04,6.12,MEDIUM
2026-03-26 08:00:00,8,26,3,3,0,16.7,70.6,5,1,7.46,7.04,MEDIUM
2026-03-26 09:00:00,9,26,3,3,0,16.3,57.1,2,1,5.26,7.46,LOW
2026-03-26 10:00:00,10,26,3,3,0,17.9,59.4,2,1,5.48,5.26,LOW
2026-03-26 11:00:00,11,26,3,3,0,16.3,64.1,2,0,4.67,5.48,LOW
2026-03-26 12:00:00,12,26,3,3,0,13.2,61.8,2,0,5.15,4.67,LOW
2026-03-26 13:00:00,13,26,3,3,0,17.2,62.3,3,2,6.4,5.15,MEDIUM
2026-03-26 14:00:00,14,26,3,3,0,18.2,70.2,1,1,4.69,6.4,LOW
2026-03-26 15:00:00,15,26,3,3,0,17.8,58.6,2,3,6.2,4.69,LOW
2026-03-26 16:00:00,16,26,3,3,0,19.0,53.9,2,2,5.7,6.2,LOW
2026-03-26 17:00:00,17,26,3,3,0,19.4,71.1,3,4,9.21,5.7,MEDIUM
2026-03-26 18:00:00,18,26,3,3,0,19.7,63.3,5,6,15.26,9.21,HIGH
2026-03-26 19:00:00,19,26,3,3,0,15.8,73.2,6,6,18.5,15.26,HIGH
2026-03-26 20:00:00,20,26,3,3,0,10.5,69.0,6,4,19.06,18.5,HIGH
2026-03-26 21:00:00,21,26,3,3,0,12.8,54.9,7,7,22.71,19.06,HIGH
2026-03-26 22:00:00,22,26,3,3,0,12.8,66.8,5,6,16.55,22.71,HIGH
2026-03-26 23:00:00,23,26,3,3,0,14.6,56.3,3,1,10.27,16.55,MEDIUM
2026-03-27 00:00:00,0,27,3,4,0,9.0,64.4,4,2,8.7,10.27,MEDIUM
2026-03-27 01:00:00,1,27,3,4,0,11.0,63.1,3,2,6.97,8.7,MEDIUM
2026-03-27 02:00:00,2,27,3,4,0,9.9,54.3,2,0,3.54,6.97,LOW
2026-03-27 03:00:00,3,27,3,4,0,9.1,59.5,5,2,3.74,3.54,LOW
2026-03-27 04:00:00,4,27,3,4,0,11.5,76.6,5,1,4.06,3.74,LOW
2026-03-27 05:00:00,5,27,3,4,0,8.0,66.2,3,2,3.29,4.06,LOW
2026-03-27 06:00:00,6,27,3,4,0,9.0,63.3,2,2,4.83,3.29,LOW
2026-03-27 07:00:00,7,27,3,4,0,11.5,74.3,6,1,6.25,4.83,MEDIUM
2026-03-27 08:00:00,8,27,3,4,0,11.1,61.2,4,2,8.08,6.25,MEDIUM
2026-03-27 09:00:00,9,27,3,4,0,15.3,61.3,4,1,7.92,8.08,MEDIUM
2026-03-27 10:00:00,10,27,3,4,0,13.5,68.5,4,1,7.8,7.92,MEDIUM
2026-03-27 11:00:00,11,27,3,4,0,17.1,58.8,1,4,7.46,7.8,MEDIUM
2026-03-27 12:00:00,12,27,3,4,0,17.3,56.6,1,3,7.11,7.46,MEDIUM
2026-03-27 13:00:00,13,27,3,4,0,18.9,46.9,2,0,4.78,7.11,LOW
2026-03-27 14:00:00,14,27,3,4,0,17.7,55.3,3,3,6.15,4.78,LOW
2026-03-27 15:00:00,15,27,3,4,0,18.2,55.0,1,2,5.04,6.15,LOW
2026-03-27 16:00:00,16,27,3,4,0,19.1,61.3,2,2,5.31,5.04,LOW
2026-03-27 17:00:00,17,27,3,4,0,18.8,56.8,2,4,8.74,5.31,MEDIUM
2026-03-27 18:00:00,18,27,3,4,0,17.5,73.9,5,7,15.56,8.74,HIGH
2026-03-27 19:00:00,19,27,3,4,0,20.8,53.3,5,2,13.6,15.56,HIGH
2026-03-27 20:00:00,20,27,3,4,0,12.8,71.3,4,2,12.85,13.6,HIGH
2026-03-27 21:00:00,21,27,3,4,0,13.8,63.8,5,3,13.7,12.85,HIGH
2026-03-27 22:00:00,22,27,3,4,0,8.8,69.3,5,5,12.51,13.7,HIGH
2026-03-27 23:00:00,23,27,3,4,0,12.4,67.5,4,1,9.06,12.51,MEDIUM
2026-03-28 00:00:00,0,28,3,5,1,7.7,51.6,2,1,7.3,9.06,MEDIUM
2026-03-28 01:00:00,1,28,3,5,1,9.0,64.3,2,4,5.58,7.3,LOW
2026-03-28 02:00:00,2,28,3,5,1,8.2,63.1,2,2,4.62,5.58,LOW
2026-03-28 03:00:00,3,28,3,5,1,9.7,57.3,3,2,3.95,4.62,LOW
2026-03-28 04:00:00,4,28,3,5,1,7.8,67.6,5,1,4.8,3.95,LOW
2026-03-28 05:00:00,5,28,3,5,1,8.2,75.0,2,6,6.06,4.8,LOW
2026-03-28 06:00:00,6,28,3,5,1,14.1,46.3,3,5,8.21,6.06,MEDIUM
2026-03-28 07:00:00,7,28,3,5,1,12.2,59.9,6,3,9.79,8.21,MEDIUM
2026-03-28 08:00:00,8,28,3,5,1,11.3,56.0,4,1,9.53,9.79,MEDIUM
2026-03-28 09:00:00,9,28,3,5,1,13.4,63.1,5,3,12.06,9.53,HIGH
2026-03-28 10:00:00,10,28,3,5,1,19.4,58.3,6,4,12.84,12.06,HIGH
2026-03-28 11:00:00,11,28,3,5,1,15.9,58.0,4,3,11.98,12.84,HIGH
2026-03-28 12:00:00,12,28,3,5,1,15.8,65.8,6,2,11.64,11.98,HIGH
2026-03-28 13:00:00,13,28,3,5,1,16.6,71.2,5,2,11.25,11.64,HIGH
2026-03-28 14:00:00,14,28,3,5,1,17.5,77.0,4,5,12.26,11.25,HIGH
2026-03-28 15:00:00,15,28,3,5,1,17.5,56.6,4,1,9.67,12.26,MEDIUM
2026-03-28 16:00:00,16,28,3,5,1,15.6,50.8,4,3,11.22,9.67,HIGH
2026-03-28 17:00:00,17,28,3,5,1,15.5,65.2,4,2,11.8,11.22,HIGH
2026-03-28 18:00:00,18,28,3,5,1,15.5,71.5,4,5,15.41,11.8,HIGH
2026-03-28 19:00:00,19,28,3,5,1,18.0,65.7,4,4,15.89,15.41,HIGH
2026-03-28 20:00:00,20,28,3,5,1,14.3,71.9,4,2,14.41,15.89,HIGH
2026-03-28 21:00:00,21,28,3,5,1,13.5,61.2,4,2,14.22,14.41,HIGH
2026-03-28 22:00:00,22,28,3,5,1,15.9,58.0,6,2,11.57,14.22,HIGH
2026-03-28 23:00:00,23,28,3,5,1,14.7,62.8,3,1,8.41,11.57,MEDIUM
2026-03-29 00:00:00,0,29,3,6,1,9.8,62.1,4,1,7.74,8.41,MEDIUM
2026-03-29 01:00:00,1,29,3,6,1,8.1,68.7,4,0,6.0,7.74,LOW
2026-03-29 02:00:00,2,29,3,6,1,7.0,71.0,5,4,6.6,6.0,MEDIUM
2026-03-29 03:00:00,3,29,3,6,1,10.7,70.0,4,3,5.47,6.6,LOW
2026-03-29 04:00:00,4,29,3,6,1,8.7,67.6,2,2,4.26,5.47,LOW
2026-03-29 05:00:00,5,29,3,6,1,8.7,66.0,2,2,4.39,4.26,LOW
2026-03-29 06:00:00,6,29,3,6,1,8.4,69.4,2,5,8.1,4.39,MEDIUM
2026-03-29 07:00:00,7,29,3,6,1,9.6,52.4,5,1,7.87,8.1,MEDIUM
2026-03-29 08:00:00,8,29,3,6,1,13.5,63.9,4,2,9.08,7.87,MEDIUM
2026-03-29 09:00:00,9,29,3,6,1,10.7,64.0,6,4,13.36,9.08,HIGH
2026-03-29 10:00:00,10,29,3,6,1,17.8,62.2,6,4,14.31,13.36,HIGH
2026-03-29 11:00:00,11,29,3,6,1,15.2,61.4,6,3,13.94,14.31,HIGH
2026-03-29 12:00:00,12,29,3,6,1,17.2,63.7,4,3,12.63,13.94,HIGH
2026-03-29 13:00:00,13,29,3,6,1,15.0,58.6,5,1,10.96,12.63,MEDIUM
2026-03-29 14:00:00,14,29,3,6,1,18.8,67.3,4,2,10.3,10.96,MEDIUM
2026-03-29 15:00:00,15,29,3,6,1,18.2,63.6,5,5,12.46,10.3,HIGH
2026-03-29 16:00:00,16,29,3,6,1,18.7,61.4,8,6,17.23,12.46,HIGH
2026-03-29 17:00:00,17,29,3,6,1,22.0,55.0,6,5,19.78,17.23,HIGH
2026-03-29 18:00:00,18,29,3,6,1,18.0,65.7,5,6,20.88,19.78,HIGH
2026-03-29 19:00:00,19,29,3,6,1,14.5,63.4,5,6,21.98,20.88,HIGH
2026-03-29 20:00:00,20,29,3,6,1,13.5,58.1,4,2,17.76,21.98,HIGH
2026-03-29 21:00:00,21,29,3,6,1,15.5,61.5,5,4,17.99,17.76,HIGH
2026-03-29 22:00:00,22,29,3,6,1,16.0,65.4,6,7,16.17,17.99,HIGH
2026-03-29 23:00:00,23,29,3,6,1,12.2,66.4,6,5,14.73,16.17,HIGH
2026-03-30 00:00:00,0,30,3,0,0,12.2,66.0,3,0,8.42,14.73,MEDIUM
2026-03-30 01:00:00,1,30,3,0,0,11.2,64.1,4,1,5.46,8.42,LOW
2026-03-30 02:00:00,2,30,3,0,0,12.7,69.1,3,4,4.49,5.46,LOW
2026-03-30 03:00:00,3,30,3,0,0,4.1,73.8,3,1,3.47,4.49,LOW
2026-03-30 04:00:00,4,30,3,0,0,10.8,68.1,2,1,3.62,3.47,LOW
2026-03-30 05:00:00,5,30,3,0,0,12.1,59.6,4,2,3.38,3.62,LOW
2026-03-30 06:00:00,6,30,3,0,0,7.1,58.8,2,2,5.24,3.38,LOW
2026-03-30 07:00:00,7,30,3,0,0,9.3,61.0,5,1,7.02,5.24,MEDIUM
2026-03-30 08:00:00,8,30,3,0,0,10.6,75.5,5,2,9.04,7.02,MEDIUM
2026-03-30 09:00:00,9,30,3,0,0,12.2,64.8,3,0,6.61,9.04,MEDIUM
2026-03-30 10:00:00,10,30,3,0,0,14.1,75.1,4,2,8.57,6.61,MEDIUM
2026-03-30 11:00:00,11,30,3,0,0,17.1,60.4,2,1,5.96,8.57,LOW
2026-03-30 12:00:00,12,30,3,0,0,19.7,58.6,2,1,4.83,5.96,LOW
2026-03-30 13:00:00,13,30,3,0,0,21.0,59.2,2,0,3.48,4.83,LOW
2026-03-30 14:00:00,14,30,3,0,0,16.7,60.8,2,2,4.9,3.48,LOW
2026-03-30 15:00:00,15,30,3,0,0,16.9,56.6,3,1,4.6,4.9,LOW
2026-03-30 16:00:00,16,30,3,0,0,22.1,52.3,2,2,5.36,4.6,LOW
2026-03-30 17:00:00,17,30,3,0,0,19.9,63.0,2,8,12.77,5.36,HIGH
2026-03-30 18:00:00,18,30,3,0,0,17.7,67.2,5,1,11.39,12.77,HIGH
2026-03-30 19:00:00,19,30,3,0,0,17.7,75.6,4,5,14.28,11.39,HIGH
2026-03-30 20:00:00,20,30,3,0,0,15.2,59.3,4,4,14.73,14.28,HIGH
2026-03-30 21:00:00,21,30,3,0,0,15.3,59.8,9,4,18.39,14.73,HIGH
2026-03-30 22:00:00,22,30,3,0,0,11.9,58.6,4,6,14.38,18.39,HIGH
2026-03-30 23:00:00,23,30,3,0,0,12.2,69.9,3,1,9.05,14.38,MEDIUM
2026-03-31 00:00:00,0,31,3,1,0,6.7,70.2,4,2,8.58,9.05,MEDIUM
2026-03-31 01:00:00,1,31,3,1,0,8.0,59.5,2,0,4.77,8.58,LOW
2026-03-31 02:00:00,2,31,3,1,0,7.5,59.6,5,4,5.28,4.77,LOW
2026-03-31 03:00:00,3,31,3,1,0,8.1,70.5,3,0,3.65,5.28,LOW
2026-03-31 04:00:00,4,31,3,1,0,6.9,67.5,2,2,3.22,3.65,LOW
2026-03-31 05:00:00,5,31,3,1,0,8.3,69.2,3,2,3.83,3.22,LOW
2026-03-31 06:00:00,6,31,3,1,0,6.7,60.0,3,0,4.82,3.83,LOW
2026-03-31 07:00:00,7,31,3,1,0,12.9,51.6,5,2,6.28,4.82,MEDIUM
2026-03-31 08:00:00,8,31,3,1,0,12.5,57.8,4,1,6.51,6.28,MEDIUM
2026-03-31 09:00:00,9,31,3,1,0,9.7,68.2,2,2,7.05,6.51,MEDIUM
2026-03-31 10:00:00,10,31,3,1,0,13.2,75.4,1,2,6.55,7.05,MEDIUM
2026-03-31 11:00:00,11,31,3,1,0,17.3,58.5,1,1,4.94,6.55,LOW
2026-03-31 12:00:00,12,31,3,1,0,16.2,75.2,3,2,6.47,4.94,MEDIUM
2026-03-31 13:00:00,13,31,3,1,0,16.6,66.3,1,0,4.16,6.47,LOW
2026-03-31 14:00:00,14,31,3,1,0,18.6,52.2,2,1,4.17,4.16,LOW
2026-03-31 15:00:00,15,31,3,1,0,19.9,61.3,1,2,4.3,4.17,LOW
2026-03-31 16:00:00,16,31,3,1,0,15.2,67.1,3,2,5.83,4.3,LOW
2026-03-31 17:00:00,17,31,3,1,0,19.7,45.6,2,6,11.34,5.83,HIGH
2026-03-31 18:00:00,18,31,3,1,0,15.5,65.7,4,8,17.68,11.34,HIGH
2026-03-31 19:00:00,19,31,3,1,0,16.5,68.4,4,0,11.99,17.68,HIGH
2026-03-31 20:00:00,20,31,3,1,0,15.2,64.3,5,5,14.92,11.99,HIGH
2026-03-31 21:00:00,21,31,3,1,0,12.7,62.5,5,7,18.8,14.92,HIGH
2026-03-31 22:00:00,22,31,3,1,0,10.1,62.9,5,4,14.01,18.8,HIGH
2026-03-31 23:00:00,23,31,3,1,0,10.8,62.3,2,0,8.05,14.01,MEDIUM
2026-04-01 00:00:00,0,1,4,2,0,20.5,52.7,4,0,5.16,8.05,LOW
2026-04-01 01:00:00,1,1,4,2,0,12.3,59.0,3,0,3.5,5.16,LOW
2026-04-01 02:00:00,2,1,4,2,0,19.4,57.7,4,2,2.54,3.5,LOW
2026-04-01 03:00:00,3,1,4,2,0,14.4,62.9,3,1,2.43,2.54,LOW
2026-04-01 04:00:00,4,1,4,2,0,15.3,58.5,2,2,2.62,2.43,LOW
2026-04-01 05:00:00,5,1,4,2,0,13.0,57.6,3,2,3.05,2.62,LOW
2026-04-01 06:00:00,6,1,4,2,0,14.5,66.8,2,1,2.83,3.05,LOW
2026-04-01 07:00:00,7,1,4,2,0,16.2,63.7,4,1,3.34,2.83,LOW
2026-04-01 08:00:00,8,1,4,2,0,16.1,58.3,5,2,6.52,3.34,MEDIUM
2026-04-01 09:00:00,9,1,4,2,0,19.5,63.2,1,2,5.22,6.52,LOW
2026-04-01 10:00:00,10,1,4,2,0,20.3,57.2,1,2,4.43,5.22,LOW
2026-04-01 11:00:00,11,1,4,2,0,27.1,57.5,1,1,3.44,4.43,LOW
2026-04-01 12:00:00,12,1,4,2,0,20.6,65.6,2,3,5.11,3.44,LOW
2026-04-01 13:00:00,13,1,4,2,0,24.6,54.5,3,0,4.43,5.11,LOW
2026-04-01 14:00:00,14,1,4,2,0,25.4,50.8,2,3,5.99,4.43,LOW
2026-04-01 15:00:00,15,1,4,2,0,22.3,58.2,4,0,4.92,5.99,LOW
2026-04-01 16:00:00,16,1,4,2,0,26.5,49.2,3,2,5.9,4.92,LOW
2026-04-01 17:00:00,17,1,4,2,0,23.3,57.0,2,4,8.61,5.9,MEDIUM
2026-04-01 18:00:00,18,1,4,2,0,17.3,59.4,4,1,8.22,8.61,MEDIUM
2026-04-01 19:00:00,19,1,4,2,0,24.1,43.6,5,2,10.1,8.22,MEDIUM
2026-04-01 20:00:00,20,1,4,2,0,18.5,63.8,4,5,13.34,10.1,HIGH
2026-04-01 21:00:00,21,1,4,2,0,17.4,59.9,5,5,15.64,13.34,HIGH
2026-04-01 22:00:00,22,1,4,2,0,20.4,66.9,4,5,11.48,15.64,HIGH
2026-04-01 23:00:00,23,1,4,2,0,16.6,62.7,3,1,7.53,11.48,MEDIUM
2026-04-02 00:00:00,0,2,4,3,0,18.8,64.9,5,0,5.87,7.53,LOW
2026-04-02 01:00:00,1,2,4,3,0,18.7,67.7,3,3,4.88,5.87,LOW
2026-04-02 02:00:00,2,2,4,3,0,13.6,61.8,3,1,4.25,4.88,LOW
2026-04-02 03:00:00,3,2,4,3,0,17.0,61.2,4,1,3.73,4.25,LOW
2026-04-02 04:00:00,4,2,4,3,0,13.3,53.2,3,3,3.51,3.73,LOW
2026-04-02 05:00:00,5,2,4,3,0,21.3,66.9,3,4,3.33,3.51,LOW
2026-04-02 06:00:00,6,2,4,3,0,14.7,61.2,3,2,4.47,3.33,LOW
2026-04-02 07:00:00,7,2,4,3,0,20.1,53.9,4,1,4.32,4.47,LOW
2026-04-02 08:00:00,8,2,4,3,0,20.8,64.1,4,1,6.11,4.32,LOW
2026-04-02 09:00:00,9,2,4,3,0,20.8,46.6,3,3,7.52,6.11,MEDIUM
2026-04-02 10:00:00,10,2,4,3,0,19.6,57.6,1,2,6.1,7.52,LOW
2026-04-02 11:00:00,11,2,4,3,0,22.1,64.6,3,1,5.89,6.1,LOW
2026-04-02 12:00:00,12,2,4,3,0,18.2,58.1,3,3,7.56,5.89,MEDIUM
2026-04-02 13:00:00,13,2,4,3,0,24.9,53.7,1,1,5.48,7.56,LOW
2026-04-02 14:00:00,14,2,4,3,0,25.7,55.2,2,3,6.53,5.48,MEDIUM
2026-04-02 15:00:00,15,2,4,3,0,25.3,45.8,2,2,6.48,6.53,MEDIUM
2026-04-02 16:00:00,16,2,4,3,0,17.4,65.3,1,1,4.99,6.48,LOW
2026-04-02 17:00:00,17,2,4,3,0,21.2,58.8,1,5,8.21,4.99,MEDIUM
2026-04-02 18:00:00,18,2,4,3,0,21.7,57.7,6,4,13.6,8.21,HIGH
2026-04-02 19:00:00,19,2,4,3,0,23.2,57.1,6,5,16.0,13.6,HIGH
2026-04-02 20:00:00,20,2,4,3,0,22.0,59.3,5,7,19.15,16.0,HIGH
2026-04-02 21:00:00,21,2,4,3,0,19.6,64.1,5,5,17.91,19.15,HIGH
2026-04-02 22:00:00,22,2,4,3,0,20.3,59.6,5,7,14.84,17.91,HIGH
2026-04-02 23:00:00,23,2,4,3,0,14.9,53.9,4,0,8.99,14.84,MEDIUM
2026-04-03 00:00:00,0,3,4,4,0,18.0,64.3,5,2,7.04,8.99,MEDIUM
2026-04-03 01:00:00,1,3,4,4,0,16.9,64.2,3,4,5.62,7.04,LOW
2026-04-03 02:00:00,2,3,4,4,0,16.1,62.8,3,1,4.26,5.62,LOW
2026-04-03 03:00:00,3,3,4,4,0,14.5,68.7,6,0,3.6,4.26,LOW
2026-04-03 04:00:00,4,3,4,4,0,19.7,60.3,2,2,3.1,3.6,LOW
2026-04-03 05:00:00,5,3,4,4,0,16.9,67.9,5,0,2.47,3.1,LOW
2026-04-03 06:00:00,6,3,4,4,0,14.0,70.8,3,4,5.47,2.47,LOW
2026-04-03 07:00:00,7,3,4,4,0,18.1,64.3,4,0,4.78,5.47,LOW
2026-04-03 08:00:00,8,3,4,4,0,20.6,55.3,5,3,7.86,4.78,MEDIUM
2026-04-03 09:00:00,9,3,4,4,0,18.5,59.8,4,1,7.15,7.86,MEDIUM
2026-04-03 10:00:00,10,3,4,4,0,24.0,65.8,1,3,6.88,7.15,MEDIUM
2026-04-03 11:00:00,11,3,4,4,0,23.5,49.6,1,4,7.76,6.88,MEDIUM
2026-04-03 12:00:00,12,3,4,4,0,17.7,58.6,3,2,7.58,7.76,MEDIUM
2026-04-03 13:00:00,13,3,4,4,0,25.1,55.9,1,1,5.42,7.58,LOW
2026-04-03 14:00:00,14,3,4,4,0,23.8,53.3,1,2,4.94,5.42,LOW
2026-04-03 15:00:00,15,3,4,4,0,26.3,62.7,4,1,6.08,4.94,LOW
2026-04-03 16:00:00,16,3,4,4,0,27.2,59.4,1,1,4.51,6.08,LOW
2026-04-03 17:00:00,17,3,4,4,0,24.8,53.8,2,4,8.37,4.51,MEDIUM
2026-04-03 18:00:00,18,3,4,4,0,27.7,60.6,4,3,10.67,8.37,MEDIUM
2026-04-03 19:00:00,19,3,4,4,0,22.1,58.2,4,5,13.27,10.67,HIGH
2026-04-03 20:00:00,20,3,4,4,0,22.9,53.5,4,4,13.81,13.27,HIGH
2026-04-03 21:00:00,21,3,4,4,0,22.0,54.9,4,5,14.68,13.81,HIGH
2026-04-03 22:00:00,22,3,4,4,0,18.5,63.2,5,4,11.75,14.68,HIGH
2026-04-03 23:00:00,23,3,4,4,0,19.4,65.9,4,2,8.37,11.75,MEDIUM
2026-04-04 00:00:00,0,4,4,5,1,15.0,59.1,2,3,7.83,8.37,MEDIUM
2026-04-04 01:00:00,1,4,4,5,1,14.6,65.4,4,3,5.88,7.83,LOW
2026-04-04 02:00:00,2,4,4,5,1,11.9,72.7,6,2,5.45,5.88,LOW
2026-04-04 03:00:00,3,4,4,5,1,15.6,54.2,3,6,6.03,5.45,LOW
2026-04-04 04:00:00,4,4,4,5,1,16.0,63.7,2,1,3.8,6.03,LOW
2026-04-04 05:00:00,5,4,4,5,1,18.6,65.5,5,3,4.31,3.8,LOW
2026-04-04 06:00:00,6,4,4,5,1,18.4,60.1,2,4,5.7,4.31,LOW
2026-04-04 07:00:00,7,4,4,5,1,16.8,68.7,5,1,5.33,5.7,LOW
2026-04-04 08:00:00,8,4,4,5,1,15.8,74.9,4,3,8.51,5.33,MEDIUM
2026-04-04 09:00:00,9,4,4,5,1,21.1,61.6,7,1,10.26,8.51,MEDIUM
2026-04-04 10:00:00,10,4,4,5,1,24.1,57.0,6,2,10.92,10.26,MEDIUM
2026-04-04 11:00:00,11,4,4,5,1,24.4,64.1,5,3,11.71,10.92,HIGH
2026-04-04 12:00:00,12,4,4,5,1,26.2,62.6,6,2,12.16,11.71,HIGH
2026-04-04 13:00:00,13,4,4,5,1,23.8,43.4,5,2,11.25,12.16,HIGH
2026-04-04 14:00:00,14,4,4,5,1,23.7,58.5,6,6,15.41,11.25,HIGH
2026-04-04 15:00:00,15,4,4,5,1,23.2,56.4,5,4,14.14,15.41,HIGH
2026-04-04 16:00:00,16,4,4,5,1,24.7,60.5,6,2,13.18,14.14,HIGH
2026-04-04 17:00:00,17,4,4,5,1,24.1,57.2,6,3,15.44,13.18,HIGH
2026-04-04 18:00:00,18,4,4,5,1,24.1,57.8,7,3,17.23,15.44,HIGH
2026-04-04 19:00:00,19,4,4,5,1,22.2,53.9,5,1,13.06,17.23,HIGH
2026-04-04 20:00:00,20,4,4,5,1,21.0,64.0,4,6,17.09,13.06,HIGH
2026-04-04 21:00:00,21,4,4,5,1,18.1,70.7,6,4,18.56,17.09,HIGH
2026-04-04 22:00:00,22,4,4,5,1,21.1,54.5,6,6,15.58,18.56,HIGH
2026-04-04 23:00:00,23,4,4,5,1,17.7,52.5,2,3,10.73,15.58,MEDIUM
2026-04-05 00:00:00,0,5,4,6,1,16.0,61.7,2,4,9.45,10.73,MEDIUM
2026-04-05 01:00:00,1,5,4,6,1,13.8,62.3,3,3,6.41,9.45,MEDIUM
2026-04-05 02:00:00,2,5,4,6,1,11.8,70.3,3,2,5.0,6.41,LOW
2026-04-05 03:00:00,3,5,4,6,1,18.3,53.3,2,3,3.86,5.0,LOW
2026-04-05 04:00:00,4,5,4,6,1,16.6,58.1,3,4,4.0,3.86,LOW
2026-04-05 05:00:00,5,5,4,6,1,11.6,50.5,5,2,4.4,4.0,LOW
2026-04-05 06:00:00,6,5,4,6,1,18.4,68.9,3,2,5.17,4.4,LOW
2026-04-05 07:00:00,7,5,4,6,1,19.8,61.6,4,4,6.46,5.17,MEDIUM
2026-04-05 08:00:00,8,5,4,6,1,19.0,57.6,5,2,8.4,6.46,MEDIUM
2026-04-05 09:00:00,9,5,4,6,1,24.0,50.5,4,1,7.87,8.4,MEDIUM
2026-04-05 10:00:00,10,5,4,6,1,21.8,51.9,4,5,11.15,7.87,HIGH
2026-04-05 11:00:00,11,5,4,6,1,19.0,62.9,6,1,10.26,11.15,MEDIUM
2026-04-05 12:00:00,12,5,4,6,1,24.4,51.6,8,3,12.72,10.26,HIGH
2026-04-05 13:00:00,13,5,4,6,1,24.9,58.7,5,6,14.56,12.72,HIGH
2026-04-05 14:00:00,14,5,4,6,1,23.3,70.9,6,2,12.63,14.56,HIGH
2026-04-05 15:00:00,15,5,4,6,1,26.4,55.4,6,4,13.46,12.63,HIGH
2026-04-05 16:00:00,16,5,4,6,1,20.7,54.0,4,3,11.8,13.46,HIGH
2026-04-05 17:00:00,17,5,4,6,1,26.8,59.6,5,4,15.25,11.8,HIGH
2026-04-05 18:00:00,18,5,4,6,1,21.3,52.1,4,4,15.64,15.25,HIGH
2026-04-05 19:00:00,19,5,4,6,1,20.0,70.3,5,3,15.34,15.64,HIGH
2026-04-05 20:00:00,20,5,4,6,1,21.0,68.0,5,3,14.67,15.34,HIGH
2026-04-05 21:00:00,21,5,4,6,1,21.1,58.6,6,6,19.05,14.67,HIGH
2026-04-05 22:00:00,22,5,4,6,1,19.1,55.0,5,7,15.97,19.05,HIGH
2026-04-05 23:00:00,23,5,4,6,1,15.6,59.2,3,2,10.84,15.97,MEDIUM
2026-04-06 00:00:00,0,6,4,0,0,15.2,60.1,2,0,6.2,10.84,LOW
2026-04-06 01:00:00,1,6,4,0,0,12.8,65.2,3,4,5.2,6.2,LOW
2026-04-06 02:00:00,2,6,4,0,0,14.6,68.4,3,4,4.51,5.2,LOW
2026-04-06 03:00:00,3,6,4,0,0,17.7,54.7,3,0,2.77,4.51,LOW
2026-04-06 04:00:00,4,6,4,0,0,15.2,68.0,2,2,2.33,2.77,LOW
2026-04-06 05:00:00,5,6,4,0,0,17.8,64.6,2,1,1.93,2.33,LOW
2026-04-06 06:00:00,6,6,4,0,0,20.1,56.9,2,2,2.9,1.93,LOW
2026-04-06 07:00:00,7,6,4,0,0,16.0,55.1,7,0,5.2,2.9,LOW
2026-04-06 08:00:00,8,6,4,0,0,18.2,61.4,4,6,9.47,5.2,MEDIUM
2026-04-06 09:00:00,9,6,4,0,0,25.4,51.5,3,1,7.4,9.47,MEDIUM
2026-04-06 10:00:00,10,6,4,0,0,24.9,64.2,1,0,4.03,7.4,LOW
2026-04-06 11:00:00,11,6,4,0,0,18.3,53.9,2,4,6.39,4.03,MEDIUM
2026-04-06 12:00:00,12,6,4,0,0,24.5,61.5,4,3,7.61,6.39,MEDIUM
2026-04-06 13:00:00,13,6,4,0,0,24.3,57.8,2,2,6.35,7.61,MEDIUM
2026-04-06 14:00:00,14,6,4,0,0,26.9,53.9,1,1,5.37,6.35,LOW
2026-04-06 15:00:00,15,6,4,0,0,23.1,58.1,2,2,5.48,5.37,LOW
2026-04-06 16:00:00,16,6,4,0,0,22.7,65.4,1,0,3.69,5.48,LOW
2026-04-06 17:00:00,17,6,4,0,0,22.6,51.8,1,6,8.97,3.69,MEDIUM
2026-04-06 18:00:00,18,6,4,0,0,22.1,56.7,4,6,13.92,8.97,HIGH
2026-04-06 19:00:00,19,6,4,0,0,24.5,53.7,7,4,16.47,13.92,HIGH
2026-04-06 20:00:00,20,6,4,0,0,18.3,60.4,5,2,13.93,16.47,HIGH
2026-04-06 21:00:00,21,6,4,0,0,18.4,56.5,6,5,16.7,13.93,HIGH
2026-04-06 22:00:00,22,6,4,0,0,14.2,51.7,4,4,12.35,16.7,HIGH
2026-04-06 23:00:00,23,6,4,0,0,20.0,53.7,2,3,8.23,12.35,MEDIUM
2026-04-07 00:00:00,0,7,4,1,0,19.6,70.0,5,4,7.91,8.23,MEDIUM
2026-04-07 01:00:00,1,7,4,1,0,14.9,63.5,3,3,5.19,7.91,LOW
2026-04-07 02:00:00,2,7,4,1,0,14.4,63.5,4,4,4.92,5.19,LOW
2026-04-07 03:00:00,3,7,4,1,0,16.1,59.9,3,3,4.42,4.92,LOW
2026-04-07 04:00:00,4,7,4,1,0,18.9,60.1,2,2,3.34,4.42,LOW
2026-04-07 05:00:00,5,7,4,1,0,16.7,58.7,3,2,2.88,3.34,LOW
2026-04-07 06:00:00,6,7,4,1,0,14.7,65.3,4,3,5.19,2.88,LOW
2026-04-07 07:00:00,7,7,4,1,0,13.5,63.2,8,0,6.47,5.19,MEDIUM
2026-04-07 08:00:00,8,7,4,1,0,15.9,54.6,4,3,8.46,6.47,MEDIUM
2026-04-07 09:00:00,9,7,4,1,0,20.2,61.4,2,1,6.11,8.46,LOW
2026-04-07 10:00:00,10,7,4,1,0,19.7,45.4,1,4,6.65,6.11,MEDIUM
2026-04-07 11:00:00,11,7,4,1,0,23.0,61.3,1,1,4.41,6.65,LOW
2026-04-07 12:00:00,12,7,4,1,0,22.2,50.7,2,5,7.17,4.41,MEDIUM
2026-04-07 13:00:00,13,7,4,1,0,21.7,58.7,3,3,7.42,7.17,MEDIUM
2026-04-07 14:00:00,14,7,4,1,0,21.9,52.1,1,2,5.82,7.42,LOW
2026-04-07 15:00:00,15,7,4,1,0,28.9,56.5,3,2,6.75,5.82,MEDIUM
2026-04-07 16:00:00,16,7,4,1,0,27.1,60.6,2,2,6.4,6.75,MEDIUM
2026-04-07 17:00:00,17,7,4,1,0,28.7,65.5,1,8,13.54,6.4,HIGH
2026-04-07 18:00:00,18,7,4,1,0,24.9,48.8,5,6,16.86,13.54,HIGH
2026-04-07 19:00:00,19,7,4,1,0,21.4,65.3,5,5,17.54,16.86,HIGH
2026-04-07 20:00:00,20,7,4,1,0,24.6,58.9,5,4,16.46,17.54,HIGH
2026-04-07 21:00:00,21,7,4,1,0,19.9,57.3,4,3,13.46,16.46,HIGH
2026-04-07 22:00:00,22,7,4,1,0,19.3,64.8,4,6,10.9,13.46,MEDIUM
2026-04-07 23:00:00,23,7,4,1,0,17.4,59.6,3,1,7.11,10.9,MEDIUM
2026-04-08 00:00:00,0,8,4,2,0,9.1,68.7,2,2,6.49,7.11,MEDIUM
2026-04-08 01:00:00,1,8,4,2,0,19.7,54.2,3,1,3.93,6.49,LOW
2026-04-08 02:00:00,2,8,4,2,0,16.4,57.6,5,2,3.29,3.93,LOW
2026-04-08 03:00:00,3,8,4,2,0,15.8,67.3,4,2,2.91,3.29,LOW
2026-04-08 04:00:00,4,8,4,2,0,15.0,70.9,4,5,4.43,2.91,LOW
2026-04-08 05:00:00,5,8,4,2,0,16.1,61.3,4,2,4.09,4.43,LOW
2026-04-08 06:00:00,6,8,4,2,0,15.0,45.3,3,5,6.67,4.09,MEDIUM
2026-04-08 07:00:00,7,8,4,2,0,19.0,59.2,7,2,7.56,6.67,MEDIUM
2026-04-08 08:00:00,8,8,4,2,0,15.4,62.0,6,5,11.13,7.56,HIGH
2026-04-08 09:00:00,9,8,4,2,0,20.5,58.4,4,0,7.76,11.13,MEDIUM
2026-04-08 10:00:00,10,8,4,2,0,22.7,60.9,1,1,4.98,7.76,LOW
2026-04-08 11:00:00,11,8,4,2,0,22.0,56.3,1,4,6.75,4.98,MEDIUM
2026-04-08 12:00:00,12,8,4,2,0,24.5,63.2,2,0,4.79,6.75,LOW
2026-04-08 13:00:00,13,8,4,2,0,21.9,52.2,1,2,4.12,4.79,LOW
2026-04-08 14:00:00,14,8,4,2,0,22.4,66.5,3,0,3.52,4.12,LOW
2026-04-08 15:00:00,15,8,4,2,0,25.6,67.1,2,4,6.48,3.52,MEDIUM
2026-04-08 16:00:00,16,8,4,2,0,26.5,51.9,1,2,5.49,6.48,LOW
2026-04-08 17:00:00,17,8,4,2,0,19.6,54.7,1,4,8.19,5.49,MEDIUM
2026-04-08 18:00:00,18,8,4,2,0,24.8,60.5,7,3,11.99,8.19,HIGH
2026-04-08 19:00:00,19,8,4,2,0,21.1,52.4,4,7,16.03,11.99,HIGH
2026-04-08 20:00:00,20,8,4,2,0,20.8,56.7,5,9,20.12,16.03,HIGH
2026-04-08 21:00:00,21,8,4,2,0,16.7,67.9,5,10,23.74,20.12,HIGH
2026-04-08 22:00:00,22,8,4,2,0,16.6,65.8,4,5,15.23,23.74,HIGH
2026-04-08 23:00:00,23,8,4,2,0,19.9,71.9,2,2,9.15,15.23,MEDIUM
2026-04-09 00:00:00,0,9,4,3,0,16.5,62.4,3,4,7.78,9.15,MEDIUM
2026-04-09 01:00:00,1,9,4,3,0,14.7,58.5,2,1,4.34,7.78,LOW
2026-04-09 02:00:00,2,9,4,3,0,14.9,62.3,3,4,4.52,4.34,LOW
2026-04-09 03:00:00,3,9,4,3,0,16.2,60.6,3,1,3.09,4.52,LOW
2026-04-09 04:00:00,4,9,4,3,0,16.3,60.7,2,2,1.72,3.09,LOW
2026-04-09 05:00:00,5,9,4,3,0,15.5,61.7,3,3,2.57,1.72,LOW
2026-04-09 06:00:00,6,9,4,3,0,19.2,54.7,3,1,3.74,2.57,LOW
2026-04-09 07:00:00,7,9,4,3,0,19.9,61.7,5,1,4.73,3.74,LOW
2026-04-09 08:00:00,8,9,4,3,0,19.7,51.7,7,1,7.6,4.73,MEDIUM
2026-04-09 09:00:00,9,9,4,3,0,20.1,55.7,3,1,6.07,7.6,LOW
2026-04-09 10:00:00,10,9,4,3,0,22.9,58.1,3,3,7.39,6.07,MEDIUM
2026-04-09 11:00:00,11,9,4,3,0,23.3,45.1,4,0,5.81,7.39,LOW
2026-04-09 12:00:00,12,9,4,3,0,26.2,62.1,1,1,4.79,5.81,LOW
2026-04-09 13:00:00,13,9,4,3,0,26.6,45.0,1,2,5.48,4.79,LOW
2026-04-09 14:00:00,14,9,4,3,0,22.3,63.1,3,2,5.74,5.48,LOW
2026-04-09 15:00:00,15,9,4,3,0,22.3,51.3,1,0,2.88,5.74,LOW
2026-04-09 16:00:00,16,9,4,3,0,23.1,56.3,1,1,2.86,2.88,LOW
2026-04-09 17:00:00,17,9,4,3,0,26.8,60.4,2,4,8.06,2.86,MEDIUM
2026-04-09 18:00:00,18,9,4,3,0,19.6,73.3,4,4,11.93,8.06,HIGH
2026-04-09 19:00:00,19,9,4,3,0,23.5,59.3,5,10,19.89,11.93,HIGH
2026-04-09 20:00:00,20,9,4,3,0,22.2,47.2,4,5,17.77,19.89,HIGH
2026-04-09 21:00:00,21,9,4,3,0,22.9,64.6,6,2,14.77,17.77,HIGH
2026-04-09 22:00:00,22,9,4,3,0,19.2,58.9,5,8,13.37,14.77,HIGH
2026-04-09 23:00:00,23,9,4,3,0,14.1,62.8,3,5,10.98,13.37,MEDIUM
2026-04-10 00:00:00,0,10,4,4,0,14.1,65.7,3,2,8.62,10.98,MEDIUM
2026-04-10 01:00:00,1,10,4,4,0,12.7,49.6,2,2,5.39,8.62,LOW
2026-04-10 02:00:00,2,10,4,4,0,13.8,62.5,4,2,4.4,5.39,LOW
2026-04-10 03:00:00,3,10,4,4,0,14.5,59.7,3,2,3.36,4.4,LOW
2026-04-10 04:00:00,4,10,4,4,0,12.3,70.4,4,1,3.01,3.36,LOW
2026-04-10 05:00:00,5,10,4,4,0,19.3,64.6,6,1,3.51,3.01,LOW
2026-04-10 06:00:00,6,10,4,4,0,13.2,53.0,3,1,3.71,3.51,LOW
2026-04-10 07:00:00,7,10,4,4,0,20.9,67.2,5,4,6.08,3.71,LOW
2026-04-10 08:00:00,8,10,4,4,0,21.7,62.0,4,3,7.66,6.08,MEDIUM
2026-04-10 09:00:00,9,10,4,4,0,22.2,49.8,1,1,5.2,7.66,LOW
2026-04-10 10:00:00,10,10,4,4,0,19.6,60.5,2,2,5.38,5.2,LOW
2026-04-10 11:00:00,11,10,4,4,0,23.4,64.8,1,1,4.41,5.38,LOW
2026-04-10 12:00:00,12,10,4,4,0,20.3,52.6,2,3,6.88,4.41,MEDIUM
2026-04-10 13:00:00,13,10,4,4,0,26.6,65.6,2,1,5.43,6.88,LOW
2026-04-10 14:00:00,14,10,4,4,0,24.6,49.1,1,2,5.14,5.43,LOW
2026-04-10 15:00:00,15,10,4,4,0,24.0,53.7,1,0,3.01,5.14,LOW
2026-04-10 16:00:00,16,10,4,4,0,21.8,53.6,2,0,3.18,3.01,LOW
2026-04-10 17:00:00,17,10,4,4,0,18.1,69.0,1,5,8.51,3.18,MEDIUM
2026-04-10 18:00:00,18,10,4,4,0,20.9,56.7,6,9,18.02,8.51,HIGH
2026-04-10 19:00:00,19,10,4,4,0,25.3,50.9,5,7,20.13,18.02,HIGH
2026-04-10 20:00:00,20,10,4,4,0,20.3,62.6,4,1,13.21,20.13,HIGH
2026-04-10 21:00:00,21,10,4,4,0,19.6,64.1,4,6,16.02,13.21,HIGH
2026-04-10 22:00:00,22,10,4,4,0,20.3,63.9,5,9,15.34,16.02,HIGH
2026-04-10 23:00:00,23,10,4,4,0,22.0,57.6,5,0,9.21,15.34,MEDIUM
2026-04-11 00:00:00,0,11,4,5,1,19.8,61.6,5,6,11.05,9.21,HIGH
2026-04-11 01:00:00,1,11,4,5,1,13.2,58.8,5,5,8.03,11.05,MEDIUM
2026-04-11 02:00:00,2,11,4,5,1,10.3,73.9,4,3,6.2,8.03,LOW
2026-04-11 03:00:00,3,11,4,5,1,20.9,66.5,5,2,5.11,6.2,LOW
2026-04-11 04:00:00,4,11,4,5,1,20.8,66.2,2,3,4.85,5.11,LOW
2026-04-11 05:00:00,5,11,4,5,1,16.1,66.3,2,2,3.05,4.85,LOW
2026-04-11 06:00:00,6,11,4,5,1,13.3,65.8,3,1,4.47,3.05,LOW
2026-04-11 07:00:00,7,11,4,5,1,19.9,52.6,5,3,7.14,4.47,MEDIUM
2026-04-11 08:00:00,8,11,4,5,1,18.4,64.4,4,4,10.51,7.14,MEDIUM
2026-04-11 09:00:00,9,11,4,5,1,19.7,60.8,6,4,12.64,10.51,HIGH
2026-04-11 10:00:00,10,11,4,5,1,23.5,66.2,6,6,15.95,12.64,HIGH
2026-04-11 11:00:00,11,11,4,5,1,23.3,63.5,4,3,13.19,15.95,HIGH
2026-04-11 12:00:00,12,11,4,5,1,20.6,63.1,5,4,13.88,13.19,HIGH
2026-04-11 13:00:00,13,11,4,5,1,23.5,48.5,5,2,11.69,13.88,HIGH
2026-04-11 14:00:00,14,11,4,5,1,26.5,56.9,6,3,12.82,11.69,HIGH
2026-04-11 15:00:00,15,11,4,5,1,26.3,54.1,5,3,12.38,12.82,HIGH
2026-04-11 16:00:00,16,11,4,5,1,25.5,59.3,4,2,10.59,12.38,MEDIUM
2026-04-11 17:00:00,17,11,4,5,1,26.7,54.8,4,3,12.83,10.59,HIGH
2026-04-11 18:00:00,18,11,4,5,1,22.6,57.3,4,4,14.2,12.83,HIGH
2026-04-11 19:00:00,19,11,4,5,1,22.9,61.6,5,6,18.95,14.2,HIGH
2026-04-11 20:00:00,20,11,4,5,1,12.9,60.2,7,4,21.05,18.95,HIGH
2026-04-11 21:00:00,21,11,4,5,1,18.9,61.2,4,1,14.47,21.05,HIGH
2026-04-11 22:00:00,22,11,4,5,1,20.6,50.6,6,7,14.18,14.47,HIGH
2026-04-11 23:00:00,23,11,4,5,1,16.5,56.4,2,4,9.94,14.18,MEDIUM
2026-04-12 00:00:00,0,12,4,6,1,15.3,65.8,3,1,7.46,9.94,MEDIUM
2026-04-12 01:00:00,1,12,4,6,1,13.1,55.4,5,6,6.91,7.46,MEDIUM
2026-04-12 02:00:00,2,12,4,6,1,17.7,68.4,3,4,5.25,6.91,LOW
2026-04-12 03:00:00,3,12,4,6,1,16.4,67.3,4,2,4.75,5.25,LOW
2026-04-12 04:00:00,4,12,4,6,1,17.2,59.5,2,0,2.67,4.75,LOW
2026-04-12 05:00:00,5,12,4,6,1,11.4,81.4,3,5,4.58,2.67,LOW
2026-04-12 06:00:00,6,12,4,6,1,16.1,69.0,4,3,6.37,4.58,MEDIUM
2026-04-12 07:00:00,7,12,4,6,1,16.8,55.6,5,3,7.53,6.37,MEDIUM
2026-04-12 08:00:00,8,12,4,6,1,18.0,65.3,4,2,8.02,7.53,MEDIUM
2026-04-12 09:00:00,9,12,4,6,1,18.5,61.0,6,3,10.62,8.02,MEDIUM
2026-04-12 10:00:00,10,12,4,6,1,20.4,55.2,6,4,12.27,10.62,HIGH
2026-04-12 11:00:00,11,12,4,6,1,24.6,51.7,6,6,15.68,12.27,HIGH
2026-04-12 12:00:00,12,12,4,6,1,18.8,66.4,4,1,12.01,15.68,HIGH
2026-04-12 13:00:00,13,12,4,6,1,28.8,52.9,4,2,11.33,12.01,HIGH
2026-04-12 14:00:00,14,12,4,6,1,26.0,57.0,5,7,15.17,11.33,HIGH
2026-04-12 15:00:00,15,12,4,6,1,24.9,52.5,5,10,19.97,15.17,HIGH
2026-04-12 16:00:00,16,12,4,6,1,27.1,52.7,5,4,16.32,19.97,HIGH
2026-04-12 17:00:00,17,12,4,6,1,20.7,59.0,4,7,19.33,16.32,HIGH
2026-04-12 18:00:00,18,12,4,6,1,21.9,61.6,4,2,14.89,19.33,HIGH
2026-04-12 19:00:00,19,12,4,6,1,22.2,43.6,6,5,18.68,14.89,HIGH
2026-04-12 20:00:00,20,12,4,6,1,24.7,58.2,5,2,16.02,18.68,HIGH
2026-04-12 21:00:00,21,12,4,6,1,19.9,55.6,5,3,15.1,16.02,HIGH
2026-04-12 22:00:00,22,12,4,6,1,19.8,68.5,4,5,12.65,15.1,HIGH
2026-04-12 23:00:00,23,12,4,6,1,16.0,79.3,3,7,12.3,12.65,HIGH
2026-04-13 00:00:00,0,13,4,0,0,17.7,58.8,2,0,6.88,12.3,MEDIUM
2026-04-13 01:00:00,1,13,4,0,0,19.9,49.7,2,1,3.71,6.88,LOW
2026-04-13 02:00:00,2,13,4,0,0,17.7,61.6,2,1,2.53,3.71,LOW
2026-04-13 03:00:00,3,13,4,0,0,14.8,60.8,4,2,2.67,2.53,LOW
2026-04-13 04:00:00,4,13,4,0,0,16.9,73.1,3,1,2.38,2.67,LOW
2026-04-13 05:00:00,5,13,4,0,0,17.1,71.2,2,3,2.23,2.38,LOW
2026-04-13 06:00:00,6,13,4,0,0,17.7,66.1,3,4,4.57,2.23,LOW
2026-04-13 07:00:00,7,13,4,0,0,20.3,56.4,4,5,6.64,4.57,MEDIUM
2026-04-13 08:00:00,8,13,4,0,0,21.5,63.5,5,2,7.44,6.64,MEDIUM
2026-04-13 09:00:00,9,13,4,0,0,19.7,61.7,3,2,6.86,7.44,MEDIUM
2026-04-13 10:00:00,10,13,4,0,0,22.9,60.3,2,2,6.19,6.86,LOW
2026-04-13 11:00:00,11,13,4,0,0,21.5,50.1,1,3,6.54,6.19,MEDIUM
2026-04-13 12:00:00,12,13,4,0,0,21.2,65.9,1,2,5.07,6.54,LOW
2026-04-13 13:00:00,13,13,4,0,0,23.7,59.2,2,4,6.57,5.07,MEDIUM
2026-04-13 14:00:00,14,13,4,0,0,24.6,57.6,2,2,6.14,6.57,LOW
2026-04-13 15:00:00,15,13,4,0,0,20.8,56.1,1,1,3.91,6.14,LOW
2026-04-13 16:00:00,16,13,4,0,0,27.0,52.4,3,0,4.39,3.91,LOW
2026-04-13 17:00:00,17,13,4,0,0,17.4,62.9,3,3,7.9,4.39,MEDIUM
2026-04-13 18:00:00,18,13,4,0,0,30.3,45.4,5,5,14.39,7.9,HIGH
2026-04-13 19:00:00,19,13,4,0,0,26.3,62.2,6,8,20.92,14.39,HIGH
2026-04-13 20:00:00,20,13,4,0,0,20.6,53.4,5,1,14.67,20.92,HIGH
2026-04-13 21:00:00,21,13,4,0,0,20.0,47.6,6,1,12.4,14.67,HIGH
2026-04-13 22:00:00,22,13,4,0,0,19.5,71.1,6,1,9.32,12.4,MEDIUM
2026-04-13 23:00:00,23,13,4,0,0,16.0,56.5,4,1,6.93,9.32,MEDIUM
2026-04-14 00:00:00,0,14,4,1,0,16.9,56.9,3,4,7.0,6.93,MEDIUM
2026-04-14 01:00:00,1,14,4,1,0,15.3,68.7,3,2,5.36,7.0,LOW
2026-04-14 02:00:00,2,14,4,1,0,14.9,73.2,6,1,4.67,5.36,LOW
2026-04-14 03:00:00,3,14,4,1,0,15.5,52.6,2,1,2.8,4.67,LOW
2026-04-14 04:00:00,4,14,4,1,0,11.9,57.5,4,3,3.23,2.8,LOW
2026-04-14 05:00:00,5,14,4,1,0,15.8,56.4,3,2,2.52,3.23,LOW
2026-04-14 06:00:00,6,14,4,1,0,16.9,66.8,3,2,3.56,2.52,LOW
2026-04-14 07:00:00,7,14,4,1,0,17.8,70.7,5,5,7.3,3.56,MEDIUM
2026-04-14 08:00:00,8,14,4,1,0,18.2,54.2,4,2,7.33,7.3,MEDIUM
2026-04-14 09:00:00,9,14,4,1,0,22.8,67.4,2,0,4.21,7.33,LOW
2026-04-14 10:00:00,10,14,4,1,0,20.4,55.6,2,4,6.7,4.21,MEDIUM
2026-04-14 11:00:00,11,14,4,1,0,23.1,60.8,2,3,6.94,6.7,MEDIUM
2026-04-14 12:00:00,12,14,4,1,0,26.8,49.7,2,2,6.48,6.94,MEDIUM
2026-04-14 13:00:00,13,14,4,1,0,24.1,57.6,2,2,5.78,6.48,LOW
2026-04-14 14:00:00,14,14,4,1,0,25.4,57.2,1,1,4.54,5.78,LOW
2026-04-14 15:00:00,15,14,4,1,0,24.8,56.2,3,2,5.84,4.54,LOW
2026-04-14 16:00:00,16,14,4,1,0,27.9,59.1,2,2,6.46,5.84,MEDIUM
2026-04-14 17:00:00,17,14,4,1,0,23.7,52.5,1,8,11.74,6.46,HIGH
2026-04-14 18:00:00,18,14,4,1,0,26.7,52.0,4,9,18.17,11.74,HIGH
2026-04-14 19:00:00,19,14,4,1,0,22.2,61.7,6,8,21.2,18.17,HIGH
2026-04-14 20:00:00,20,14,4,1,0,19.1,68.4,4,8,20.82,21.2,HIGH
2026-04-14 21:00:00,21,14,4,1,0,21.7,59.2,5,2,15.8,20.82,HIGH
2026-04-14 22:00:00,22,14,4,1,0,17.9,63.9,6,5,13.0,15.8,HIGH
2026-04-14 23:00:00,23,14,4,1,0,19.1,64.9,4,1,8.15,13.0,MEDIUM
2026-04-15 00:00:00,0,15,4,2,0,9.6,69.1,2,4,8.3,8.15,MEDIUM
2026-04-15 01:00:00,1,15,4,2,0,15.7,56.0,4,1,5.27,8.3,LOW
2026-04-15 02:00:00,2,15,4,2,0,14.0,57.7,3,2,4.1,5.27,LOW
2026-04-15 03:00:00,3,15,4,2,0,12.3,58.9,2,1,2.06,4.1,LOW
2026-04-15 04:00:00,4,15,4,2,0,13.8,74.1,2,5,3.25,2.06,LOW
2026-04-15 05:00:00,5,15,4,2,0,14.2,65.4,2,2,2.67,3.25,LOW
2026-04-15 06:00:00,6,15,4,2,0,16.3,64.3,3,1,3.44,2.67,LOW
2026-04-15 07:00:00,7,15,4,2,0,14.1,64.6,5,2,5.35,3.44,LOW
2026-04-15 08:00:00,8,15,4,2,0,19.5,52.3,5,1,5.99,5.35,LOW
2026-04-15 09:00:00,9,15,4,2,0,23.4,70.3,1,1,4.37,5.99,LOW
2026-04-15 10:00:00,10,15,4,2,0,22.0,62.1,2,3,5.68,4.37,LOW
2026-04-15 11:00:00,11,15,4,2,0,24.5,62.5,2,0,4.45,5.68,LOW
2026-04-15 12:00:00,12,15,4,2,0,26.3,46.9,2,1,4.6,4.45,LOW
2026-04-15 13:00:00,13,15,4,2,0,27.4,61.7,2,1,4.69,4.6,LOW
2026-04-15 14:00:00,14,15,4,2,0,29.5,54.1,3,1,5.4,4.69,LOW
2026-04-15 15:00:00,15,15,4,2,0,23.8,50.5,5,4,9.75,5.4,MEDIUM
2026-04-15 16:00:00,16,15,4,2,0,23.0,53.1,1,1,6.45,9.75,MEDIUM
2026-04-15 17:00:00,17,15,4,2,0,26.3,49.9,4,3,9.98,6.45,MEDIUM
2026-04-15 18:00:00,18,15,4,2,0,25.3,50.2,5,6,14.64,9.98,HIGH
2026-04-15 19:00:00,19,15,4,2,0,24.4,58.6,5,6,16.52,14.64,HIGH
2026-04-15 20:00:00,20,15,4,2,0,26.0,55.3,4,4,16.0,16.52,HIGH
2026-04-15 21:00:00,21,15,4,2,0,20.0,62.0,4,2,13.28,16.0,HIGH
2026-04-15 22:00:00,22,15,4,2,0,19.8,70.1,6,8,13.49,13.28,HIGH
2026-04-15 23:00:00,23,15,4,2,0,15.0,61.2,3,2,8.8,13.49,MEDIUM
2026-04-16 00:00:00,0,16,4,3,0,21.8,45.8,4,0,5.7,8.8,LOW
2026-04-16 01:00:00,1,16,4,3,0,14.8,60.6,2,3,3.94,5.7,LOW
2026-04-16 02:00:00,2,16,4,3,0,14.4,69.4,2,1,3.62,3.94,LOW
2026-04-16 03:00:00,3,16,4,3,0,14.1,61.8,3,0,2.59,3.62,LOW
2026-04-16 04:00:00,4,16,4,3,0,13.6,71.7,2,1,2.63,2.59,LOW
2026-04-16 05:00:00,5,16,4,3,0,13.8,65.2,4,0,2.79,2.63,LOW
2026-04-16 06:00:00,6,16,4,3,0,15.2,50.9,3,2,3.79,2.79,LOW
2026-04-16 07:00:00,7,16,4,3,0,14.1,63.0,6,1,5.53,3.79,LOW
2026-04-16 08:00:00,8,16,4,3,0,16.7,63.1,5,1,6.6,5.53,MEDIUM
2026-04-16 09:00:00,9,16,4,3,0,24.9,64.5,2,1,5.85,6.6,LOW
2026-04-16 10:00:00,10,16,4,3,0,23.1,69.7,1,0,3.84,5.85,LOW
2026-04-16 11:00:00,11,16,4,3,0,24.8,63.5,1,1,3.55,3.84,LOW
2026-04-16 12:00:00,12,16,4,3,0,26.5,60.0,1,0,2.97,3.55,LOW
2026-04-16 13:00:00,13,16,4,3,0,28.9,60.5,2,1,4.16,2.97,LOW
2026-04-16 14:00:00,14,16,4,3,0,20.4,58.8,2,1,3.83,4.16,LOW
2026-04-16 15:00:00,15,16,4,3,0,21.9,50.5,1,3,4.75,3.83,LOW
2026-04-16 16:00:00,16,16,4,3,0,22.8,59.1,2,2,5.39,4.75,LOW
2026-04-16 17:00:00,17,16,4,3,0,23.2,60.9,1,1,4.99,5.39,LOW
2026-04-16 18:00:00,18,16,4,3,0,22.8,51.7,7,4,12.28,4.99,HIGH
2026-04-16 19:00:00,19,16,4,3,0,21.4,67.4,4,6,14.65,12.28,HIGH
2026-04-16 20:00:00,20,16,4,3,0,21.8,65.3,5,4,15.03,14.65,HIGH
2026-04-16 21:00:00,21,16,4,3,0,20.1,51.7,5,4,15.3,15.03,HIGH
2026-04-16 22:00:00,22,16,4,3,0,16.9,69.4,4,2,10.74,15.3,MEDIUM
2026-04-16 23:00:00,23,16,4,3,0,12.1,61.3,2,3,7.87,10.74,MEDIUM
2026-04-17 00:00:00,0,17,4,4,0,14.0,57.7,5,1,7.3,7.87,MEDIUM
2026-04-17 01:00:00,1,17,4,4,0,14.3,68.8,3,1,5.19,7.3,LOW
2026-04-17 02:00:00,2,17,4,4,0,14.6,61.9,4,0,3.18,5.19,LOW
2026-04-17 03:00:00,3,17,4,4,0,12.2,74.5,2,0,2.64,3.18,LOW
2026-04-17 04:00:00,4,17,4,4,0,13.9,57.3,3,0,1.64,2.64,LOW
2026-04-17 05:00:00,5,17,4,4,0,12.8,52.5,4,1,2.36,1.64,LOW
2026-04-17 06:00:00,6,17,4,4,0,16.1,59.9,3,2,3.58,2.36,LOW
2026-04-17 07:00:00,7,17,4,4,0,14.8,66.8,4,1,4.74,3.58,LOW
2026-04-17 08:00:00,8,17,4,4,0,16.6,55.8,4,0,4.98,4.74,LOW
2026-04-17 09:00:00,9,17,4,4,0,16.7,53.3,3,1,5.18,4.98,LOW
2026-04-17 10:00:00,10,17,4,4,0,20.9,61.0,2,3,6.41,5.18,MEDIUM
2026-04-17 11:00:00,11,17,4,4,0,20.3,51.1,1,1,4.3,6.41,LOW
2026-04-17 12:00:00,12,17,4,4,0,25.8,59.5,2,3,6.09,4.3,LOW
2026-04-17 13:00:00,13,17,4,4,0,25.3,55.8,2,2,6.26,6.09,MEDIUM
2026-04-17 14:00:00,14,17,4,4,0,24.7,61.1,1,1,4.53,6.26,LOW
2026-04-17 15:00:00,15,17,4,4,0,23.0,50.5,2,2,5.16,4.53,LOW
2026-04-17 16:00:00,16,17,4,4,0,25.8,65.5,2,2,5.6,5.16,LOW
2026-04-17 17:00:00,17,17,4,4,0,26.1,56.5,2,5,10.56,5.6,MEDIUM
2026-04-17 18:00:00,18,17,4,4,0,23.9,63.0,4,7,15.91,10.56,HIGH
2026-04-17 19:00:00,19,17,4,4,0,26.5,63.2,5,2,13.91,15.91,HIGH
2026-04-17 20:00:00,20,17,4,4,0,22.4,52.1,5,6,16.6,13.91,HIGH
2026-04-17 21:00:00,21,17,4,4,0,22.3,64.4,5,5,16.47,16.6,HIGH
2026-04-17 22:00:00,22,17,4,4,0,19.0,51.8,5,2,11.7,16.47,HIGH
2026-04-17 23:00:00,23,17,4,4,0,19.2,52.1,4,1,8.05,11.7,MEDIUM
2026-04-18 00:00:00,0,18,4,5,1,14.5,74.0,4,3,8.71,8.05,MEDIUM
2026-04-18 01:00:00,1,18,4,5,1,14.5,68.9,2,2,6.05,8.71,LOW
2026-04-18 02:00:00,2,18,4,5,1,16.0,74.0,2,0,3.57,6.05,LOW
2026-04-18 03:00:00,3,18,4,5,1,15.9,59.4,2,1,2.67,3.57,LOW
2026-04-18 04:00:00,4,18,4,5,1,16.4,62.1,3,5,4.49,2.67,LOW
2026-04-18 05:00:00,5,18,4,5,1,18.4,63.8,2,5,4.23,4.49,LOW
2026-04-18 06:00:00,6,18,4,5,1,12.9,62.8,3,2,5.58,4.23,LOW
2026-04-18 07:00:00,7,18,4,5,1,15.1,57.5,4,5,8.53,5.58,MEDIUM
2026-04-18 08:00:00,8,18,4,5,1,19.3,54.9,4,2,8.31,8.53,MEDIUM
2026-04-18 09:00:00,9,18,4,5,1,18.2,62.0,4,4,10.68,8.31,MEDIUM
2026-04-18 10:00:00,10,18,4,5,1,29.7,49.7,5,1,10.63,10.68,MEDIUM
2026-04-18 11:00:00,11,18,4,5,1,23.8,51.9,6,4,12.57,10.63,HIGH
2026-04-18 12:00:00,12,18,4,5,1,23.3,61.0,6,2,12.23,12.57,HIGH
2026-04-18 13:00:00,13,18,4,5,1,23.0,58.2,4,1,9.04,12.23,MEDIUM
2026-04-18 14:00:00,14,18,4,5,1,23.6,64.2,5,3,10.35,9.04,MEDIUM
2026-04-18 15:00:00,15,18,4,5,1,25.1,55.4,5,1,9.98,10.35,MEDIUM
2026-04-18 16:00:00,16,18,4,5,1,25.1,54.5,6,3,11.72,9.98,HIGH
2026-04-18 17:00:00,17,18,4,5,1,23.2,61.3,4,7,17.01,11.72,HIGH
2026-04-18 18:00:00,18,18,4,5,1,22.9,54.0,7,7,22.58,17.01,HIGH
2026-04-18 19:00:00,19,18,4,5,1,25.9,53.7,5,8,24.81,22.58,HIGH
2026-04-18 20:00:00,20,18,4,5,1,24.8,54.4,5,3,19.92,24.81,HIGH
2026-04-18 21:00:00,21,18,4,5,1,20.6,58.5,5,3,17.73,19.92,HIGH
2026-04-18 22:00:00,22,18,4,5,1,15.4,72.5,6,7,16.2,17.73,HIGH
2026-04-18 23:00:00,23,18,4,5,1,18.8,52.2,3,4,10.85,16.2,MEDIUM
2026-04-19 00:00:00,0,19,4,6,1,20.4,67.6,2,4,9.02,10.85,MEDIUM
2026-04-19 01:00:00,1,19,4,6,1,19.1,64.8,2,2,5.07,9.02,LOW
2026-04-19 02:00:00,2,19,4,6,1,17.0,70.6,4,3,4.78,5.07,LOW
2026-04-19 03:00:00,3,19,4,6,1,18.6,79.4,2,7,5.64,4.78,LOW
2026-04-19 04:00:00,4,19,4,6,1,15.3,70.5,3,3,5.09,5.64,LOW
2026-04-19 05:00:00,5,19,4,6,1,17.2,66.7,3,4,4.96,5.09,LOW
2026-04-19 06:00:00,6,19,4,6,1,14.8,54.2,4,2,6.09,4.96,LOW
2026-04-19 07:00:00,7,19,4,6,1,18.2,53.6,5,3,7.39,6.09,MEDIUM
2026-04-19 08:00:00,8,19,4,6,1,22.0,61.4,5,4,10.79,7.39,MEDIUM
2026-04-19 09:00:00,9,19,4,6,1,18.5,50.4,5,2,10.65,10.79,MEDIUM
2026-04-19 10:00:00,10,19,4,6,1,19.1,64.1,4,1,8.39,10.65,MEDIUM
2026-04-19 11:00:00,11,19,4,6,1,22.7,46.1,4,7,13.47,8.39,HIGH
2026-04-19 12:00:00,12,19,4,6,1,23.0,65.7,5,3,11.85,13.47,HIGH
2026-04-19 13:00:00,13,19,4,6,1,26.0,55.7,5,2,10.47,11.85,MEDIUM
2026-04-19 14:00:00,14,19,4,6,1,23.7,59.3,5,5,12.36,10.47,HIGH
2026-04-19 15:00:00,15,19,4,6,1,29.3,51.8,4,12,20.6,12.36,HIGH
2026-04-19 16:00:00,16,19,4,6,1,21.6,48.0,4,3,15.24,20.6,HIGH
2026-04-19 17:00:00,17,19,4,6,1,27.5,64.4,6,5,19.37,15.24,HIGH
2026-04-19 18:00:00,18,19,4,6,1,21.6,67.4,4,7,20.83,19.37,HIGH
2026-04-19 19:00:00,19,19,4,6,1,18.0,58.7,6,2,17.6,20.83,HIGH
2026-04-19 20:00:00,20,19,4,6,1,21.9,63.2,7,4,18.98,17.6,HIGH
2026-04-19 21:00:00,21,19,4,6,1,19.4,57.9,5,3,16.81,18.98,HIGH
2026-04-19 22:00:00,22,19,4,6,1,15.9,63.4,5,8,15.54,16.81,HIGH
2026-04-19 23:00:00,23,19,4,6,1,13.3,67.2,2,3,11.11,15.54,HIGH
2026-04-20 00:00:00,0,20,4,0,0,16.4,64.8,2,2,7.23,11.11,MEDIUM
2026-04-20 01:00:00,1,20,4,0,0,18.1,68.8,2,1,4.29,7.23,LOW
2026-04-20 02:00:00,2,20,4,0,0,16.6,64.5,3,1,3.15,4.29,LOW
2026-04-20 03:00:00,3,20,4,0,0,15.1,62.1,3,1,3.25,3.15,LOW
2026-04-20 04:00:00,4,20,4,0,0,16.4,56.9,5,1,3.12,3.25,LOW
2026-04-20 05:00:00,5,20,4,0,0,15.6,58.9,4,1,3.3,3.12,LOW
2026-04-20 06:00:00,6,20,4,0,0,12.9,67.7,3,0,3.9,3.3,LOW
2026-04-20 07:00:00,7,20,4,0,0,13.9,53.4,4,0,3.77,3.9,LOW
2026-04-20 08:00:00,8,20,4,0,0,18.2,67.4,4,3,6.54,3.77,MEDIUM
2026-04-20 09:00:00,9,20,4,0,0,19.6,58.5,1,1,4.56,6.54,LOW
2026-04-20 10:00:00,10,20,4,0,0,23.4,53.7,1,2,4.75,4.56,LOW
2026-04-20 11:00:00,11,20,4,0,0,24.4,51.6,2,2,5.55,4.75,LOW
2026-04-20 12:00:00,12,20,4,0,0,25.0,62.0,3,3,7.32,5.55,MEDIUM
2026-04-20 13:00:00,13,20,4,0,0,23.6,58.5,1,3,6.3,7.32,MEDIUM
2026-04-20 14:00:00,14,20,4,0,0,21.4,69.0,1,1,4.6,6.3,LOW
2026-04-20 15:00:00,15,20,4,0,0,26.0,50.0,4,1,5.67,4.6,LOW
2026-04-20 16:00:00,16,20,4,0,0,26.1,54.1,3,4,8.23,5.67,MEDIUM
2026-04-20 17:00:00,17,20,4,0,0,18.4,60.1,1,7,11.55,8.23,HIGH
2026-04-20 18:00:00,18,20,4,0,0,21.4,54.9,4,2,10.71,11.55,MEDIUM
2026-04-20 19:00:00,19,20,4,0,0,20.8,59.7,7,5,15.05,10.71,HIGH
2026-04-20 20:00:00,20,20,4,0,0,21.6,61.3,5,4,14.71,15.05,HIGH
2026-04-20 21:00:00,21,20,4,0,0,18.0,63.7,4,6,16.82,14.71,HIGH
2026-04-20 22:00:00,22,20,4,0,0,18.6,69.6,5,8,15.16,16.82,HIGH
2026-04-20 23:00:00,23,20,4,0,0,17.0,53.4,4,2,9.79,15.16,MEDIUM
2026-04-21 00:00:00,0,21,4,1,0,16.1,63.6,2,2,7.04,9.79,MEDIUM
2026-04-21 01:00:00,1,21,4,1,0,13.9,58.6,5,2,5.43,7.04,LOW
2026-04-21 02:00:00,2,21,4,1,0,13.6,65.1,3,2,4.59,5.43,LOW
2026-04-21 03:00:00,3,21,4,1,0,12.3,65.7,2,2,3.68,4.59,LOW
2026-04-21 04:00:00,4,21,4,1,0,16.1,55.6,4,1,2.72,3.68,LOW
2026-04-21 05:00:00,5,21,4,1,0,17.1,55.8,3,0,1.79,2.72,LOW
2026-04-21 06:00:00,6,21,4,1,0,14.5,65.3,4,3,5.01,1.79,LOW
2026-04-21 07:00:00,7,21,4,1,0,21.3,59.6,4,2,4.7,5.01,LOW
2026-04-21 08:00:00,8,21,4,1,0,17.9,59.5,6,0,5.32,4.7,LOW
2026-04-21 09:00:00,9,21,4,1,0,23.8,62.4,2,1,4.98,5.32,LOW
2026-04-21 10:00:00,10,21,4,1,0,19.7,64.5,2,1,5.45,4.98,LOW
2026-04-21 11:00:00,11,21,4,1,0,17.4,57.9,1,1,4.04,5.45,LOW
2026-04-21 12:00:00,12,21,4,1,0,24.5,53.1,4,0,4.49,4.04,LOW
2026-04-21 13:00:00,13,21,4,1,0,25.0,50.4,1,0,3.08,4.49,LOW
2026-04-21 14:00:00,14,21,4,1,0,24.9,58.2,4,0,4.26,3.08,LOW
2026-04-21 15:00:00,15,21,4,1,0,23.4,50.1,2,0,3.12,4.26,LOW
2026-04-21 16:00:00,16,21,4,1,0,24.7,58.7,3,1,4.34,3.12,LOW
2026-04-21 17:00:00,17,21,4,1,0,23.1,66.1,1,1,4.5,4.34,LOW
2026-04-21 18:00:00,18,21,4,1,0,22.8,56.8,5,3,9.12,4.5,MEDIUM
2026-04-21 19:00:00,19,21,4,1,0,24.6,54.9,6,2,11.24,9.12,HIGH
2026-04-21 20:00:00,20,21,4,1,0,21.8,71.3,5,5,14.89,11.24,HIGH
2026-04-21 21:00:00,21,21,4,1,0,21.5,68.5,7,5,17.6,14.89,HIGH
2026-04-21 22:00:00,22,21,4,1,0,18.1,56.2,4,3,11.04,17.6,HIGH
2026-04-21 23:00:00,23,21,4,1,0,16.6,62.2,4,0,6.27,11.04,MEDIUM
2026-04-22 00:00:00,0,22,4,2,0,13.6,64.5,2,1,4.6,6.27,LOW
2026-04-22 01:00:00,1,22,4,2,0,14.7,63.3,4,2,4.31,4.6,LOW
2026-04-22 02:00:00,2,22,4,2,0,6.9,76.1,3,3,4.29,4.31,LOW
2026-04-22 03:00:00,3,22,4,2,0,13.5,63.1,2,6,4.72,4.29,LOW
2026-04-22 04:00:00,4,22,4,2,0,15.0,63.4,2,3,4.24,4.72,LOW
2026-04-22 05:00:00,5,22,4,2,0,17.1,65.3,4,3,3.45,4.24,LOW
2026-04-22 06:00:00,6,22,4,2,0,15.8,68.8,2,4,6.17,3.45,LOW
2026-04-22 07:00:00,7,22,4,2,0,18.4,66.3,7,2,7.09,6.17,MEDIUM
2026-04-22 08:00:00,8,22,4,2,0,13.3,65.9,4,4,9.92,7.09,MEDIUM
2026-04-22 09:00:00,9,22,4,2,0,19.9,50.7,2,0,5.72,9.92,LOW
2026-04-22 10:00:00,10,22,4,2,0,17.1,58.2,2,2,5.45,5.72,LOW
2026-04-22 11:00:00,11,22,4,2,0,19.5,65.1,1,0,3.39,5.45,LOW
2026-04-22 12:00:00,12,22,4,2,0,23.1,60.3,2,2,4.39,3.39,LOW
2026-04-22 13:00:00,13,22,4,2,0,27.5,62.0,1,0,3.49,4.39,LOW
2026-04-22 14:00:00,14,22,4,2,0,25.8,69.0,2,0,2.67,3.49,LOW
2026-04-22 15:00:00,15,22,4,2,0,25.0,50.9,3,2,4.52,2.67,LOW
2026-04-22 16:00:00,16,22,4,2,0,24.8,64.9,2,4,6.63,4.52,MEDIUM
2026-04-22 17:00:00,17,22,4,2,0,22.5,57.0,1,3,6.89,6.63,MEDIUM
2026-04-22 18:00:00,18,22,4,2,0,22.2,64.7,5,3,11.46,6.89,HIGH
2026-04-22 19:00:00,19,22,4,2,0,23.6,58.3,4,10,18.97,11.46,HIGH
2026-04-22 20:00:00,20,22,4,2,0,17.8,73.6,6,1,14.82,18.97,HIGH
2026-04-22 21:00:00,21,22,4,2,0,21.5,60.2,5,5,15.64,14.82,HIGH
2026-04-22 22:00:00,22,22,4,2,0,17.7,57.1,5,6,12.63,15.64,HIGH
2026-04-22 23:00:00,23,22,4,2,0,19.6,62.7,2,3,8.33,12.63,MEDIUM
2026-04-23 00:00:00,0,23,4,3,0,18.9,62.4,2,0,5.25,8.33,LOW
2026-04-23 01:00:00,1,23,4,3,0,11.5,70.2,3,1,3.39,5.25,LOW
2026-04-23 02:00:00,2,23,4,3,0,13.7,65.2,3,1,2.77,3.39,LOW
2026-04-23 03:00:00,3,23,4,3,0,12.9,77.7,3,1,2.88,2.77,LOW
2026-04-23 04:00:00,4,23,4,3,0,10.6,63.1,3,2,2.34,2.88,LOW
2026-04-23 05:00:00,5,23,4,3,0,13.1,62.2,3,0,1.57,2.34,LOW
2026-04-23 06:00:00,6,23,4,3,0,22.6,55.3,2,0,1.31,1.57,LOW
2026-04-23 07:00:00,7,23,4,3,0,19.0,60.9,7,3,5.44,1.31,LOW
2026-04-23 08:00:00,8,23,4,3,0,23.5,60.0,4,1,5.72,5.44,LOW
2026-04-23 09:00:00,9,23,4,3,0,22.1,60.8,2,2,5.97,5.72,LOW
2026-04-23 10:00:00,10,23,4,3,0,19.4,60.6,2,0,3.41,5.97,LOW
2026-04-23 11:00:00,11,23,4,3,0,21.5,55.7,2,2,4.46,3.41,LOW
2026-04-23 12:00:00,12,23,4,3,0,25.0,52.7,1,0,3.51,4.46,LOW
2026-04-23 13:00:00,13,23,4,3,0,25.4,55.6,3,1,4.11,3.51,LOW
2026-04-23 14:00:00,14,23,4,3,0,23.4,65.5,2,1,4.1,4.11,LOW
2026-04-23 15:00:00,15,23,4,3,0,21.2,67.7,1,2,4.65,4.1,LOW
2026-04-23 16:00:00,16,23,4,3,0,33.0,54.3,2,2,7.08,4.65,MEDIUM
2026-04-23 17:00:00,17,23,4,3,0,24.0,52.8,2,4,8.82,7.08,MEDIUM
2026-04-23 18:00:00,18,23,4,3,0,22.7,58.4,5,7,15.51,8.82,HIGH
2026-04-23 19:00:00,19,23,4,3,0,22.8,71.4,6,6,18.24,15.51,HIGH
2026-04-23 20:00:00,20,23,4,3,0,20.7,65.7,5,2,14.12,18.24,HIGH
2026-04-23 21:00:00,21,23,4,3,0,20.3,63.2,5,6,16.3,14.12,HIGH
2026-04-23 22:00:00,22,23,4,3,0,21.9,65.0,5,2,10.39,16.3,MEDIUM
2026-04-23 23:00:00,23,23,4,3,0,17.2,70.4,2,1,7.8,10.39,MEDIUM
2026-04-24 00:00:00,0,24,4,4,0,13.6,55.6,3,0,5.94,7.8,LOW
2026-04-24 01:00:00,1,24,4,4,0,15.3,59.5,3,2,4.26,5.94,LOW
2026-04-24 02:00:00,2,24,4,4,0,14.0,59.2,2,2,3.05,4.26,LOW
2026-04-24 03:00:00,3,24,4,4,0,18.6,64.1,3,1,2.67,3.05,LOW
2026-04-24 04:00:00,4,24,4,4,0,18.1,61.7,3,3,2.48,2.67,LOW
2026-04-24 05:00:00,5,24,4,4,0,15.9,66.2,2,2,2.55,2.48,LOW
2026-04-24 06:00:00,6,24,4,4,0,13.3,59.6,2,2,4.23,2.55,LOW
2026-04-24 07:00:00,7,24,4,4,0,14.4,70.5,6,3,6.81,4.23,MEDIUM
2026-04-24 08:00:00,8,24,4,4,0,18.7,60.1,5,1,6.86,6.81,MEDIUM
2026-04-24 09:00:00,9,24,4,4,0,20.8,63.8,2,2,5.98,6.86,LOW
2026-04-24 10:00:00,10,24,4,4,0,20.4,67.0,1,2,5.56,5.98,LOW
2026-04-24 11:00:00,11,24,4,4,0,21.3,66.2,2,1,4.79,5.56,LOW
2026-04-24 12:00:00,12,24,4,4,0,22.1,61.3,2,2,5.81,4.79,LOW
2026-04-24 13:00:00,13,24,4,4,0,24.3,63.2,2,2,5.1,5.81,LOW
2026-04-24 14:00:00,14,24,4,4,0,18.9,70.9,1,3,5.22,5.1,LOW
2026-04-24 15:00:00,15,24,4,4,0,22.2,62.2,4,1,5.81,5.22,LOW
2026-04-24 16:00:00,16,24,4,4,0,23.3,54.3,1,1,4.49,5.81,LOW
2026-04-24 17:00:00,17,24,4,4,0,27.3,60.6,3,2,7.44,4.49,MEDIUM
2026-04-24 18:00:00,18,24,4,4,0,21.5,59.2,6,3,11.88,7.44,HIGH
2026-04-24 19:00:00,19,24,4,4,0,23.0,44.7,5,3,12.31,11.88,HIGH
2026-04-24 20:00:00,20,24,4,4,0,21.9,62.0,4,2,11.06,12.31,HIGH
2026-04-24 21:00:00,21,24,4,4,0,23.2,59.4,4,5,13.96,11.06,HIGH
2026-04-24 22:00:00,22,24,4,4,0,21.9,66.2,4,5,11.73,13.96,HIGH
2026-04-24 23:00:00,23,24,4,4,0,17.4,56.5,4,4,9.51,11.73,MEDIUM
2026-04-25 00:00:00,0,25,4,5,1,15.3,52.8,4,2,9.12,9.51,MEDIUM
2026-04-25 01:00:00,1,25,4,5,1,14.0,63.4,2,3,6.12,9.12,LOW
2026-04-25 02:00:00,2,25,4,5,1,14.6,64.4,2,4,5.64,6.12,LOW
2026-04-25 03:00:00,3,25,4,5,1,13.9,63.0,4,4,5.26,5.64,LOW
2026-04-25 04:00:00,4,25,4,5,1,16.6,61.5,2,3,4.12,5.26,LOW
2026-04-25 05:00:00,5,25,4,5,1,16.7,54.9,3,6,5.36,4.12,LOW
2026-04-25 06:00:00,6,25,4,5,1,17.9,60.0,3,1,5.12,5.36,LOW
2026-04-25 07:00:00,7,25,4,5,1,20.6,57.7,7,4,8.61,5.12,MEDIUM
2026-04-25 08:00:00,8,25,4,5,1,23.4,65.1,6,5,12.39,8.61,HIGH
2026-04-25 09:00:00,9,25,4,5,1,20.3,62.2,5,3,12.91,12.39,HIGH
2026-04-25 10:00:00,10,25,4,5,1,24.0,56.7,4,1,9.66,12.91,MEDIUM
2026-04-25 11:00:00,11,25,4,5,1,21.6,69.7,4,2,9.3,9.66,MEDIUM
2026-04-25 12:00:00,12,25,4,5,1,26.5,55.8,4,4,10.62,9.3,MEDIUM
2026-04-25 13:00:00,13,25,4,5,1,27.0,60.5,5,3,11.54,10.62,HIGH
2026-04-25 14:00:00,14,25,4,5,1,27.4,56.0,4,6,14.59,11.54,HIGH
2026-04-25 15:00:00,15,25,4,5,1,25.2,67.7,5,7,16.81,14.59,HIGH
2026-04-25 16:00:00,16,25,4,5,1,23.2,59.2,4,2,13.34,16.81,HIGH
2026-04-25 17:00:00,17,25,4,5,1,20.8,60.4,6,4,16.53,13.34,HIGH
2026-04-25 18:00:00,18,25,4,5,1,23.4,57.8,4,2,13.58,16.53,HIGH
2026-04-25 19:00:00,19,25,4,5,1,26.3,58.7,4,4,15.96,13.58,HIGH
2026-04-25 20:00:00,20,25,4,5,1,20.5,67.0,4,4,16.79,15.96,HIGH
2026-04-25 21:00:00,21,25,4,5,1,22.0,64.3,6,6,20.82,16.79,HIGH
2026-04-25 22:00:00,22,25,4,5,1,20.8,59.8,5,5,15.43,20.82,HIGH
2026-04-25 23:00:00,23,25,4,5,1,16.8,71.5,2,5,11.68,15.43,HIGH
2026-04-26 00:00:00,0,26,4,6,1,19.8,65.3,2,5,9.25,11.68,MEDIUM
2026-04-26 01:00:00,1,26,4,6,1,8.4,62.0,4,3,7.17,9.25,MEDIUM
2026-04-26 02:00:00,2,26,4,6,1,12.1,54.9,2,2,5.14,7.17,LOW
2026-04-26 03:00:00,3,26,4,6,1,12.7,60.4,2,5,4.69,5.14,LOW
2026-04-26 04:00:00,4,26,4,6,1,13.1,65.2,3,1,3.74,4.69,LOW
2026-04-26 05:00:00,5,26,4,6,1,16.5,65.0,4,0,3.35,3.74,LOW
2026-04-26 06:00:00,6,26,4,6,1,17.2,69.3,3,3,5.29,3.35,LOW
2026-04-26 07:00:00,7,26,4,6,1,18.5,54.0,4,2,6.04,5.29,LOW
2026-04-26 08:00:00,8,26,4,6,1,20.2,57.3,5,3,8.43,6.04,MEDIUM
2026-04-26 09:00:00,9,26,4,6,1,17.6,53.9,5,2,10.01,8.43,MEDIUM
2026-04-26 10:00:00,10,26,4,6,1,18.2,52.7,5,3,10.68,10.01,MEDIUM
2026-04-26 11:00:00,11,26,4,6,1,23.5,54.8,6,1,9.96,10.68,MEDIUM
2026-04-26 12:00:00,12,26,4,6,1,22.0,61.4,7,0,9.59,9.96,MEDIUM
2026-04-26 13:00:00,13,26,4,6,1,20.4,64.5,4,0,7.29,9.59,MEDIUM
2026-04-26 14:00:00,14,26,4,6,1,27.3,51.4,5,1,8.82,7.29,MEDIUM
2026-04-26 15:00:00,15,26,4,6,1,28.5,51.7,5,2,10.16,8.82,MEDIUM
2026-04-26 16:00:00,16,26,4,6,1,28.7,45.8,5,7,15.25,10.16,HIGH
2026-04-26 17:00:00,17,26,4,6,1,24.8,59.4,5,5,18.13,15.25,HIGH
2026-04-26 18:00:00,18,26,4,6,1,25.1,53.6,4,7,19.72,18.13,HIGH
2026-04-26 19:00:00,19,26,4,6,1,25.9,67.6,5,8,23.23,19.72,HIGH
2026-04-26 20:00:00,20,26,4,6,1,19.7,62.6,6,6,23.33,23.23,HIGH
2026-04-26 21:00:00,21,26,4,6,1,22.8,57.9,5,1,16.81,23.33,HIGH
2026-04-26 22:00:00,22,26,4,6,1,19.4,56.4,5,5,13.87,16.81,HIGH
2026-04-26 23:00:00,23,26,4,6,1,19.8,51.1,4,2,8.83,13.87,MEDIUM
2026-04-27 00:00:00,0,27,4,0,0,16.9,53.0,5,3,8.01,8.83,MEDIUM
2026-04-27 01:00:00,1,27,4,0,0,18.9,56.7,3,2,5.31,8.01,LOW
2026-04-27 02:00:00,2,27,4,0,0,15.7,57.5,2,0,2.75,5.31,LOW
2026-04-27 03:00:00,3,27,4,0,0,11.3,57.5,2,1,2.44,2.75,LOW
2026-04-27 04:00:00,4,27,4,0,0,18.8,62.7,3,1,2.36,2.44,LOW
2026-04-27 05:00:00,5,27,4,0,0,13.3,65.8,4,1,2.69,2.36,LOW
2026-04-27 06:00:00,6,27,4,0,0,19.6,57.4,3,4,5.2,2.69,LOW
2026-04-27 07:00:00,7,27,4,0,0,17.3,72.7,8,4,8.34,5.2,MEDIUM
2026-04-27 08:00:00,8,27,4,0,0,21.6,48.9,4,3,8.96,8.34,MEDIUM
2026-04-27 09:00:00,9,27,4,0,0,22.8,59.2,3,2,7.89,8.96,MEDIUM
2026-04-27 10:00:00,10,27,4,0,0,22.4,57.7,2,5,9.28,7.89,MEDIUM
2026-04-27 11:00:00,11,27,4,0,0,23.8,55.2,3,0,6.53,9.28,MEDIUM
2026-04-27 12:00:00,12,27,4,0,0,24.6,54.0,2,2,6.45,6.53,MEDIUM
2026-04-27 13:00:00,13,27,4,0,0,19.3,60.2,2,3,6.59,6.45,MEDIUM
2026-04-27 14:00:00,14,27,4,0,0,25.1,56.6,1,2,5.49,6.59,LOW
2026-04-27 15:00:00,15,27,4,0,0,22.2,56.8,1,4,6.62,5.49,MEDIUM
2026-04-27 16:00:00,16,27,4,0,0,25.3,50.1,1,1,5.59,6.62,LOW
2026-04-27 17:00:00,17,27,4,0,0,21.5,49.7,3,3,8.39,5.59,MEDIUM
2026-04-27 18:00:00,18,27,4,0,0,20.6,58.0,7,8,18.29,8.39,HIGH
2026-04-27 19:00:00,19,27,4,0,0,26.5,55.0,5,9,22.73,18.29,HIGH
2026-04-27 20:00:00,20,27,4,0,0,24.0,57.2,4,4,18.32,22.73,HIGH
2026-04-27 21:00:00,21,27,4,0,0,20.0,59.3,5,3,16.03,18.32,HIGH
2026-04-27 22:00:00,22,27,4,0,0,19.2,57.2,5,2,10.38,16.03,MEDIUM
2026-04-27 23:00:00,23,27,4,0,0,16.9,60.0,5,1,7.35,10.38,MEDIUM
2026-04-28 00:00:00,0,28,4,1,0,17.9,55.7,3,0,4.53,7.35,LOW
2026-04-28 01:00:00,1,28,4,1,0,14.0,71.5,2,0,3.29,4.53,LOW
2026-04-28 02:00:00,2,28,4,1,0,17.7,56.1,3,1,2.5,3.29,LOW
2026-04-28 03:00:00,3,28,4,1,0,14.4,60.0,3,2,2.53,2.5,LOW
2026-04-28 04:00:00,4,28,4,1,0,14.1,58.0,3,1,2.33,2.53,LOW
2026-04-28 05:00:00,5,28,4,1,0,15.7,57.3,3,0,2.15,2.33,LOW
2026-04-28 06:00:00,6,28,4,1,0,15.0,62.1,6,1,4.41,2.15,LOW
2026-04-28 07:00:00,7,28,4,1,0,18.3,60.1,6,0,4.58,4.41,LOW
2026-04-28 08:00:00,8,28,4,1,0,17.4,58.3,5,3,7.63,4.58,MEDIUM
2026-04-28 09:00:00,9,28,4,1,0,21.2,57.8,2,2,6.83,7.63,MEDIUM
2026-04-28 10:00:00,10,28,4,1,0,24.3,54.0,3,3,6.97,6.83,MEDIUM
2026-04-28 11:00:00,11,28,4,1,0,20.7,62.1,3,2,6.79,6.97,MEDIUM
2026-04-28 12:00:00,12,28,4,1,0,23.2,71.1,4,1,6.45,6.79,MEDIUM
2026-04-28 13:00:00,13,28,4,1,0,25.5,52.6,3,1,6.21,6.45,LOW
2026-04-28 14:00:00,14,28,4,1,0,23.7,60.9,3,1,5.61,6.21,LOW
2026-04-28 15:00:00,15,28,4,1,0,26.2,57.8,1,0,3.48,5.61,LOW
2026-04-28 16:00:00,16,28,4,1,0,26.2,61.5,2,1,4.95,3.48,LOW
2026-04-28 17:00:00,17,28,4,1,0,27.0,61.4,1,4,8.71,4.95,MEDIUM
2026-04-28 18:00:00,18,28,4,1,0,22.0,60.4,7,3,12.79,8.71,HIGH
2026-04-28 19:00:00,19,28,4,1,0,20.1,59.7,4,3,12.51,12.79,HIGH
2026-04-28 20:00:00,20,28,4,1,0,20.5,57.2,5,5,14.72,12.51,HIGH
2026-04-28 21:00:00,21,28,4,1,0,17.6,56.4,4,4,14.35,14.72,HIGH
2026-04-28 22:00:00,22,28,4,1,0,20.1,59.4,5,4,12.04,14.35,HIGH
2026-04-28 23:00:00,23,28,4,1,0,14.6,54.5,2,2,8.49,12.04,MEDIUM
2026-04-29 00:00:00,0,29,4,2,0,22.3,55.5,2,0,4.55,8.49,LOW
2026-04-29 01:00:00,1,29,4,2,0,18.9,67.1,4,2,3.82,4.55,LOW
2026-04-29 02:00:00,2,29,4,2,0,15.2,62.5,2,2,3.1,3.82,LOW
2026-04-29 03:00:00,3,29,4,2,0,17.2,66.5,2,1,2.51,3.1,LOW
2026-04-29 04:00:00,4,29,4,2,0,11.1,72.4,3,0,3.01,2.51,LOW
2026-04-29 05:00:00,5,29,4,2,0,22.0,58.1,2,2,2.22,3.01,LOW
2026-04-29 06:00:00,6,29,4,2,0,15.0,63.2,6,1,4.62,2.22,LOW
2026-04-29 07:00:00,7,29,4,2,0,17.2,59.3,6,1,5.12,4.62,LOW
2026-04-29 08:00:00,8,29,4,2,0,14.1,57.5,5,1,7.0,5.12,MEDIUM
2026-04-29 09:00:00,9,29,4,2,0,21.2,53.8,1,1,4.9,7.0,LOW
2026-04-29 10:00:00,10,29,4,2,0,18.5,65.7,1,1,4.66,4.9,LOW
2026-04-29 11:00:00,11,29,4,2,0,22.8,60.1,3,1,4.66,4.66,LOW
2026-04-29 12:00:00,12,29,4,2,0,22.2,70.2,1,2,4.99,4.66,LOW
2026-04-29 13:00:00,13,29,4,2,0,21.6,65.2,1,1,3.05,4.99,LOW
2026-04-29 14:00:00,14,29,4,2,0,22.8,54.5,2,5,7.48,3.05,MEDIUM
2026-04-29 15:00:00,15,29,4,2,0,25.6,62.8,2,1,5.92,7.48,LOW
2026-04-29 16:00:00,16,29,4,2,0,21.6,57.5,3,3,7.15,5.92,MEDIUM
2026-04-29 17:00:00,17,29,4,2,0,22.5,66.3,2,6,11.3,7.15,HIGH
2026-04-29 18:00:00,18,29,4,2,0,25.2,55.0,4,6,15.13,11.3,HIGH
2026-04-29 19:00:00,19,29,4,2,0,29.0,50.1,6,1,13.61,15.13,HIGH
2026-04-29 20:00:00,20,29,4,2,0,22.5,54.2,5,3,13.47,13.61,HIGH
2026-04-29 21:00:00,21,29,4,2,0,17.7,56.5,4,2,12.11,13.47,HIGH
2026-04-29 22:00:00,22,29,4,2,0,17.8,55.8,4,5,10.14,12.11,MEDIUM
2026-04-29 23:00:00,23,29,4,2,0,17.6,57.5,5,1,7.43,10.14,MEDIUM
2026-04-30 00:00:00,0,30,4,3,0,15.6,66.9,2,1,5.21,7.43,LOW
2026-04-30 01:00:00,1,30,4,3,0,17.9,71.6,4,2,4.34,5.21,LOW
2026-04-30 02:00:00,2,30,4,3,0,15.7,53.7,2,2,3.22,4.34,LOW
2026-04-30 03:00:00,3,30,4,3,0,17.3,68.7,2,2,2.54,3.22,LOW
2026-04-30 04:00:00,4,30,4,3,0,14.4,59.4,2,2,2.61,2.54,LOW
2026-04-30 05:00:00,5,30,4,3,0,19.0,62.5,2,2,2.73,2.61,LOW
2026-04-30 06:00:00,6,30,4,3,0,16.0,51.7,2,3,3.82,2.73,LOW
2026-04-30 07:00:00,7,30,4,3,0,15.1,65.1,4,1,4.82,3.82,LOW
2026-04-30 08:00:00,8,30,4,3,0,24.1,46.3,4,3,7.31,4.82,MEDIUM
2026-04-30 09:00:00,9,30,4,3,0,15.4,63.7,1,1,5.55,7.31,LOW
2026-04-30 10:00:00,10,30,4,3,0,19.4,61.8,1,3,5.79,5.55,LOW
2026-04-30 11:00:00,11,30,4,3,0,20.9,60.8,1,3,5.91,5.79,LOW
2026-04-30 12:00:00,12,30,4,3,0,29.8,51.7,1,3,7.11,5.91,MEDIUM
2026-04-30 13:00:00,13,30,4,3,0,28.8,59.8,2,1,5.7,7.11,LOW
2026-04-30 14:00:00,14,30,4,3,0,28.6,58.9,1,3,6.29,5.7,MEDIUM
2026-04-30 15:00:00,15,30,4,3,0,24.2,57.1,1,4,6.35,6.29,MEDIUM
2026-04-30 16:00:00,16,30,4,3,0,30.9,59.7,3,2,8.22,6.35,MEDIUM
2026-04-30 17:00:00,17,30,4,3,0,25.3,57.3,2,2,8.43,8.22,MEDIUM
2026-04-30 18:00:00,18,30,4,3,0,26.0,60.8,5,6,13.82,8.43,HIGH
2026-04-30 19:00:00,19,30,4,3,0,22.9,58.1,4,5,14.95,13.82,HIGH
2026-04-30 20:00:00,20,30,4,3,0,21.2,60.8,6,1,12.63,14.95,HIGH
2026-04-30 21:00:00,21,30,4,3,0,19.4,63.7,4,2,11.41,12.63,HIGH
2026-04-30 22:00:00,22,30,4,3,0,18.2,58.3,4,3,8.91,11.41,MEDIUM
2026-04-30 23:00:00,23,30,4,3,0,19.0,53.0,2,4,7.36,8.91,MEDIUM
2026-05-01 00:00:00,0,1,5,4,0,23.4,60.3,2,1,4.96,7.36,LOW
2026-05-01 01:00:00,1,1,5,4,0,21.6,66.5,2,3,4.08,4.96,LOW
2026-05-01 02:00:00,2,1,5,4,0,24.9,59.8,2,3,3.17,4.08,LOW
2026-05-01 03:00:00,3,1,5,4,0,13.6,64.5,4,2,3.18,3.17,LOW
2026-05-01 04:00:00,4,1,5,4,0,22.4,58.8,2,1,2.54,3.18,LOW
2026-05-01 05:00:00,5,1,5,4,0,23.5,63.0,2,0,2.02,2.54,LOW
2026-05-01 06:00:00,6,1,5,4,0,25.3,56.8,3,2,3.83,2.02,LOW
2026-05-01 07:00:00,7,1,5,4,0,23.3,56.0,4,4,5.79,3.83,LOW
2026-05-01 08:00:00,8,1,5,4,0,25.2,64.6,5,5,9.36,5.79,MEDIUM
2026-05-01 09:00:00,9,1,5,4,0,28.5,53.4,3,1,7.21,9.36,MEDIUM
2026-05-01 10:00:00,10,1,5,4,0,31.0,60.9,3,4,9.49,7.21,MEDIUM
2026-05-01 11:00:00,11,1,5,4,0,27.7,63.6,2,1,7.2,9.49,MEDIUM
2026-05-01 12:00:00,12,1,5,4,0,30.2,59.3,2,2,7.17,7.2,MEDIUM
2026-05-01 13:00:00,13,1,5,4,0,34.5,46.7,4,2,8.73,7.17,MEDIUM
2026-05-01 14:00:00,14,1,5,4,0,25.5,58.0,2,2,6.82,8.73,MEDIUM
2026-05-01 15:00:00,15,1,5,4,0,29.3,55.1,1,1,5.68,6.82,LOW
2026-05-01 16:00:00,16,1,5,4,0,34.5,51.2,1,0,5.61,5.68,LOW
2026-05-01 17:00:00,17,1,5,4,0,33.1,55.6,3,2,8.9,5.61,MEDIUM
2026-05-01 18:00:00,18,1,5,4,0,30.8,60.3,5,5,14.75,8.9,HIGH
2026-05-01 19:00:00,19,1,5,4,0,27.4,54.3,4,4,14.66,14.75,HIGH
2026-05-01 20:00:00,20,1,5,4,0,25.1,56.9,5,3,14.33,14.66,HIGH
2026-05-01 21:00:00,21,1,5,4,0,24.5,56.8,4,4,14.08,14.33,HIGH
2026-05-01 22:00:00,22,1,5,4,0,28.6,63.5,5,2,10.71,14.08,MEDIUM
2026-05-01 23:00:00,23,1,5,4,0,21.9,57.7,2,3,7.68,10.71,MEDIUM
2026-05-02 00:00:00,0,2,5,5,1,22.7,51.5,3,2,6.56,7.68,MEDIUM
2026-05-02 01:00:00,1,2,5,5,1,19.8,50.6,4,3,4.87,6.56,LOW
2026-05-02 02:00:00,2,2,5,5,1,23.3,60.9,3,3,3.86,4.87,LOW
2026-05-02 03:00:00,3,2,5,5,1,19.7,55.6,3,3,3.86,3.86,LOW
2026-05-02 04:00:00,4,2,5,5,1,20.9,63.7,3,2,3.43,3.86,LOW
2026-05-02 05:00:00,5,2,5,5,1,17.5,53.0,2,2,3.64,3.43,LOW
2026-05-02 06:00:00,6,2,5,5,1,18.4,57.4,4,2,4.8,3.64,LOW
2026-05-02 07:00:00,7,2,5,5,1,23.5,50.6,5,3,7.19,4.8,MEDIUM
2026-05-02 08:00:00,8,2,5,5,1,21.4,62.0,5,2,8.79,7.19,MEDIUM
2026-05-02 09:00:00,9,2,5,5,1,31.3,59.4,5,9,16.78,8.79,HIGH
2026-05-02 10:00:00,10,2,5,5,1,22.1,61.2,4,3,12.37,16.78,HIGH
2026-05-02 11:00:00,11,2,5,5,1,26.5,50.9,5,3,12.21,12.37,HIGH
2026-05-02 12:00:00,12,2,5,5,1,29.6,51.7,6,4,14.31,12.21,HIGH
2026-05-02 13:00:00,13,2,5,5,1,29.4,57.6,7,3,14.97,14.31,HIGH
2026-05-02 14:00:00,14,2,5,5,1,28.1,46.6,5,1,12.4,14.97,HIGH
2026-05-02 15:00:00,15,2,5,5,1,28.6,55.1,5,5,14.47,12.4,HIGH
2026-05-02 16:00:00,16,2,5,5,1,28.4,65.7,4,3,13.17,14.47,HIGH
2026-05-02 17:00:00,17,2,5,5,1,29.6,55.1,5,3,15.15,13.17,HIGH
2026-05-02 18:00:00,18,2,5,5,1,34.4,45.3,4,4,18.12,15.15,HIGH
2026-05-02 19:00:00,19,2,5,5,1,28.7,52.9,5,4,18.38,18.12,HIGH
2026-05-02 20:00:00,20,2,5,5,1,30.3,52.1,6,8,25.16,18.38,HIGH
2026-05-02 21:00:00,21,2,5,5,1,27.3,69.9,4,3,20.07,25.16,HIGH
2026-05-02 22:00:00,22,2,5,5,1,27.5,67.0,5,5,15.0,20.07,HIGH
2026-05-02 23:00:00,23,2,5,5,1,16.5,65.8,2,3,10.88,15.0,MEDIUM
2026-05-03 00:00:00,0,3,5,6,1,21.7,57.3,3,2,7.8,10.88,MEDIUM
2026-05-03 01:00:00,1,3,5,6,1,24.9,65.2,4,3,5.91,7.8,LOW
2026-05-03 02:00:00,2,3,5,6,1,19.7,53.3,2,4,4.98,5.91,LOW
2026-05-03 03:00:00,3,3,5,6,1,25.4,64.3,3,5,4.76,4.98,LOW
2026-05-03 04:00:00,4,3,5,6,1,24.9,63.6,3,2,3.57,4.76,LOW
2026-05-03 05:00:00,5,3,5,6,1,20.5,58.9,5,3,3.92,3.57,LOW
2026-05-03 06:00:00,6,3,5,6,1,21.2,66.4,2,2,4.52,3.92,LOW
2026-05-03 07:00:00,7,3,5,6,1,21.0,56.9,4,4,7.11,4.52,MEDIUM
2026-05-03 08:00:00,8,3,5,6,1,23.1,51.2,5,3,10.1,7.11,MEDIUM
2026-05-03 09:00:00,9,3,5,6,1,22.9,64.7,6,7,15.67,10.1,HIGH
2026-05-03 10:00:00,10,3,5,6,1,28.4,56.1,5,2,13.79,15.67,HIGH
2026-05-03 11:00:00,11,3,5,6,1,24.9,61.7,4,7,16.05,13.79,HIGH
2026-05-03 12:00:00,12,3,5,6,1,31.0,66.5,4,5,16.36,16.05,HIGH
2026-05-03 13:00:00,13,3,5,6,1,31.9,50.9,5,3,15.06,16.36,HIGH
2026-05-03 14:00:00,14,3,5,6,1,26.7,56.5,4,6,15.54,15.06,HIGH
2026-05-03 15:00:00,15,3,5,6,1,34.9,63.5,6,2,14.59,15.54,HIGH
2026-05-03 16:00:00,16,3,5,6,1,32.1,59.2,5,5,16.74,14.59,HIGH
2026-05-03 17:00:00,17,3,5,6,1,32.2,50.9,4,5,19.38,16.74,HIGH
2026-05-03 18:00:00,18,3,5,6,1,27.6,51.2,8,3,20.66,19.38,HIGH
2026-05-03 19:00:00,19,3,5,6,1,30.1,52.8,5,4,19.33,20.66,HIGH
2026-05-03 20:00:00,20,3,5,6,1,30.1,51.5,4,5,19.8,19.33,HIGH
2026-05-03 21:00:00,21,3,5,6,1,25.8,59.1,4,6,20.75,19.8,HIGH
2026-05-03 22:00:00,22,3,5,6,1,29.7,56.6,5,4,15.55,20.75,HIGH
2026-05-03 23:00:00,23,3,5,6,1,23.6,60.2,3,3,10.49,15.55,MEDIUM
2026-05-04 00:00:00,0,4,5,0,0,25.3,52.8,2,3,7.65,10.49,MEDIUM
2026-05-04 01:00:00,1,4,5,0,0,22.4,58.6,2,1,5.02,7.65,LOW
2026-05-04 02:00:00,2,4,5,0,0,22.6,46.6,3,0,2.97,5.02,LOW
2026-05-04 03:00:00,3,4,5,0,0,16.8,62.2,4,3,3.38,2.97,LOW
2026-05-04 04:00:00,4,4,5,0,0,22.1,66.2,4,4,3.75,3.38,LOW
2026-05-04 05:00:00,5,4,5,0,0,19.8,51.5,6,0,3.22,3.75,LOW
2026-05-04 06:00:00,6,4,5,0,0,20.3,62.8,2,2,4.12,3.22,LOW
2026-05-04 07:00:00,7,4,5,0,0,27.9,53.2,5,0,5.52,4.12,LOW
2026-05-04 08:00:00,8,4,5,0,0,24.2,63.1,6,3,9.18,5.52,MEDIUM
2026-05-04 09:00:00,9,4,5,0,0,23.5,59.6,3,1,7.07,9.18,MEDIUM
2026-05-04 10:00:00,10,4,5,0,0,26.4,59.9,1,0,4.91,7.07,LOW
2026-05-04 11:00:00,11,4,5,0,0,25.2,58.3,3,1,4.74,4.91,LOW
2026-05-04 12:00:00,12,4,5,0,0,33.1,62.7,1,3,6.85,4.74,MEDIUM
2026-05-04 13:00:00,13,4,5,0,0,28.6,58.6,1,2,6.06,6.85,LOW
2026-05-04 14:00:00,14,4,5,0,0,32.2,50.9,4,2,8.04,6.06,MEDIUM
2026-05-04 15:00:00,15,4,5,0,0,34.4,54.8,2,4,10.24,8.04,MEDIUM
2026-05-04 16:00:00,16,4,5,0,0,29.6,53.9,3,2,9.61,10.24,MEDIUM
2026-05-04 17:00:00,17,4,5,0,0,31.7,56.3,1,2,8.72,9.61,MEDIUM
2026-05-04 18:00:00,18,4,5,0,0,27.0,54.7,6,6,15.61,8.72,HIGH
2026-05-04 19:00:00,19,4,5,0,0,34.6,50.1,4,8,20.66,15.61,HIGH
2026-05-04 20:00:00,20,4,5,0,0,29.6,57.4,4,5,19.28,20.66,HIGH
2026-05-04 21:00:00,21,4,5,0,0,25.5,58.1,5,4,17.7,19.28,HIGH
2026-05-04 22:00:00,22,4,5,0,0,22.8,65.3,7,1,12.52,17.7,HIGH
2026-05-04 23:00:00,23,4,5,0,0,23.2,56.2,2,1,7.73,12.52,MEDIUM
2026-05-05 00:00:00,0,5,5,1,0,21.6,47.5,3,2,6.54,7.73,MEDIUM
2026-05-05 01:00:00,1,5,5,1,0,26.6,55.2,4,1,4.07,6.54,LOW
2026-05-05 02:00:00,2,5,5,1,0,18.1,51.0,2,2,2.78,4.07,LOW
2026-05-05 03:00:00,3,5,5,1,0,21.3,62.0,4,1,2.59,2.78,LOW
2026-05-05 04:00:00,4,5,5,1,0,21.1,49.5,3,0,2.86,2.59,LOW
2026-05-05 05:00:00,5,5,5,1,0,21.4,53.5,2,2,2.5,2.86,LOW
2026-05-05 06:00:00,6,5,5,1,0,22.2,56.9,4,2,4.71,2.5,LOW
2026-05-05 07:00:00,7,5,5,1,0,23.2,68.0,4,2,5.09,4.71,LOW
2026-05-05 08:00:00,8,5,5,1,0,26.9,50.8,5,1,6.74,5.09,MEDIUM
2026-05-05 09:00:00,9,5,5,1,0,27.5,57.1,2,2,6.65,6.74,MEDIUM
2026-05-05 10:00:00,10,5,5,1,0,28.3,60.2,2,3,7.36,6.65,MEDIUM
2026-05-05 11:00:00,11,5,5,1,0,20.9,68.5,2,2,6.68,7.36,MEDIUM
2026-05-05 12:00:00,12,5,5,1,0,30.3,60.5,2,0,5.05,6.68,LOW
2026-05-05 13:00:00,13,5,5,1,0,26.2,64.1,2,1,4.27,5.05,LOW
2026-05-05 14:00:00,14,5,5,1,0,32.4,60.2,1,1,4.87,4.27,LOW
2026-05-05 15:00:00,15,5,5,1,0,34.7,46.9,2,2,7.14,4.87,MEDIUM
2026-05-05 16:00:00,16,5,5,1,0,28.5,58.8,2,0,5.16,7.14,LOW
2026-05-05 17:00:00,17,5,5,1,0,29.7,61.2,3,4,11.13,5.16,HIGH
2026-05-05 18:00:00,18,5,5,1,0,28.0,51.1,4,4,13.4,11.13,HIGH
2026-05-05 19:00:00,19,5,5,1,0,31.6,51.9,5,4,15.94,13.4,HIGH
2026-05-05 20:00:00,20,5,5,1,0,27.5,52.2,5,6,17.92,15.94,HIGH
2026-05-05 21:00:00,21,5,5,1,0,30.3,60.5,4,5,18.18,17.92,HIGH
2026-05-05 22:00:00,22,5,5,1,0,25.7,57.3,5,1,11.66,18.18,HIGH
2026-05-05 23:00:00,23,5,5,1,0,24.1,56.4,3,3,8.57,11.66,MEDIUM
2026-05-06 00:00:00,0,6,5,2,0,22.6,51.3,2,0,5.06,8.57,LOW
2026-05-06 01:00:00,1,6,5,2,0,23.7,58.1,2,0,2.94,5.06,LOW
2026-05-06 02:00:00,2,6,5,2,0,16.8,57.9,2,1,1.96,2.94,LOW
2026-05-06 03:00:00,3,6,5,2,0,21.2,61.0,4,2,3.01,1.96,LOW
2026-05-06 04:00:00,4,6,5,2,0,21.0,52.7,5,1,2.79,3.01,LOW
2026-05-06 05:00:00,5,6,5,2,0,23.5,59.7,4,1,3.18,2.79,LOW
2026-05-06 06:00:00,6,6,5,2,0,22.0,56.6,4,2,4.09,3.18,LOW
2026-05-06 07:00:00,7,6,5,2,0,20.9,52.1,5,4,6.81,4.09,MEDIUM
2026-05-06 08:00:00,8,6,5,2,0,24.7,50.2,6,2,8.6,6.81,MEDIUM
2026-05-06 09:00:00,9,6,5,2,0,23.3,51.6,2,1,6.19,8.6,LOW
2026-05-06 10:00:00,10,6,5,2,0,22.5,57.8,1,3,5.87,6.19,LOW
2026-05-06 11:00:00,11,6,5,2,0,30.3,56.6,3,2,7.51,5.87,MEDIUM
2026-05-06 12:00:00,12,6,5,2,0,31.0,57.2,3,1,7.53,7.51,MEDIUM
2026-05-06 13:00:00,13,6,5,2,0,31.5,57.2,1,0,6.12,7.53,LOW
2026-05-06 14:00:00,14,6,5,2,0,34.1,49.8,2,1,6.87,6.12,MEDIUM
2026-05-06 15:00:00,15,6,5,2,0,29.3,62.6,1,2,6.28,6.87,MEDIUM
2026-05-06 16:00:00,16,6,5,2,0,27.3,54.4,1,1,4.91,6.28,LOW
2026-05-06 17:00:00,17,6,5,2,0,30.2,58.6,2,5,10.7,4.91,MEDIUM
2026-05-06 18:00:00,18,6,5,2,0,28.7,55.5,6,3,14.34,10.7,HIGH
2026-05-06 19:00:00,19,6,5,2,0,26.4,59.7,5,0,11.29,14.34,HIGH
2026-05-06 20:00:00,20,6,5,2,0,27.1,55.9,6,4,15.15,11.29,HIGH
2026-05-06 21:00:00,21,6,5,2,0,24.5,60.6,5,2,13.29,15.15,HIGH
2026-05-06 22:00:00,22,6,5,2,0,20.1,59.9,4,5,10.13,13.29,MEDIUM
2026-05-06 23:00:00,23,6,5,2,0,22.4,63.9,2,2,6.96,10.13,MEDIUM
2026-05-07 00:00:00,0,7,5,3,0,19.6,55.2,3,3,6.3,6.96,MEDIUM
2026-05-07 01:00:00,1,7,5,3,0,22.2,48.5,4,4,5.49,6.3,LOW
2026-05-07 02:00:00,2,7,5,3,0,19.5,54.4,3,4,5.06,5.49,LOW
2026-05-07 03:00:00,3,7,5,3,0,23.8,64.9,4,1,4.23,5.06,LOW
2026-05-07 04:00:00,4,7,5,3,0,25.2,57.0,3,0,2.71,4.23,LOW
2026-05-07 05:00:00,5,7,5,3,0,23.4,59.2,5,3,3.2,2.71,LOW
2026-05-07 06:00:00,6,7,5,3,0,18.6,54.2,3,2,3.99,3.2,LOW
2026-05-07 07:00:00,7,7,5,3,0,27.3,57.5,5,2,5.63,3.99,LOW
2026-05-07 08:00:00,8,7,5,3,0,28.6,50.4,5,3,8.89,5.63,MEDIUM
2026-05-07 09:00:00,9,7,5,3,0,26.0,52.3,2,4,8.64,8.89,MEDIUM
2026-05-07 10:00:00,10,7,5,3,0,30.6,53.3,1,5,9.8,8.64,MEDIUM
2026-05-07 11:00:00,11,7,5,3,0,27.1,59.8,3,1,7.05,9.8,MEDIUM
2026-05-07 12:00:00,12,7,5,3,0,24.9,61.4,1,1,5.78,7.05,LOW
2026-05-07 13:00:00,13,7,5,3,0,28.4,60.1,1,1,4.93,5.78,LOW
2026-05-07 14:00:00,14,7,5,3,0,35.2,44.4,1,1,5.55,4.93,LOW
2026-05-07 15:00:00,15,7,5,3,0,27.3,57.0,1,4,7.28,5.55,MEDIUM
2026-05-07 16:00:00,16,7,5,3,0,30.8,54.5,4,2,8.86,7.28,MEDIUM
2026-05-07 17:00:00,17,7,5,3,0,30.4,46.6,1,5,10.95,8.86,MEDIUM
2026-05-07 18:00:00,18,7,5,3,0,28.3,56.8,5,9,19.04,10.95,HIGH
2026-05-07 19:00:00,19,7,5,3,0,27.4,55.5,7,1,16.5,19.04,HIGH
2026-05-07 20:00:00,20,7,5,3,0,27.5,60.1,4,2,13.97,16.5,HIGH
2026-05-07 21:00:00,21,7,5,3,0,24.6,58.6,4,3,12.54,13.97,HIGH
2026-05-07 22:00:00,22,7,5,3,0,21.2,56.2,4,0,7.99,12.54,MEDIUM
2026-05-07 23:00:00,23,7,5,3,0,24.0,64.0,4,1,6.37,7.99,MEDIUM
2026-05-08 00:00:00,0,8,5,4,0,25.1,44.6,2,2,4.96,6.37,LOW
2026-05-08 01:00:00,1,8,5,4,0,23.8,58.1,2,1,3.11,4.96,LOW
2026-05-08 02:00:00,2,8,5,4,0,19.1,49.8,3,2,2.21,3.11,LOW
2026-05-08 03:00:00,3,8,5,4,0,17.9,55.4,4,1,2.6,2.21,LOW
2026-05-08 04:00:00,4,8,5,4,0,20.5,62.9,4,3,3.63,2.6,LOW
2026-05-08 05:00:00,5,8,5,4,0,25.6,50.1,2,3,3.1,3.63,LOW
2026-05-08 06:00:00,6,8,5,4,0,24.1,49.8,2,0,2.5,3.1,LOW
2026-05-08 07:00:00,7,8,5,4,0,25.3,72.2,4,2,4.58,2.5,LOW
2026-05-08 08:00:00,8,8,5,4,0,26.9,49.1,5,3,8.01,4.58,MEDIUM
2026-05-08 09:00:00,9,8,5,4,0,27.1,67.1,1,4,7.47,8.01,MEDIUM
2026-05-08 10:00:00,10,8,5,4,0,27.6,55.9,3,1,7.17,7.47,MEDIUM
2026-05-08 11:00:00,11,8,5,4,0,30.2,52.8,3,4,9.84,7.17,MEDIUM
2026-05-08 12:00:00,12,8,5,4,0,28.2,60.1,2,1,7.62,9.84,MEDIUM
2026-05-08 13:00:00,13,8,5,4,0,26.8,65.3,4,0,7.01,7.62,MEDIUM
2026-05-08 14:00:00,14,8,5,4,0,32.6,48.1,2,4,9.11,7.01,MEDIUM
2026-05-08 15:00:00,15,8,5,4,0,34.1,51.3,1,2,8.35,9.11,MEDIUM
2026-05-08 16:00:00,16,8,5,4,0,28.0,61.9,3,2,7.79,8.35,MEDIUM
2026-05-08 17:00:00,17,8,5,4,0,32.4,56.8,2,3,9.98,7.79,MEDIUM
2026-05-08 18:00:00,18,8,5,4,0,33.7,61.1,6,8,19.21,9.98,HIGH
2026-05-08 19:00:00,19,8,5,4,0,28.5,59.7,5,4,18.01,19.21,HIGH
2026-05-08 20:00:00,20,8,5,4,0,25.2,68.8,6,6,19.58,18.01,HIGH
2026-05-08 21:00:00,21,8,5,4,0,26.3,58.6,5,8,22.1,19.58,HIGH
2026-05-08 22:00:00,22,8,5,4,0,23.3,60.0,4,6,14.72,22.1,HIGH
2026-05-08 23:00:00,23,8,5,4,0,22.0,61.1,2,2,8.96,14.72,MEDIUM
2026-05-09 00:00:00,0,9,5,5,1,23.5,57.7,2,0,5.9,8.96,LOW
2026-05-09 01:00:00,1,9,5,5,1,17.7,66.0,3,1,3.99,5.9,LOW
2026-05-09 02:00:00,2,9,5,5,1,17.6,62.4,3,5,4.8,3.99,LOW
2026-05-09 03:00:00,3,9,5,5,1,21.0,64.3,3,3,4.94,4.8,LOW
2026-05-09 04:00:00,4,9,5,5,1,21.1,65.2,4,3,4.92,4.94,LOW
2026-05-09 05:00:00,5,9,5,5,1,22.5,61.6,2,1,2.73,4.92,LOW
2026-05-09 06:00:00,6,9,5,5,1,27.2,60.1,3,0,3.28,2.73,LOW
2026-05-09 07:00:00,7,9,5,5,1,23.8,52.4,5,4,6.95,3.28,MEDIUM
2026-05-09 08:00:00,8,9,5,5,1,26.2,54.2,4,3,9.26,6.95,MEDIUM
2026-05-09 09:00:00,9,9,5,5,1,23.6,63.6,6,2,10.79,9.26,MEDIUM
2026-05-09 10:00:00,10,9,5,5,1,29.2,64.9,4,4,12.45,10.79,HIGH
2026-05-09 11:00:00,11,9,5,5,1,27.2,45.5,4,7,15.53,12.45,HIGH
2026-05-09 12:00:00,12,9,5,5,1,29.7,52.7,6,5,17.28,15.53,HIGH
2026-05-09 13:00:00,13,9,5,5,1,30.1,56.1,6,2,14.55,17.28,HIGH
2026-05-09 14:00:00,14,9,5,5,1,33.4,49.4,6,2,14.59,14.55,HIGH
2026-05-09 15:00:00,15,9,5,5,1,27.7,52.0,4,1,10.96,14.59,MEDIUM
2026-05-09 16:00:00,16,9,5,5,1,25.1,60.8,4,2,10.25,10.96,MEDIUM
2026-05-09 17:00:00,17,9,5,5,1,29.8,65.6,6,4,16.3,10.25,HIGH
2026-05-09 18:00:00,18,9,5,5,1,30.7,43.5,5,3,17.49,16.3,HIGH
2026-05-09 19:00:00,19,9,5,5,1,28.9,55.4,5,4,18.41,17.49,HIGH
2026-05-09 20:00:00,20,9,5,5,1,30.4,58.6,5,3,17.49,18.41,HIGH
2026-05-09 21:00:00,21,9,5,5,1,27.1,61.8,4,11,25.72,17.49,HIGH
2026-05-09 22:00:00,22,9,5,5,1,23.3,60.6,6,5,17.61,25.72,HIGH
2026-05-09 23:00:00,23,9,5,5,1,17.7,71.5,4,2,12.11,17.61,HIGH
2026-05-10 00:00:00,0,10,5,6,1,21.9,59.4,3,5,10.69,12.11,MEDIUM
2026-05-10 01:00:00,1,10,5,6,1,24.2,66.2,3,4,7.39,10.69,MEDIUM
2026-05-10 02:00:00,2,10,5,6,1,20.2,56.0,3,3,5.19,7.39,LOW
2026-05-10 03:00:00,3,10,5,6,1,21.1,59.9,3,3,4.29,5.19,LOW
2026-05-10 04:00:00,4,10,5,6,1,22.2,51.8,2,3,2.81,4.29,LOW
2026-05-10 05:00:00,5,10,5,6,1,19.1,65.8,4,3,3.62,2.81,LOW
2026-05-10 06:00:00,6,10,5,6,1,24.0,57.7,5,5,7.24,3.62,MEDIUM
2026-05-10 07:00:00,7,10,5,6,1,27.6,59.1,5,6,10.51,7.24,MEDIUM
2026-05-10 08:00:00,8,10,5,6,1,24.3,56.4,5,4,11.72,10.51,HIGH
2026-05-10 09:00:00,9,10,5,6,1,23.2,62.2,5,2,11.0,11.72,MEDIUM
2026-05-10 10:00:00,10,10,5,6,1,27.1,59.5,4,3,11.33,11.0,HIGH
2026-05-10 11:00:00,11,10,5,6,1,22.9,52.9,4,2,9.49,11.33,MEDIUM
2026-05-10 12:00:00,12,10,5,6,1,30.4,50.2,7,4,14.53,9.49,HIGH
2026-05-10 13:00:00,13,10,5,6,1,31.5,55.2,5,4,15.14,14.53,HIGH
2026-05-10 14:00:00,14,10,5,6,1,35.0,58.0,6,8,20.09,15.14,HIGH
2026-05-10 15:00:00,15,10,5,6,1,30.5,67.0,5,3,17.03,20.09,HIGH
2026-05-10 16:00:00,16,10,5,6,1,31.9,57.1,6,5,17.78,17.03,HIGH
2026-05-10 17:00:00,17,10,5,6,1,28.2,62.8,4,5,18.83,17.78,HIGH
2026-05-10 18:00:00,18,10,5,6,1,28.6,46.9,6,4,20.53,18.83,HIGH
2026-05-10 19:00:00,19,10,5,6,1,24.7,70.2,4,4,18.36,20.53,HIGH
2026-05-10 20:00:00,20,10,5,6,1,26.8,60.9,5,6,21.08,18.36,HIGH
2026-05-10 21:00:00,21,10,5,6,1,25.2,57.6,5,3,18.12,21.08,HIGH
2026-05-10 22:00:00,22,10,5,6,1,25.5,56.8,7,4,14.43,18.12,HIGH
2026-05-10 23:00:00,23,10,5,6,1,21.9,52.6,6,5,12.87,14.43,HIGH
2026-05-11 00:00:00,0,11,5,0,0,22.7,54.0,3,2,7.63,12.87,MEDIUM
2026-05-11 01:00:00,1,11,5,0,0,20.8,71.1,4,2,5.32,7.63,LOW
2026-05-11 02:00:00,2,11,5,0,0,20.3,53.9,4,1,3.92,5.32,LOW
2026-05-11 03:00:00,3,11,5,0,0,21.2,53.5,2,4,3.03,3.92,LOW
2026-05-11 04:00:00,4,11,5,0,0,21.3,55.3,3,1,2.6,3.03,LOW
2026-05-11 05:00:00,5,11,5,0,0,23.6,51.4,4,4,2.35,2.6,LOW
2026-05-11 06:00:00,6,11,5,0,0,22.2,59.2,4,2,4.89,2.35,LOW
2026-05-11 07:00:00,7,11,5,0,0,22.6,65.5,5,3,6.08,4.89,LOW
2026-05-11 08:00:00,8,11,5,0,0,24.3,54.6,6,2,7.97,6.08,MEDIUM
2026-05-11 09:00:00,9,11,5,0,0,24.2,50.1,3,0,5.95,7.97,LOW
2026-05-11 10:00:00,10,11,5,0,0,26.4,59.2,4,3,8.22,5.95,MEDIUM
2026-05-11 11:00:00,11,11,5,0,0,33.6,54.2,2,0,6.17,8.22,LOW
2026-05-11 12:00:00,12,11,5,0,0,27.3,63.1,1,2,5.81,6.17,LOW
2026-05-11 13:00:00,13,11,5,0,0,29.6,53.4,2,1,5.93,5.81,LOW
2026-05-11 14:00:00,14,11,5,0,0,29.9,54.5,1,0,4.23,5.93,LOW
2026-05-11 15:00:00,15,11,5,0,0,30.4,54.9,2,3,7.05,4.23,MEDIUM
2026-05-11 16:00:00,16,11,5,0,0,30.0,56.5,3,1,6.53,7.05,MEDIUM
2026-05-11 17:00:00,17,11,5,0,0,31.0,53.2,1,2,7.86,6.53,MEDIUM
2026-05-11 18:00:00,18,11,5,0,0,25.3,54.6,7,6,15.16,7.86,HIGH
2026-05-11 19:00:00,19,11,5,0,0,31.1,44.5,6,3,16.17,15.16,HIGH
2026-05-11 20:00:00,20,11,5,0,0,28.9,53.0,5,4,16.04,16.17,HIGH
2026-05-11 21:00:00,21,11,5,0,0,22.9,63.1,4,6,17.13,16.04,HIGH
2026-05-11 22:00:00,22,11,5,0,0,19.0,65.5,6,7,14.94,17.13,HIGH
2026-05-11 23:00:00,23,11,5,0,0,21.1,56.7,4,2,10.4,14.94,MEDIUM
2026-05-12 00:00:00,0,12,5,1,0,21.9,67.0,4,3,8.21,10.4,MEDIUM
2026-05-12 01:00:00,1,12,5,1,0,28.1,56.6,2,2,4.85,8.21,LOW
2026-05-12 02:00:00,2,12,5,1,0,22.5,51.0,3,1,3.64,4.85,LOW
2026-05-12 03:00:00,3,12,5,1,0,16.5,51.5,4,3,3.68,3.64,LOW
2026-05-12 04:00:00,4,12,5,1,0,19.4,67.5,3,2,2.85,3.68,LOW
2026-05-12 05:00:00,5,12,5,1,0,21.5,57.2,2,4,2.84,2.85,LOW
2026-05-12 06:00:00,6,12,5,1,0,23.1,51.5,2,3,4.11,2.84,LOW
2026-05-12 07:00:00,7,12,5,1,0,20.2,46.4,5,3,6.35,4.11,MEDIUM
2026-05-12 08:00:00,8,12,5,1,0,24.4,55.9,4,4,8.34,6.35,MEDIUM
2026-05-12 09:00:00,9,12,5,1,0,24.2,60.7,1,2,6.75,8.34,MEDIUM
2026-05-12 10:00:00,10,12,5,1,0,24.5,54.0,1,5,7.92,6.75,MEDIUM
2026-05-12 11:00:00,11,12,5,1,0,29.1,50.0,2,1,7.08,7.92,MEDIUM
2026-05-12 12:00:00,12,12,5,1,0,31.5,52.1,1,3,7.58,7.08,MEDIUM
2026-05-12 13:00:00,13,12,5,1,0,32.4,62.5,1,1,6.74,7.58,MEDIUM
2026-05-12 14:00:00,14,12,5,1,0,32.3,46.7,1,3,7.34,6.74,MEDIUM
2026-05-12 15:00:00,15,12,5,1,0,29.8,52.2,1,3,7.65,7.34,MEDIUM
2026-05-12 16:00:00,16,12,5,1,0,32.6,62.2,2,1,7.31,7.65,MEDIUM
2026-05-12 17:00:00,17,12,5,1,0,31.1,58.5,2,2,8.12,7.31,MEDIUM
2026-05-12 18:00:00,18,12,5,1,0,29.9,57.1,4,4,13.01,8.12,HIGH
2026-05-12 19:00:00,19,12,5,1,0,27.0,53.3,5,3,13.26,13.01,HIGH
2026-05-12 20:00:00,20,12,5,1,0,26.1,57.7,4,3,13.32,13.26,HIGH
2026-05-12 21:00:00,21,12,5,1,0,26.2,54.3,4,4,13.85,13.32,HIGH
2026-05-12 22:00:00,22,12,5,1,0,30.8,50.5,4,4,11.52,13.85,HIGH
2026-05-12 23:00:00,23,12,5,1,0,24.3,51.8,3,1,7.46,11.52,MEDIUM
2026-05-13 00:00:00,0,13,5,2,0,20.9,64.3,2,2,5.48,7.46,LOW
2026-05-13 01:00:00,1,13,5,2,0,19.6,59.8,3,2,3.56,5.48,LOW
2026-05-13 02:00:00,2,13,5,2,0,19.9,61.9,2,0,2.09,3.56,LOW
2026-05-13 03:00:00,3,13,5,2,0,26.4,58.4,2,5,3.01,2.09,LOW
2026-05-13 04:00:00,4,13,5,2,0,20.2,62.6,2,2,2.67,3.01,LOW
2026-05-13 05:00:00,5,13,5,2,0,23.9,56.9,2,1,2.11,2.67,LOW
2026-05-13 06:00:00,6,13,5,2,0,21.5,56.5,4,2,3.75,2.11,LOW
2026-05-13 07:00:00,7,13,5,2,0,24.2,53.4,5,4,5.93,3.75,LOW
2026-05-13 08:00:00,8,13,5,2,0,26.7,48.8,6,1,7.52,5.93,MEDIUM
2026-05-13 09:00:00,9,13,5,2,0,24.6,51.4,1,4,7.53,7.52,MEDIUM
2026-05-13 10:00:00,10,13,5,2,0,25.7,55.5,1,5,8.25,7.53,MEDIUM
2026-05-13 11:00:00,11,13,5,2,0,32.6,45.3,2,3,9.06,8.25,MEDIUM
2026-05-13 12:00:00,12,13,5,2,0,32.0,46.9,3,1,8.12,9.06,MEDIUM
2026-05-13 13:00:00,13,13,5,2,0,32.3,61.3,1,1,7.02,8.12,MEDIUM
2026-05-13 14:00:00,14,13,5,2,0,32.8,56.2,1,1,6.39,7.02,MEDIUM
2026-05-13 15:00:00,15,13,5,2,0,32.1,52.4,2,2,7.43,6.39,MEDIUM
2026-05-13 16:00:00,16,13,5,2,0,35.9,67.3,2,1,7.34,7.43,MEDIUM
2026-05-13 17:00:00,17,13,5,2,0,30.4,46.0,2,5,12.17,7.34,HIGH
2026-05-13 18:00:00,18,13,5,2,0,31.0,61.5,7,3,15.8,12.17,HIGH
2026-05-13 19:00:00,19,13,5,2,0,24.9,57.4,4,3,14.3,15.8,HIGH
2026-05-13 20:00:00,20,13,5,2,0,25.2,62.6,5,6,17.37,14.3,HIGH
2026-05-13 21:00:00,21,13,5,2,0,23.0,59.5,5,4,16.07,17.37,HIGH
2026-05-13 22:00:00,22,13,5,2,0,27.9,45.6,5,2,10.97,16.07,MEDIUM
2026-05-13 23:00:00,23,13,5,2,0,17.1,61.7,3,3,8.32,10.97,MEDIUM
2026-05-14 00:00:00,0,14,5,3,0,21.5,61.4,2,0,4.74,8.32,LOW
2026-05-14 01:00:00,1,14,5,3,0,14.2,49.2,7,1,4.1,4.74,LOW
2026-05-14 02:00:00,2,14,5,3,0,19.1,72.0,3,1,2.61,4.1,LOW
2026-05-14 03:00:00,3,14,5,3,0,19.8,61.9,2,3,3.33,2.61,LOW
2026-05-14 04:00:00,4,14,5,3,0,24.6,62.2,4,0,2.08,3.33,LOW
2026-05-14 05:00:00,5,14,5,3,0,22.7,51.9,4,3,2.19,2.08,LOW
2026-05-14 06:00:00,6,14,5,3,0,20.4,64.0,5,2,4.62,2.19,LOW
2026-05-14 07:00:00,7,14,5,3,0,26.2,64.1,4,1,4.59,4.62,LOW
2026-05-14 08:00:00,8,14,5,3,0,24.8,59.6,5,1,6.09,4.59,LOW
2026-05-14 09:00:00,9,14,5,3,0,26.1,57.5,2,3,6.45,6.09,MEDIUM
2026-05-14 10:00:00,10,14,5,3,0,24.3,52.9,2,0,4.59,6.45,LOW
2026-05-14 11:00:00,11,14,5,3,0,26.0,56.3,2,2,5.55,4.59,LOW
2026-05-14 12:00:00,12,14,5,3,0,27.5,53.9,1,2,5.88,5.55,LOW
2026-05-14 13:00:00,13,14,5,3,0,30.4,59.3,1,1,5.56,5.88,LOW
2026-05-14 14:00:00,14,14,5,3,0,31.0,50.5,1,0,4.43,5.56,LOW
2026-05-14 15:00:00,15,14,5,3,0,34.9,57.4,3,5,9.15,4.43,MEDIUM
2026-05-14 16:00:00,16,14,5,3,0,31.8,50.2,3,1,7.93,9.15,MEDIUM
2026-05-14 17:00:00,17,14,5,3,0,23.6,57.0,3,5,11.13,7.93,HIGH
2026-05-14 18:00:00,18,14,5,3,0,30.2,59.6,5,5,15.25,11.13,HIGH
2026-05-14 19:00:00,19,14,5,3,0,24.9,53.8,6,9,21.71,15.25,HIGH
2026-05-14 20:00:00,20,14,5,3,0,24.9,61.9,4,3,16.99,21.71,HIGH
2026-05-14 21:00:00,21,14,5,3,0,24.0,61.7,4,2,12.98,16.99,HIGH
2026-05-14 22:00:00,22,14,5,3,0,23.0,57.2,5,5,11.35,12.98,HIGH
2026-05-14 23:00:00,23,14,5,3,0,20.1,66.9,2,0,6.32,11.35,MEDIUM
2026-05-15 00:00:00,0,15,5,4,0,23.0,59.3,2,2,4.89,6.32,LOW
2026-05-15 01:00:00,1,15,5,4,0,18.1,67.4,2,1,3.13,4.89,LOW
2026-05-15 02:00:00,2,15,5,4,0,22.1,69.9,3,1,1.85,3.13,LOW
2026-05-15 03:00:00,3,15,5,4,0,26.6,55.9,2,3,1.92,1.85,LOW
2026-05-15 04:00:00,4,15,5,4,0,17.8,64.7,3,3,2.73,1.92,LOW
2026-05-15 05:00:00,5,15,5,4,0,21.0,55.8,3,2,2.96,2.73,LOW
2026-05-15 06:00:00,6,15,5,4,0,16.2,55.3,2,0,2.95,2.96,LOW
2026-05-15 07:00:00,7,15,5,4,0,22.7,57.7,7,3,5.87,2.95,LOW
2026-05-15 08:00:00,8,15,5,4,0,26.3,49.3,4,0,5.96,5.87,LOW
2026-05-15 09:00:00,9,15,5,4,0,27.8,51.3,1,2,6.01,5.96,LOW
2026-05-15 10:00:00,10,15,5,4,0,27.5,60.5,1,2,5.92,6.01,LOW
2026-05-15 11:00:00,11,15,5,4,0,30.7,52.6,1,2,6.17,5.92,LOW
2026-05-15 12:00:00,12,15,5,4,0,35.9,57.9,1,2,6.97,6.17,MEDIUM
2026-05-15 13:00:00,13,15,5,4,0,34.6,56.0,1,0,5.99,6.97,LOW
2026-05-15 14:00:00,14,15,5,4,0,29.5,67.3,3,3,8.31,5.99,MEDIUM
2026-05-15 15:00:00,15,15,5,4,0,27.4,60.2,3,1,7.06,8.31,MEDIUM
2026-05-15 16:00:00,16,15,5,4,0,29.8,62.8,1,2,6.74,7.06,MEDIUM
2026-05-15 17:00:00,17,15,5,4,0,28.0,59.2,1,1,6.26,6.74,MEDIUM
2026-05-15 18:00:00,18,15,5,4,0,30.7,57.6,5,3,11.45,6.26,HIGH
2026-05-15 19:00:00,19,15,5,4,0,25.5,64.8,4,3,11.76,11.45,HIGH
2026-05-15 20:00:00,20,15,5,4,0,27.1,61.2,5,9,19.42,11.76,HIGH
2026-05-15 21:00:00,21,15,5,4,0,28.1,58.0,4,6,19.52,19.42,HIGH
2026-05-15 22:00:00,22,15,5,4,0,24.5,59.4,5,1,11.46,19.52,HIGH
2026-05-15 23:00:00,23,15,5,4,0,21.1,62.8,3,1,7.65,11.46,MEDIUM
